2026-02-03 23:41:47.990 CET | INFO     | Line   28 (run_experiment_gl.py): ##################### Loading config parameters
2026-02-03 23:41:47.992 CET | INFO     | Line   20 (logging_utils.py): Config parameters:
2026-02-03 23:41:47.993 CET | INFO     | Line   21 (logging_utils.py): 
2026-02-03 23:41:47.994 CET | INFO     | Line   27 (logging_utils.py): hidden_dim: 32
2026-02-03 23:41:47.995 CET | INFO     | Line   27 (logging_utils.py): num_layers: 2
2026-02-03 23:41:47.997 CET | INFO     | Line   27 (logging_utils.py): device: cpu
2026-02-03 23:41:47.999 CET | INFO     | Line   27 (logging_utils.py): lr: 0.001
2026-02-03 23:41:48.001 CET | INFO     | Line   27 (logging_utils.py): epochs: 50
2026-02-03 23:41:48.002 CET | INFO     | Line   27 (logging_utils.py): batch_size: 32
2026-02-03 23:41:48.003 CET | INFO     | Line   27 (logging_utils.py): dataset: MUTAG
2026-02-03 23:41:48.004 CET | INFO     | Line   27 (logging_utils.py): is_logical: True
2026-02-03 23:41:48.005 CET | INFO     | Line   27 (logging_utils.py): constrains_filepath: constrains/data/MUTAG_auto_generated_2_101_102.json
2026-02-03 23:41:48.005 CET | INFO     | Line   25 (logging_utils.py): constrains_handler: GLRuleBasedHandler
2026-02-03 23:41:48.006 CET | INFO     | Line   27 (logging_utils.py): l_factor: 0.001
2026-02-03 23:41:48.007 CET | INFO     | Line   27 (logging_utils.py): save_logs: True
2026-02-03 23:41:48.008 CET | INFO     | Line   29 (logging_utils.py): 
2026-02-03 23:41:48.009 CET | INFO     | Line   30 (logging_utils.py): Training on model: GraphOCGINLossConstrains
2026-02-03 23:41:48.010 CET | INFO     | Line   31 (logging_utils.py): 
2026-02-03 23:41:48.011 CET | INFO     | Line   41 (run_experiment_gl.py): ##################### Loading data
2026-02-03 23:41:48.063 CET | INFO     | Line   45 (run_experiment_gl.py): ##################### creating model
2026-02-03 23:41:48.065 CET | INFO     | Line   48 (run_experiment_gl.py): creating model with number of node features: 7
2026-02-03 23:41:48.071 CET | INFO     | Line   51 (run_experiment_gl.py): ##################### staring training
2026-02-03 23:41:48.072 CET | INFO     | Line   53 (run_experiment_gl.py): setting up the logical constrains
2026-02-03 23:41:48.175 CET | DEBUG    | Line   90 (gl_ocgin.py): Epoch 000 | Loss 0.000740
2026-02-03 23:41:48.351 CET | DEBUG    | Line   90 (gl_ocgin.py): Epoch 010 | Loss 0.000243
2026-02-03 23:41:48.449 CET | DEBUG    | Line   90 (gl_ocgin.py): Epoch 020 | Loss 0.000114
2026-02-03 23:41:48.542 CET | DEBUG    | Line   90 (gl_ocgin.py): Epoch 030 | Loss 0.000071
2026-02-03 23:41:48.690 CET | DEBUG    | Line   90 (gl_ocgin.py): Epoch 040 | Loss 0.000059
2026-02-03 23:41:48.811 CET | INFO     | Line   65 (run_experiment_gl.py): ##################### computing scores
2026-02-03 23:41:48.840 CET | INFO     | Line   69 (run_experiment_gl.py): computed decision boundary on anomaly scores as 95% quantile:
2026-02-03 23:41:48.842 CET | INFO     | Line   72 (run_experiment_gl.py): tensor(0.0006)
2026-02-03 23:41:48.844 CET | INFO     | Line   75 (run_experiment_gl.py): Test anomaly scores:
2026-02-03 23:41:48.846 CET | INFO     | Line   76 (run_experiment_gl.py): tensor([4.5794e-05, 1.8955e-04, 3.6564e-04, 2.3759e-04, 6.3111e-04, 1.6161e-03,
        3.9699e-05, 4.7772e-05, 8.6428e-05, 1.8694e-04])
2026-02-03 23:41:48.848 CET | INFO     | Line   78 (run_experiment_gl.py): ##################### test rate: 
2026-02-03 23:41:48.865 CET | INFO     | Line   88 (run_experiment_gl.py): 0.7608695652173914
2026-02-03 23:41:48.866 CET | INFO     | Line   89 (run_experiment_gl.py): right classified: 105 out of 138
2026-02-03 23:41:48.877 CET | INFO     | Line   28 (run_experiment_gl.py): ##################### Loading config parameters
2026-02-03 23:41:48.878 CET | INFO     | Line   20 (logging_utils.py): Config parameters:
2026-02-03 23:41:48.879 CET | INFO     | Line   21 (logging_utils.py): 
2026-02-03 23:41:48.880 CET | INFO     | Line   27 (logging_utils.py): hidden_dim: 32
2026-02-03 23:41:48.882 CET | INFO     | Line   27 (logging_utils.py): num_layers: 2
2026-02-03 23:41:48.883 CET | INFO     | Line   27 (logging_utils.py): device: cpu
2026-02-03 23:41:48.884 CET | INFO     | Line   27 (logging_utils.py): lr: 0.001
2026-02-03 23:41:48.884 CET | INFO     | Line   27 (logging_utils.py): epochs: 50
2026-02-03 23:41:48.886 CET | INFO     | Line   27 (logging_utils.py): batch_size: 32
2026-02-03 23:41:48.888 CET | INFO     | Line   27 (logging_utils.py): dataset: MUTAG
2026-02-03 23:41:48.890 CET | INFO     | Line   27 (logging_utils.py): is_logical: True
2026-02-03 23:41:48.893 CET | INFO     | Line   27 (logging_utils.py): constrains_filepath: constrains/data/MUTAG_auto_generated_3_101_102.json
2026-02-03 23:41:48.895 CET | INFO     | Line   25 (logging_utils.py): constrains_handler: GLRuleBasedHandler
2026-02-03 23:41:48.897 CET | INFO     | Line   27 (logging_utils.py): l_factor: 0.1
2026-02-03 23:41:48.898 CET | INFO     | Line   27 (logging_utils.py): save_logs: True
2026-02-03 23:41:48.900 CET | INFO     | Line   29 (logging_utils.py): 
2026-02-03 23:41:48.902 CET | INFO     | Line   30 (logging_utils.py): Training on model: GraphOCGINLossConstrains
2026-02-03 23:41:48.903 CET | INFO     | Line   31 (logging_utils.py): 
2026-02-03 23:41:48.905 CET | INFO     | Line   41 (run_experiment_gl.py): ##################### Loading data
2026-02-03 23:41:48.958 CET | INFO     | Line   45 (run_experiment_gl.py): ##################### creating model
2026-02-03 23:41:48.960 CET | INFO     | Line   48 (run_experiment_gl.py): creating model with number of node features: 7
2026-02-03 23:41:48.965 CET | INFO     | Line   51 (run_experiment_gl.py): ##################### staring training
2026-02-03 23:41:48.967 CET | INFO     | Line   53 (run_experiment_gl.py): setting up the logical constrains
2026-02-03 23:41:49.050 CET | DEBUG    | Line   90 (gl_ocgin.py): Epoch 000 | Loss 0.004174
2026-02-03 23:41:49.147 CET | DEBUG    | Line   90 (gl_ocgin.py): Epoch 010 | Loss 0.003825
2026-02-03 23:41:49.256 CET | DEBUG    | Line   90 (gl_ocgin.py): Epoch 020 | Loss 0.003714
2026-02-03 23:41:49.352 CET | DEBUG    | Line   90 (gl_ocgin.py): Epoch 030 | Loss 0.003697
2026-02-03 23:41:49.474 CET | DEBUG    | Line   90 (gl_ocgin.py): Epoch 040 | Loss 0.003690
2026-02-03 23:41:49.595 CET | INFO     | Line   65 (run_experiment_gl.py): ##################### computing scores
2026-02-03 23:41:49.627 CET | INFO     | Line   69 (run_experiment_gl.py): computed decision boundary on anomaly scores as 95% quantile:
2026-02-03 23:41:49.629 CET | INFO     | Line   72 (run_experiment_gl.py): tensor(0.0002)
2026-02-03 23:41:49.632 CET | INFO     | Line   75 (run_experiment_gl.py): Test anomaly scores:
2026-02-03 23:41:49.634 CET | INFO     | Line   76 (run_experiment_gl.py): tensor([8.3344e-05, 8.7042e-05, 4.3587e-05, 9.5377e-05, 1.2633e-04, 1.1629e-04,
        1.3516e-04, 5.9885e-05, 6.4870e-05, 5.4916e-05])
2026-02-03 23:41:49.636 CET | INFO     | Line   78 (run_experiment_gl.py): ##################### test rate: 
2026-02-03 23:41:49.655 CET | INFO     | Line   88 (run_experiment_gl.py): 0.7608695652173914
2026-02-03 23:41:49.658 CET | INFO     | Line   89 (run_experiment_gl.py): right classified: 105 out of 138
2026-02-03 23:41:49.676 CET | INFO     | Line   28 (run_experiment_gl.py): ##################### Loading config parameters
2026-02-03 23:41:49.678 CET | INFO     | Line   20 (logging_utils.py): Config parameters:
2026-02-03 23:41:49.680 CET | INFO     | Line   21 (logging_utils.py): 
2026-02-03 23:41:49.682 CET | INFO     | Line   27 (logging_utils.py): hidden_dim: 32
2026-02-03 23:41:49.683 CET | INFO     | Line   27 (logging_utils.py): num_layers: 2
2026-02-03 23:41:49.684 CET | INFO     | Line   27 (logging_utils.py): device: cpu
2026-02-03 23:41:49.686 CET | INFO     | Line   27 (logging_utils.py): lr: 0.001
2026-02-03 23:41:49.687 CET | INFO     | Line   27 (logging_utils.py): epochs: 50
2026-02-03 23:41:49.688 CET | INFO     | Line   27 (logging_utils.py): batch_size: 32
2026-02-03 23:41:49.691 CET | INFO     | Line   27 (logging_utils.py): dataset: MUTAG
2026-02-03 23:41:49.693 CET | INFO     | Line   27 (logging_utils.py): is_logical: True
2026-02-03 23:41:49.695 CET | INFO     | Line   27 (logging_utils.py): constrains_filepath: constrains/data/MUTAG_auto_generated_3_101_102.json
2026-02-03 23:41:49.697 CET | INFO     | Line   25 (logging_utils.py): constrains_handler: GLRuleBasedHandler
2026-02-03 23:41:49.698 CET | INFO     | Line   27 (logging_utils.py): l_factor: 0.01
2026-02-03 23:41:49.700 CET | INFO     | Line   27 (logging_utils.py): save_logs: True
2026-02-03 23:41:49.702 CET | INFO     | Line   29 (logging_utils.py): 
2026-02-03 23:41:49.703 CET | INFO     | Line   30 (logging_utils.py): Training on model: GraphOCGINLossConstrains
2026-02-03 23:41:49.705 CET | INFO     | Line   31 (logging_utils.py): 
2026-02-03 23:41:49.707 CET | INFO     | Line   41 (run_experiment_gl.py): ##################### Loading data
2026-02-03 23:41:49.775 CET | INFO     | Line   45 (run_experiment_gl.py): ##################### creating model
2026-02-03 23:41:49.778 CET | INFO     | Line   48 (run_experiment_gl.py): creating model with number of node features: 7
2026-02-03 23:41:49.783 CET | INFO     | Line   51 (run_experiment_gl.py): ##################### staring training
2026-02-03 23:41:49.785 CET | INFO     | Line   53 (run_experiment_gl.py): setting up the logical constrains
2026-02-03 23:41:49.884 CET | DEBUG    | Line   90 (gl_ocgin.py): Epoch 000 | Loss 0.000968
2026-02-03 23:41:50.000 CET | DEBUG    | Line   90 (gl_ocgin.py): Epoch 010 | Loss 0.000550
2026-02-03 23:41:50.121 CET | DEBUG    | Line   90 (gl_ocgin.py): Epoch 020 | Loss 0.000452
2026-02-03 23:41:50.223 CET | DEBUG    | Line   90 (gl_ocgin.py): Epoch 030 | Loss 0.000411
2026-02-03 23:41:50.355 CET | DEBUG    | Line   90 (gl_ocgin.py): Epoch 040 | Loss 0.000395
2026-02-03 23:41:50.463 CET | INFO     | Line   65 (run_experiment_gl.py): ##################### computing scores
2026-02-03 23:41:50.492 CET | INFO     | Line   69 (run_experiment_gl.py): computed decision boundary on anomaly scores as 95% quantile:
2026-02-03 23:41:50.494 CET | INFO     | Line   72 (run_experiment_gl.py): tensor(0.0005)
2026-02-03 23:41:50.496 CET | INFO     | Line   75 (run_experiment_gl.py): Test anomaly scores:
2026-02-03 23:41:50.498 CET | INFO     | Line   76 (run_experiment_gl.py): tensor([7.0108e-05, 6.9349e-04, 4.4133e-05, 7.0310e-04, 7.2674e-05, 1.1402e-03,
        1.2469e-04, 6.3726e-05, 4.5999e-05, 6.4410e-05])
2026-02-03 23:41:50.501 CET | INFO     | Line   78 (run_experiment_gl.py): ##################### test rate: 
2026-02-03 23:41:50.520 CET | INFO     | Line   88 (run_experiment_gl.py): 0.7536231884057971
2026-02-03 23:41:50.521 CET | INFO     | Line   89 (run_experiment_gl.py): right classified: 104 out of 138
2026-02-03 23:41:50.538 CET | INFO     | Line   28 (run_experiment_gl.py): ##################### Loading config parameters
2026-02-03 23:41:50.540 CET | INFO     | Line   20 (logging_utils.py): Config parameters:
2026-02-03 23:41:50.542 CET | INFO     | Line   21 (logging_utils.py): 
2026-02-03 23:41:50.545 CET | INFO     | Line   27 (logging_utils.py): hidden_dim: 32
2026-02-03 23:41:50.546 CET | INFO     | Line   27 (logging_utils.py): num_layers: 2
2026-02-03 23:41:50.548 CET | INFO     | Line   27 (logging_utils.py): device: cpu
2026-02-03 23:41:50.550 CET | INFO     | Line   27 (logging_utils.py): lr: 0.001
2026-02-03 23:41:50.552 CET | INFO     | Line   27 (logging_utils.py): epochs: 50
2026-02-03 23:41:50.553 CET | INFO     | Line   27 (logging_utils.py): batch_size: 32
2026-02-03 23:41:50.554 CET | INFO     | Line   27 (logging_utils.py): dataset: MUTAG
2026-02-03 23:41:50.556 CET | INFO     | Line   27 (logging_utils.py): is_logical: True
2026-02-03 23:41:50.559 CET | INFO     | Line   27 (logging_utils.py): constrains_filepath: constrains/data/MUTAG_auto_generated_3_101_102.json
2026-02-03 23:41:50.561 CET | INFO     | Line   25 (logging_utils.py): constrains_handler: GLRuleBasedHandler
2026-02-03 23:41:50.563 CET | INFO     | Line   27 (logging_utils.py): l_factor: 0.005
2026-02-03 23:41:50.564 CET | INFO     | Line   27 (logging_utils.py): save_logs: True
2026-02-03 23:41:50.566 CET | INFO     | Line   29 (logging_utils.py): 
2026-02-03 23:41:50.567 CET | INFO     | Line   30 (logging_utils.py): Training on model: GraphOCGINLossConstrains
2026-02-03 23:41:50.568 CET | INFO     | Line   31 (logging_utils.py): 
2026-02-03 23:41:50.569 CET | INFO     | Line   41 (run_experiment_gl.py): ##################### Loading data
2026-02-03 23:41:50.611 CET | INFO     | Line   45 (run_experiment_gl.py): ##################### creating model
2026-02-03 23:41:50.612 CET | INFO     | Line   48 (run_experiment_gl.py): creating model with number of node features: 7
2026-02-03 23:41:50.615 CET | INFO     | Line   51 (run_experiment_gl.py): ##################### staring training
2026-02-03 23:41:50.617 CET | INFO     | Line   53 (run_experiment_gl.py): setting up the logical constrains
2026-02-03 23:41:50.696 CET | DEBUG    | Line   90 (gl_ocgin.py): Epoch 000 | Loss 0.000343
2026-02-03 23:41:50.805 CET | DEBUG    | Line   90 (gl_ocgin.py): Epoch 010 | Loss 0.000243
2026-02-03 23:41:50.908 CET | DEBUG    | Line   90 (gl_ocgin.py): Epoch 020 | Loss 0.000215
2026-02-03 23:41:51.003 CET | DEBUG    | Line   90 (gl_ocgin.py): Epoch 030 | Loss 0.000204
2026-02-03 23:41:51.098 CET | DEBUG    | Line   90 (gl_ocgin.py): Epoch 040 | Loss 0.000200
2026-02-03 23:41:51.187 CET | INFO     | Line   65 (run_experiment_gl.py): ##################### computing scores
2026-02-03 23:41:51.226 CET | INFO     | Line   69 (run_experiment_gl.py): computed decision boundary on anomaly scores as 95% quantile:
2026-02-03 23:41:51.228 CET | INFO     | Line   72 (run_experiment_gl.py): tensor(0.0002)
2026-02-03 23:41:51.231 CET | INFO     | Line   75 (run_experiment_gl.py): Test anomaly scores:
2026-02-03 23:41:51.233 CET | INFO     | Line   76 (run_experiment_gl.py): tensor([8.8953e-05, 1.6346e-04, 8.4118e-05, 1.1655e-04, 1.4076e-04, 1.0027e-04,
        2.2711e-04, 7.5912e-05, 6.6414e-05, 1.1848e-04])
2026-02-03 23:41:51.236 CET | INFO     | Line   78 (run_experiment_gl.py): ##################### test rate: 
2026-02-03 23:41:51.259 CET | INFO     | Line   88 (run_experiment_gl.py): 0.6666666666666666
2026-02-03 23:41:51.260 CET | INFO     | Line   89 (run_experiment_gl.py): right classified: 92 out of 138
2026-02-03 23:41:51.269 CET | INFO     | Line   28 (run_experiment_gl.py): ##################### Loading config parameters
2026-02-03 23:41:51.270 CET | INFO     | Line   20 (logging_utils.py): Config parameters:
2026-02-03 23:41:51.271 CET | INFO     | Line   21 (logging_utils.py): 
2026-02-03 23:41:51.273 CET | INFO     | Line   27 (logging_utils.py): hidden_dim: 32
2026-02-03 23:41:51.275 CET | INFO     | Line   27 (logging_utils.py): num_layers: 2
2026-02-03 23:41:51.277 CET | INFO     | Line   27 (logging_utils.py): device: cpu
2026-02-03 23:41:51.279 CET | INFO     | Line   27 (logging_utils.py): lr: 0.001
2026-02-03 23:41:51.281 CET | INFO     | Line   27 (logging_utils.py): epochs: 50
2026-02-03 23:41:51.283 CET | INFO     | Line   27 (logging_utils.py): batch_size: 32
2026-02-03 23:41:51.287 CET | INFO     | Line   27 (logging_utils.py): dataset: MUTAG
2026-02-03 23:41:51.289 CET | INFO     | Line   27 (logging_utils.py): is_logical: True
2026-02-03 23:41:51.291 CET | INFO     | Line   27 (logging_utils.py): constrains_filepath: constrains/data/MUTAG_auto_generated_3_101_102.json
2026-02-03 23:41:51.293 CET | INFO     | Line   25 (logging_utils.py): constrains_handler: GLRuleBasedHandler
2026-02-03 23:41:51.295 CET | INFO     | Line   27 (logging_utils.py): l_factor: 0.001
2026-02-03 23:41:51.297 CET | INFO     | Line   27 (logging_utils.py): save_logs: True
2026-02-03 23:41:51.299 CET | INFO     | Line   29 (logging_utils.py): 
2026-02-03 23:41:51.301 CET | INFO     | Line   30 (logging_utils.py): Training on model: GraphOCGINLossConstrains
2026-02-03 23:41:51.303 CET | INFO     | Line   31 (logging_utils.py): 
2026-02-03 23:41:51.305 CET | INFO     | Line   41 (run_experiment_gl.py): ##################### Loading data
2026-02-03 23:41:51.356 CET | INFO     | Line   45 (run_experiment_gl.py): ##################### creating model
2026-02-03 23:41:51.357 CET | INFO     | Line   48 (run_experiment_gl.py): creating model with number of node features: 7
2026-02-03 23:41:51.361 CET | INFO     | Line   51 (run_experiment_gl.py): ##################### staring training
2026-02-03 23:41:51.362 CET | INFO     | Line   53 (run_experiment_gl.py): setting up the logical constrains
2026-02-03 23:41:51.457 CET | DEBUG    | Line   90 (gl_ocgin.py): Epoch 000 | Loss 0.000572
2026-02-03 23:41:51.584 CET | DEBUG    | Line   90 (gl_ocgin.py): Epoch 010 | Loss 0.000193
2026-02-03 23:41:51.683 CET | DEBUG    | Line   90 (gl_ocgin.py): Epoch 020 | Loss 0.000099
2026-02-03 23:41:51.784 CET | DEBUG    | Line   90 (gl_ocgin.py): Epoch 030 | Loss 0.000075
2026-02-03 23:41:51.880 CET | DEBUG    | Line   90 (gl_ocgin.py): Epoch 040 | Loss 0.000066
2026-02-03 23:41:51.967 CET | INFO     | Line   65 (run_experiment_gl.py): ##################### computing scores
2026-02-03 23:41:52.001 CET | INFO     | Line   69 (run_experiment_gl.py): computed decision boundary on anomaly scores as 95% quantile:
2026-02-03 23:41:52.004 CET | INFO     | Line   72 (run_experiment_gl.py): tensor(0.0004)
2026-02-03 23:41:52.007 CET | INFO     | Line   75 (run_experiment_gl.py): Test anomaly scores:
2026-02-03 23:41:52.009 CET | INFO     | Line   76 (run_experiment_gl.py): tensor([4.2536e-05, 4.1936e-05, 1.6143e-03, 9.1609e-04, 3.6937e-04, 4.0635e-05,
        5.6964e-05, 3.2057e-04, 4.4651e-05, 8.6202e-04])
2026-02-03 23:41:52.012 CET | INFO     | Line   78 (run_experiment_gl.py): ##################### test rate: 
2026-02-03 23:41:52.038 CET | INFO     | Line   88 (run_experiment_gl.py): 0.8115942028985508
2026-02-03 23:41:52.041 CET | INFO     | Line   89 (run_experiment_gl.py): right classified: 112 out of 138
2026-02-03 23:41:52.073 CET | INFO     | Line   28 (run_experiment_gl.py): ##################### Loading config parameters
2026-02-03 23:41:52.076 CET | INFO     | Line   20 (logging_utils.py): Config parameters:
2026-02-03 23:41:52.078 CET | INFO     | Line   21 (logging_utils.py): 
2026-02-03 23:41:52.080 CET | INFO     | Line   27 (logging_utils.py): hidden_dim: 32
2026-02-03 23:41:52.082 CET | INFO     | Line   27 (logging_utils.py): num_layers: 3
2026-02-03 23:41:52.084 CET | INFO     | Line   27 (logging_utils.py): device: cpu
2026-02-03 23:41:52.087 CET | INFO     | Line   27 (logging_utils.py): lr: 0.001
2026-02-03 23:41:52.090 CET | INFO     | Line   27 (logging_utils.py): epochs: 50
2026-02-03 23:41:52.092 CET | INFO     | Line   27 (logging_utils.py): batch_size: 32
2026-02-03 23:41:52.095 CET | INFO     | Line   27 (logging_utils.py): dataset: MUTAG
2026-02-03 23:41:52.096 CET | INFO     | Line   27 (logging_utils.py): is_logical: False
2026-02-03 23:41:52.098 CET | INFO     | Line   27 (logging_utils.py): constrains_filepath: constrains/data/MUTAG_auto_generated_2_101_102.json
2026-02-03 23:41:52.100 CET | INFO     | Line   25 (logging_utils.py): constrains_handler: GLRuleBasedHandler
2026-02-03 23:41:52.102 CET | INFO     | Line   27 (logging_utils.py): l_factor: 0.1
2026-02-03 23:41:52.104 CET | INFO     | Line   27 (logging_utils.py): save_logs: True
2026-02-03 23:41:52.107 CET | INFO     | Line   29 (logging_utils.py): 
2026-02-03 23:41:52.109 CET | INFO     | Line   30 (logging_utils.py): Training on model: GraphOCGIN
2026-02-03 23:41:52.111 CET | INFO     | Line   31 (logging_utils.py): 
2026-02-03 23:41:52.114 CET | INFO     | Line   41 (run_experiment_gl.py): ##################### Loading data
2026-02-03 23:41:52.167 CET | INFO     | Line   45 (run_experiment_gl.py): ##################### creating model
2026-02-03 23:41:52.169 CET | INFO     | Line   48 (run_experiment_gl.py): creating model with number of node features: 7
2026-02-03 23:41:52.177 CET | INFO     | Line   51 (run_experiment_gl.py): ##################### staring training
2026-02-03 23:41:52.211 CET | DEBUG    | Line   85 (graph_level_ocgin.py): Epoch 000 | Loss 0.002558
2026-02-03 23:41:52.230 CET | DEBUG    | Line   85 (graph_level_ocgin.py): Epoch 001 | Loss 0.001657
2026-02-03 23:41:52.293 CET | DEBUG    | Line   85 (graph_level_ocgin.py): Epoch 002 | Loss 0.001658
2026-02-03 23:41:52.323 CET | DEBUG    | Line   85 (graph_level_ocgin.py): Epoch 003 | Loss 0.001073
2026-02-03 23:41:52.348 CET | DEBUG    | Line   85 (graph_level_ocgin.py): Epoch 004 | Loss 0.001154
2026-02-03 23:41:52.369 CET | DEBUG    | Line   85 (graph_level_ocgin.py): Epoch 005 | Loss 0.000903
2026-02-03 23:41:52.388 CET | DEBUG    | Line   85 (graph_level_ocgin.py): Epoch 006 | Loss 0.000821
2026-02-03 23:41:52.408 CET | DEBUG    | Line   85 (graph_level_ocgin.py): Epoch 007 | Loss 0.000644
2026-02-03 23:41:52.437 CET | DEBUG    | Line   85 (graph_level_ocgin.py): Epoch 008 | Loss 0.000594
2026-02-03 23:41:52.457 CET | DEBUG    | Line   85 (graph_level_ocgin.py): Epoch 009 | Loss 0.000537
2026-02-03 23:41:52.475 CET | DEBUG    | Line   85 (graph_level_ocgin.py): Epoch 010 | Loss 0.000430
2026-02-03 23:41:52.495 CET | DEBUG    | Line   85 (graph_level_ocgin.py): Epoch 011 | Loss 0.000418
2026-02-03 23:41:52.516 CET | DEBUG    | Line   85 (graph_level_ocgin.py): Epoch 012 | Loss 0.000382
2026-02-03 23:41:52.533 CET | DEBUG    | Line   85 (graph_level_ocgin.py): Epoch 013 | Loss 0.000303
2026-02-03 23:41:52.549 CET | DEBUG    | Line   85 (graph_level_ocgin.py): Epoch 014 | Loss 0.000280
2026-02-03 23:41:52.566 CET | DEBUG    | Line   85 (graph_level_ocgin.py): Epoch 015 | Loss 0.000274
2026-02-03 23:41:52.583 CET | DEBUG    | Line   85 (graph_level_ocgin.py): Epoch 016 | Loss 0.000237
2026-02-03 23:41:52.600 CET | DEBUG    | Line   85 (graph_level_ocgin.py): Epoch 017 | Loss 0.000217
2026-02-03 23:41:52.618 CET | DEBUG    | Line   85 (graph_level_ocgin.py): Epoch 018 | Loss 0.000206
2026-02-03 23:41:52.638 CET | DEBUG    | Line   85 (graph_level_ocgin.py): Epoch 019 | Loss 0.000173
2026-02-03 23:41:52.654 CET | DEBUG    | Line   85 (graph_level_ocgin.py): Epoch 020 | Loss 0.000196
2026-02-03 23:41:52.673 CET | DEBUG    | Line   85 (graph_level_ocgin.py): Epoch 021 | Loss 0.000164
2026-02-03 23:41:52.691 CET | DEBUG    | Line   85 (graph_level_ocgin.py): Epoch 022 | Loss 0.000157
2026-02-03 23:41:52.711 CET | DEBUG    | Line   85 (graph_level_ocgin.py): Epoch 023 | Loss 0.000186
2026-02-03 23:41:52.728 CET | DEBUG    | Line   85 (graph_level_ocgin.py): Epoch 024 | Loss 0.000161
2026-02-03 23:41:52.745 CET | DEBUG    | Line   85 (graph_level_ocgin.py): Epoch 025 | Loss 0.000127
2026-02-03 23:41:52.762 CET | DEBUG    | Line   85 (graph_level_ocgin.py): Epoch 026 | Loss 0.000151
2026-02-03 23:41:52.778 CET | DEBUG    | Line   85 (graph_level_ocgin.py): Epoch 027 | Loss 0.000139
2026-02-03 23:41:52.795 CET | DEBUG    | Line   85 (graph_level_ocgin.py): Epoch 028 | Loss 0.000147
2026-02-03 23:41:52.812 CET | DEBUG    | Line   85 (graph_level_ocgin.py): Epoch 029 | Loss 0.000128
2026-02-03 23:41:52.828 CET | DEBUG    | Line   85 (graph_level_ocgin.py): Epoch 030 | Loss 0.000120
2026-02-03 23:41:52.845 CET | DEBUG    | Line   85 (graph_level_ocgin.py): Epoch 031 | Loss 0.000118
2026-02-03 23:41:52.862 CET | DEBUG    | Line   85 (graph_level_ocgin.py): Epoch 032 | Loss 0.000112
2026-02-03 23:41:52.879 CET | DEBUG    | Line   85 (graph_level_ocgin.py): Epoch 033 | Loss 0.000113
2026-02-03 23:41:52.896 CET | DEBUG    | Line   85 (graph_level_ocgin.py): Epoch 034 | Loss 0.000107
2026-02-03 23:41:52.914 CET | DEBUG    | Line   85 (graph_level_ocgin.py): Epoch 035 | Loss 0.000099
2026-02-03 23:41:52.928 CET | DEBUG    | Line   85 (graph_level_ocgin.py): Epoch 036 | Loss 0.000095
2026-02-03 23:41:52.945 CET | DEBUG    | Line   85 (graph_level_ocgin.py): Epoch 037 | Loss 0.000095
2026-02-03 23:41:52.961 CET | DEBUG    | Line   85 (graph_level_ocgin.py): Epoch 038 | Loss 0.000098
2026-02-03 23:41:52.978 CET | DEBUG    | Line   85 (graph_level_ocgin.py): Epoch 039 | Loss 0.000102
2026-02-03 23:41:52.995 CET | DEBUG    | Line   85 (graph_level_ocgin.py): Epoch 040 | Loss 0.000087
2026-02-03 23:41:53.013 CET | DEBUG    | Line   85 (graph_level_ocgin.py): Epoch 041 | Loss 0.000091
2026-02-03 23:41:53.032 CET | DEBUG    | Line   85 (graph_level_ocgin.py): Epoch 042 | Loss 0.000081
2026-02-03 23:41:53.050 CET | DEBUG    | Line   85 (graph_level_ocgin.py): Epoch 043 | Loss 0.000084
2026-02-03 23:41:53.069 CET | DEBUG    | Line   85 (graph_level_ocgin.py): Epoch 044 | Loss 0.000081
2026-02-03 23:41:53.087 CET | DEBUG    | Line   85 (graph_level_ocgin.py): Epoch 045 | Loss 0.000082
2026-02-03 23:41:53.099 CET | DEBUG    | Line   85 (graph_level_ocgin.py): Epoch 046 | Loss 0.000081
2026-02-03 23:41:53.116 CET | DEBUG    | Line   85 (graph_level_ocgin.py): Epoch 047 | Loss 0.000080
2026-02-03 23:41:53.130 CET | DEBUG    | Line   85 (graph_level_ocgin.py): Epoch 048 | Loss 0.000079
2026-02-03 23:41:53.151 CET | DEBUG    | Line   85 (graph_level_ocgin.py): Epoch 049 | Loss 0.000075
2026-02-03 23:41:53.153 CET | INFO     | Line   65 (run_experiment_gl.py): ##################### computing scores
2026-02-03 23:41:53.198 CET | INFO     | Line   69 (run_experiment_gl.py): computed decision boundary on anomaly scores as 95% quantile:
2026-02-03 23:41:53.201 CET | INFO     | Line   72 (run_experiment_gl.py): tensor(0.0002)
2026-02-03 23:41:53.204 CET | INFO     | Line   75 (run_experiment_gl.py): Test anomaly scores:
2026-02-03 23:41:53.205 CET | INFO     | Line   76 (run_experiment_gl.py): tensor([2.7440e-04, 1.0232e-04, 4.2365e-05, 1.1592e-04, 2.3307e-05, 1.4739e-04,
        6.2000e-05, 3.3700e-05, 3.8360e-05, 1.3982e-04])
2026-02-03 23:41:53.208 CET | INFO     | Line   78 (run_experiment_gl.py): ##################### test rate: 
2026-02-03 23:41:53.231 CET | INFO     | Line   88 (run_experiment_gl.py): 0.7753623188405797
2026-02-03 23:41:53.234 CET | INFO     | Line   89 (run_experiment_gl.py): right classified: 107 out of 138
2026-02-03 23:41:53.249 CET | INFO     | Line   28 (run_experiment_gl.py): ##################### Loading config parameters
2026-02-03 23:41:53.251 CET | INFO     | Line   20 (logging_utils.py): Config parameters:
2026-02-03 23:41:53.253 CET | INFO     | Line   21 (logging_utils.py): 
2026-02-03 23:41:53.255 CET | INFO     | Line   27 (logging_utils.py): hidden_dim: 32
2026-02-03 23:41:53.257 CET | INFO     | Line   27 (logging_utils.py): num_layers: 3
2026-02-03 23:41:53.259 CET | INFO     | Line   27 (logging_utils.py): device: cpu
2026-02-03 23:41:53.261 CET | INFO     | Line   27 (logging_utils.py): lr: 0.001
2026-02-03 23:41:53.262 CET | INFO     | Line   27 (logging_utils.py): epochs: 50
2026-02-03 23:41:53.264 CET | INFO     | Line   27 (logging_utils.py): batch_size: 32
2026-02-03 23:41:53.266 CET | INFO     | Line   27 (logging_utils.py): dataset: MUTAG
2026-02-03 23:41:53.267 CET | INFO     | Line   27 (logging_utils.py): is_logical: True
2026-02-03 23:41:53.268 CET | INFO     | Line   27 (logging_utils.py): constrains_filepath: constrains/data/MUTAG_auto_generated_2_101_102.json
2026-02-03 23:41:53.270 CET | INFO     | Line   25 (logging_utils.py): constrains_handler: GLRuleBasedHandler
2026-02-03 23:41:53.271 CET | INFO     | Line   27 (logging_utils.py): l_factor: 0.1
2026-02-03 23:41:53.273 CET | INFO     | Line   27 (logging_utils.py): save_logs: True
2026-02-03 23:41:53.276 CET | INFO     | Line   29 (logging_utils.py): 
2026-02-03 23:41:53.277 CET | INFO     | Line   30 (logging_utils.py): Training on model: GraphOCGINLossConstrains
2026-02-03 23:41:53.279 CET | INFO     | Line   31 (logging_utils.py): 
2026-02-03 23:41:53.280 CET | INFO     | Line   41 (run_experiment_gl.py): ##################### Loading data
2026-02-03 23:41:53.341 CET | INFO     | Line   45 (run_experiment_gl.py): ##################### creating model
2026-02-03 23:41:53.344 CET | INFO     | Line   48 (run_experiment_gl.py): creating model with number of node features: 7
2026-02-03 23:41:53.352 CET | INFO     | Line   51 (run_experiment_gl.py): ##################### staring training
2026-02-03 23:41:53.353 CET | INFO     | Line   53 (run_experiment_gl.py): setting up the logical constrains
2026-02-03 23:41:53.445 CET | DEBUG    | Line   90 (gl_ocgin.py): Epoch 000 | Loss 0.002882
2026-02-03 23:41:53.559 CET | DEBUG    | Line   90 (gl_ocgin.py): Epoch 010 | Loss 0.002797
2026-02-03 23:41:53.694 CET | DEBUG    | Line   90 (gl_ocgin.py): Epoch 020 | Loss 0.002783
2026-02-03 23:41:53.858 CET | DEBUG    | Line   90 (gl_ocgin.py): Epoch 030 | Loss 0.002780
2026-02-03 23:41:53.970 CET | DEBUG    | Line   90 (gl_ocgin.py): Epoch 040 | Loss 0.002780
2026-02-03 23:41:54.072 CET | INFO     | Line   65 (run_experiment_gl.py): ##################### computing scores
2026-02-03 23:41:54.101 CET | INFO     | Line   69 (run_experiment_gl.py): computed decision boundary on anomaly scores as 95% quantile:
2026-02-03 23:41:54.103 CET | INFO     | Line   72 (run_experiment_gl.py): tensor(7.5477e-05)
2026-02-03 23:41:54.106 CET | INFO     | Line   75 (run_experiment_gl.py): Test anomaly scores:
2026-02-03 23:41:54.108 CET | INFO     | Line   76 (run_experiment_gl.py): tensor([1.7166e-05, 1.0382e-05, 9.4217e-05, 1.2354e-05, 1.1285e-04, 6.8151e-06,
        5.3125e-05, 1.9355e-05, 9.1217e-05, 7.9723e-06])
2026-02-03 23:41:54.110 CET | INFO     | Line   78 (run_experiment_gl.py): ##################### test rate: 
2026-02-03 23:41:54.130 CET | INFO     | Line   88 (run_experiment_gl.py): 0.5362318840579711
2026-02-03 23:41:54.132 CET | INFO     | Line   89 (run_experiment_gl.py): right classified: 74 out of 138
2026-02-03 23:41:54.147 CET | INFO     | Line   28 (run_experiment_gl.py): ##################### Loading config parameters
2026-02-03 23:41:54.148 CET | INFO     | Line   20 (logging_utils.py): Config parameters:
2026-02-03 23:41:54.149 CET | INFO     | Line   21 (logging_utils.py): 
2026-02-03 23:41:54.150 CET | INFO     | Line   27 (logging_utils.py): hidden_dim: 32
2026-02-03 23:41:54.151 CET | INFO     | Line   27 (logging_utils.py): num_layers: 3
2026-02-03 23:41:54.152 CET | INFO     | Line   27 (logging_utils.py): device: cpu
2026-02-03 23:41:54.153 CET | INFO     | Line   27 (logging_utils.py): lr: 0.001
2026-02-03 23:41:54.156 CET | INFO     | Line   27 (logging_utils.py): epochs: 50
2026-02-03 23:41:54.158 CET | INFO     | Line   27 (logging_utils.py): batch_size: 32
2026-02-03 23:41:54.160 CET | INFO     | Line   27 (logging_utils.py): dataset: MUTAG
2026-02-03 23:41:54.161 CET | INFO     | Line   27 (logging_utils.py): is_logical: True
2026-02-03 23:41:54.163 CET | INFO     | Line   27 (logging_utils.py): constrains_filepath: constrains/data/MUTAG_auto_generated_2_101_102.json
2026-02-03 23:41:54.164 CET | INFO     | Line   25 (logging_utils.py): constrains_handler: GLRuleBasedHandler
2026-02-03 23:41:54.165 CET | INFO     | Line   27 (logging_utils.py): l_factor: 0.01
2026-02-03 23:41:54.166 CET | INFO     | Line   27 (logging_utils.py): save_logs: True
2026-02-03 23:41:54.167 CET | INFO     | Line   29 (logging_utils.py): 
2026-02-03 23:41:54.168 CET | INFO     | Line   30 (logging_utils.py): Training on model: GraphOCGINLossConstrains
2026-02-03 23:41:54.169 CET | INFO     | Line   31 (logging_utils.py): 
2026-02-03 23:41:54.170 CET | INFO     | Line   41 (run_experiment_gl.py): ##################### Loading data
2026-02-03 23:41:54.221 CET | INFO     | Line   45 (run_experiment_gl.py): ##################### creating model
2026-02-03 23:41:54.223 CET | INFO     | Line   48 (run_experiment_gl.py): creating model with number of node features: 7
2026-02-03 23:41:54.230 CET | INFO     | Line   51 (run_experiment_gl.py): ##################### staring training
2026-02-03 23:41:54.232 CET | INFO     | Line   53 (run_experiment_gl.py): setting up the logical constrains
2026-02-03 23:41:54.312 CET | DEBUG    | Line   90 (gl_ocgin.py): Epoch 000 | Loss 0.000480
2026-02-03 23:41:54.433 CET | DEBUG    | Line   90 (gl_ocgin.py): Epoch 010 | Loss 0.000332
2026-02-03 23:41:54.594 CET | DEBUG    | Line   90 (gl_ocgin.py): Epoch 020 | Loss 0.000310
2026-02-03 23:41:54.707 CET | DEBUG    | Line   90 (gl_ocgin.py): Epoch 030 | Loss 0.000296
2026-02-03 23:41:54.857 CET | DEBUG    | Line   90 (gl_ocgin.py): Epoch 040 | Loss 0.000293
2026-02-03 23:41:54.975 CET | INFO     | Line   65 (run_experiment_gl.py): ##################### computing scores
2026-02-03 23:41:55.008 CET | INFO     | Line   69 (run_experiment_gl.py): computed decision boundary on anomaly scores as 95% quantile:
2026-02-03 23:41:55.010 CET | INFO     | Line   72 (run_experiment_gl.py): tensor(0.0003)
2026-02-03 23:41:55.013 CET | INFO     | Line   75 (run_experiment_gl.py): Test anomaly scores:
2026-02-03 23:41:55.015 CET | INFO     | Line   76 (run_experiment_gl.py): tensor([3.1086e-05, 2.1252e-04, 5.4829e-04, 6.9652e-05, 2.6922e-05, 3.0364e-04,
        3.6625e-04, 2.8866e-04, 1.4540e-04, 2.8593e-05])
2026-02-03 23:41:55.017 CET | INFO     | Line   78 (run_experiment_gl.py): ##################### test rate: 
2026-02-03 23:41:55.034 CET | INFO     | Line   88 (run_experiment_gl.py): 0.7753623188405797
2026-02-03 23:41:55.036 CET | INFO     | Line   89 (run_experiment_gl.py): right classified: 107 out of 138
2026-02-03 23:41:55.051 CET | INFO     | Line   28 (run_experiment_gl.py): ##################### Loading config parameters
2026-02-03 23:41:55.052 CET | INFO     | Line   20 (logging_utils.py): Config parameters:
2026-02-03 23:41:55.053 CET | INFO     | Line   21 (logging_utils.py): 
2026-02-03 23:41:55.055 CET | INFO     | Line   27 (logging_utils.py): hidden_dim: 32
2026-02-03 23:41:55.058 CET | INFO     | Line   27 (logging_utils.py): num_layers: 3
2026-02-03 23:41:55.059 CET | INFO     | Line   27 (logging_utils.py): device: cpu
2026-02-03 23:41:55.061 CET | INFO     | Line   27 (logging_utils.py): lr: 0.001
2026-02-03 23:41:55.063 CET | INFO     | Line   27 (logging_utils.py): epochs: 50
2026-02-03 23:41:55.064 CET | INFO     | Line   27 (logging_utils.py): batch_size: 32
2026-02-03 23:41:55.065 CET | INFO     | Line   27 (logging_utils.py): dataset: MUTAG
2026-02-03 23:41:55.066 CET | INFO     | Line   27 (logging_utils.py): is_logical: True
2026-02-03 23:41:55.067 CET | INFO     | Line   27 (logging_utils.py): constrains_filepath: constrains/data/MUTAG_auto_generated_2_101_102.json
2026-02-03 23:41:55.068 CET | INFO     | Line   25 (logging_utils.py): constrains_handler: GLRuleBasedHandler
2026-02-03 23:41:55.069 CET | INFO     | Line   27 (logging_utils.py): l_factor: 0.005
2026-02-03 23:41:55.071 CET | INFO     | Line   27 (logging_utils.py): save_logs: True
2026-02-03 23:41:55.074 CET | INFO     | Line   29 (logging_utils.py): 
2026-02-03 23:41:55.075 CET | INFO     | Line   30 (logging_utils.py): Training on model: GraphOCGINLossConstrains
2026-02-03 23:41:55.077 CET | INFO     | Line   31 (logging_utils.py): 
2026-02-03 23:41:55.079 CET | INFO     | Line   41 (run_experiment_gl.py): ##################### Loading data
2026-02-03 23:41:55.122 CET | INFO     | Line   45 (run_experiment_gl.py): ##################### creating model
2026-02-03 23:41:55.125 CET | INFO     | Line   48 (run_experiment_gl.py): creating model with number of node features: 7
2026-02-03 23:41:55.131 CET | INFO     | Line   51 (run_experiment_gl.py): ##################### staring training
2026-02-03 23:41:55.134 CET | INFO     | Line   53 (run_experiment_gl.py): setting up the logical constrains
2026-02-03 23:41:55.217 CET | DEBUG    | Line   90 (gl_ocgin.py): Epoch 000 | Loss 0.000587
2026-02-03 23:41:55.365 CET | DEBUG    | Line   90 (gl_ocgin.py): Epoch 010 | Loss 0.000238
2026-02-03 23:41:55.488 CET | DEBUG    | Line   90 (gl_ocgin.py): Epoch 020 | Loss 0.000177
2026-02-03 23:41:55.613 CET | DEBUG    | Line   90 (gl_ocgin.py): Epoch 030 | Loss 0.000162
2026-02-03 23:41:55.730 CET | DEBUG    | Line   90 (gl_ocgin.py): Epoch 040 | Loss 0.000153
2026-02-03 23:41:55.833 CET | INFO     | Line   65 (run_experiment_gl.py): ##################### computing scores
2026-02-03 23:41:55.865 CET | INFO     | Line   69 (run_experiment_gl.py): computed decision boundary on anomaly scores as 95% quantile:
2026-02-03 23:41:55.867 CET | INFO     | Line   72 (run_experiment_gl.py): tensor(0.0002)
2026-02-03 23:41:55.870 CET | INFO     | Line   75 (run_experiment_gl.py): Test anomaly scores:
2026-02-03 23:41:55.872 CET | INFO     | Line   76 (run_experiment_gl.py): tensor([5.1859e-05, 2.8292e-05, 1.5383e-04, 2.8156e-05, 2.2531e-04, 1.9075e-04,
        6.7063e-05, 1.7218e-04, 1.4282e-04, 2.3398e-05])
2026-02-03 23:41:55.875 CET | INFO     | Line   78 (run_experiment_gl.py): ##################### test rate: 
2026-02-03 23:41:55.892 CET | INFO     | Line   88 (run_experiment_gl.py): 0.7753623188405797
2026-02-03 23:41:55.894 CET | INFO     | Line   89 (run_experiment_gl.py): right classified: 107 out of 138
2026-02-03 23:41:55.910 CET | INFO     | Line   28 (run_experiment_gl.py): ##################### Loading config parameters
2026-02-03 23:41:55.912 CET | INFO     | Line   20 (logging_utils.py): Config parameters:
2026-02-03 23:41:55.914 CET | INFO     | Line   21 (logging_utils.py): 
2026-02-03 23:41:55.915 CET | INFO     | Line   27 (logging_utils.py): hidden_dim: 32
2026-02-03 23:41:55.917 CET | INFO     | Line   27 (logging_utils.py): num_layers: 3
2026-02-03 23:41:55.918 CET | INFO     | Line   27 (logging_utils.py): device: cpu
2026-02-03 23:41:55.920 CET | INFO     | Line   27 (logging_utils.py): lr: 0.001
2026-02-03 23:41:55.923 CET | INFO     | Line   27 (logging_utils.py): epochs: 50
2026-02-03 23:41:55.925 CET | INFO     | Line   27 (logging_utils.py): batch_size: 32
2026-02-03 23:41:55.927 CET | INFO     | Line   27 (logging_utils.py): dataset: MUTAG
2026-02-03 23:41:55.929 CET | INFO     | Line   27 (logging_utils.py): is_logical: True
2026-02-03 23:41:55.931 CET | INFO     | Line   27 (logging_utils.py): constrains_filepath: constrains/data/MUTAG_auto_generated_2_101_102.json
2026-02-03 23:41:55.933 CET | INFO     | Line   25 (logging_utils.py): constrains_handler: GLRuleBasedHandler
2026-02-03 23:41:55.935 CET | INFO     | Line   27 (logging_utils.py): l_factor: 0.001
2026-02-03 23:41:55.939 CET | INFO     | Line   27 (logging_utils.py): save_logs: True
2026-02-03 23:41:55.941 CET | INFO     | Line   29 (logging_utils.py): 
2026-02-03 23:41:55.943 CET | INFO     | Line   30 (logging_utils.py): Training on model: GraphOCGINLossConstrains
2026-02-03 23:41:55.945 CET | INFO     | Line   31 (logging_utils.py): 
2026-02-03 23:41:55.946 CET | INFO     | Line   41 (run_experiment_gl.py): ##################### Loading data
2026-02-03 23:41:56.016 CET | INFO     | Line   45 (run_experiment_gl.py): ##################### creating model
2026-02-03 23:41:56.017 CET | INFO     | Line   48 (run_experiment_gl.py): creating model with number of node features: 7
2026-02-03 23:41:56.024 CET | INFO     | Line   51 (run_experiment_gl.py): ##################### staring training
2026-02-03 23:41:56.026 CET | INFO     | Line   53 (run_experiment_gl.py): setting up the logical constrains
2026-02-03 23:41:56.147 CET | DEBUG    | Line   90 (gl_ocgin.py): Epoch 000 | Loss 0.000148
2026-02-03 23:41:56.283 CET | DEBUG    | Line   90 (gl_ocgin.py): Epoch 010 | Loss 0.000053
2026-02-03 23:41:56.421 CET | DEBUG    | Line   90 (gl_ocgin.py): Epoch 020 | Loss 0.000040
2026-02-03 23:41:56.551 CET | DEBUG    | Line   90 (gl_ocgin.py): Epoch 030 | Loss 0.000036
2026-02-03 23:41:56.677 CET | DEBUG    | Line   90 (gl_ocgin.py): Epoch 040 | Loss 0.000034
2026-02-03 23:41:56.781 CET | INFO     | Line   65 (run_experiment_gl.py): ##################### computing scores
2026-02-03 23:41:56.810 CET | INFO     | Line   69 (run_experiment_gl.py): computed decision boundary on anomaly scores as 95% quantile:
2026-02-03 23:41:56.812 CET | INFO     | Line   72 (run_experiment_gl.py): tensor(0.0001)
2026-02-03 23:41:56.815 CET | INFO     | Line   75 (run_experiment_gl.py): Test anomaly scores:
2026-02-03 23:41:56.816 CET | INFO     | Line   76 (run_experiment_gl.py): tensor([1.4089e-04, 1.8199e-04, 3.7466e-04, 1.3603e-05, 8.6290e-06, 4.4132e-05,
        1.8400e-05, 8.6748e-05, 3.8617e-05, 1.7871e-05])
2026-02-03 23:41:56.819 CET | INFO     | Line   78 (run_experiment_gl.py): ##################### test rate: 
2026-02-03 23:41:56.837 CET | INFO     | Line   88 (run_experiment_gl.py): 0.717391304347826
2026-02-03 23:41:56.839 CET | INFO     | Line   89 (run_experiment_gl.py): right classified: 99 out of 138
2026-02-03 23:41:56.851 CET | INFO     | Line   28 (run_experiment_gl.py): ##################### Loading config parameters
2026-02-03 23:41:56.852 CET | INFO     | Line   20 (logging_utils.py): Config parameters:
2026-02-03 23:41:56.853 CET | INFO     | Line   21 (logging_utils.py): 
2026-02-03 23:41:56.855 CET | INFO     | Line   27 (logging_utils.py): hidden_dim: 32
2026-02-03 23:41:56.857 CET | INFO     | Line   27 (logging_utils.py): num_layers: 3
2026-02-03 23:41:56.859 CET | INFO     | Line   27 (logging_utils.py): device: cpu
2026-02-03 23:41:56.860 CET | INFO     | Line   27 (logging_utils.py): lr: 0.001
2026-02-03 23:41:56.861 CET | INFO     | Line   27 (logging_utils.py): epochs: 50
2026-02-03 23:41:56.862 CET | INFO     | Line   27 (logging_utils.py): batch_size: 32
2026-02-03 23:41:56.863 CET | INFO     | Line   27 (logging_utils.py): dataset: MUTAG
2026-02-03 23:41:56.864 CET | INFO     | Line   27 (logging_utils.py): is_logical: True
2026-02-03 23:41:56.866 CET | INFO     | Line   27 (logging_utils.py): constrains_filepath: constrains/data/MUTAG_auto_generated_3_101_102.json
2026-02-03 23:41:56.867 CET | INFO     | Line   25 (logging_utils.py): constrains_handler: GLRuleBasedHandler
2026-02-03 23:41:56.868 CET | INFO     | Line   27 (logging_utils.py): l_factor: 0.1
2026-02-03 23:41:56.869 CET | INFO     | Line   27 (logging_utils.py): save_logs: True
2026-02-03 23:41:56.870 CET | INFO     | Line   29 (logging_utils.py): 
2026-02-03 23:41:56.872 CET | INFO     | Line   30 (logging_utils.py): Training on model: GraphOCGINLossConstrains
2026-02-03 23:41:56.875 CET | INFO     | Line   31 (logging_utils.py): 
2026-02-03 23:41:56.877 CET | INFO     | Line   41 (run_experiment_gl.py): ##################### Loading data
2026-02-03 23:41:56.918 CET | INFO     | Line   45 (run_experiment_gl.py): ##################### creating model
2026-02-03 23:41:56.919 CET | INFO     | Line   48 (run_experiment_gl.py): creating model with number of node features: 7
2026-02-03 23:41:56.926 CET | INFO     | Line   51 (run_experiment_gl.py): ##################### staring training
2026-02-03 23:41:56.928 CET | INFO     | Line   53 (run_experiment_gl.py): setting up the logical constrains
2026-02-03 23:41:57.008 CET | DEBUG    | Line   90 (gl_ocgin.py): Epoch 000 | Loss 0.004061
2026-02-03 23:41:57.123 CET | DEBUG    | Line   90 (gl_ocgin.py): Epoch 010 | Loss 0.003727
2026-02-03 23:41:57.273 CET | DEBUG    | Line   90 (gl_ocgin.py): Epoch 020 | Loss 0.003697
2026-02-03 23:41:57.384 CET | DEBUG    | Line   90 (gl_ocgin.py): Epoch 030 | Loss 0.003688
2026-02-03 23:41:57.498 CET | DEBUG    | Line   90 (gl_ocgin.py): Epoch 040 | Loss 0.003684
2026-02-03 23:41:57.601 CET | INFO     | Line   65 (run_experiment_gl.py): ##################### computing scores
2026-02-03 23:41:57.630 CET | INFO     | Line   69 (run_experiment_gl.py): computed decision boundary on anomaly scores as 95% quantile:
2026-02-03 23:41:57.632 CET | INFO     | Line   72 (run_experiment_gl.py): tensor(0.0003)
2026-02-03 23:41:57.635 CET | INFO     | Line   75 (run_experiment_gl.py): Test anomaly scores:
2026-02-03 23:41:57.636 CET | INFO     | Line   76 (run_experiment_gl.py): tensor([2.4494e-04, 7.8271e-05, 6.6084e-05, 2.0976e-04, 2.3243e-04, 1.5610e-04,
        3.9619e-05, 1.6571e-04, 9.0810e-05, 2.1881e-04])
2026-02-03 23:41:57.639 CET | INFO     | Line   78 (run_experiment_gl.py): ##################### test rate: 
2026-02-03 23:41:57.652 CET | INFO     | Line   88 (run_experiment_gl.py): 0.7608695652173914
2026-02-03 23:41:57.655 CET | INFO     | Line   89 (run_experiment_gl.py): right classified: 105 out of 138
2026-02-03 23:41:57.669 CET | INFO     | Line   28 (run_experiment_gl.py): ##################### Loading config parameters
2026-02-03 23:41:57.672 CET | INFO     | Line   20 (logging_utils.py): Config parameters:
2026-02-03 23:41:57.673 CET | INFO     | Line   21 (logging_utils.py): 
2026-02-03 23:41:57.675 CET | INFO     | Line   27 (logging_utils.py): hidden_dim: 32
2026-02-03 23:41:57.676 CET | INFO     | Line   27 (logging_utils.py): num_layers: 3
2026-02-03 23:41:57.677 CET | INFO     | Line   27 (logging_utils.py): device: cpu
2026-02-03 23:41:57.678 CET | INFO     | Line   27 (logging_utils.py): lr: 0.001
2026-02-03 23:41:57.679 CET | INFO     | Line   27 (logging_utils.py): epochs: 50
2026-02-03 23:41:57.681 CET | INFO     | Line   27 (logging_utils.py): batch_size: 32
2026-02-03 23:41:57.682 CET | INFO     | Line   27 (logging_utils.py): dataset: MUTAG
2026-02-03 23:41:57.683 CET | INFO     | Line   27 (logging_utils.py): is_logical: True
2026-02-03 23:41:57.685 CET | INFO     | Line   27 (logging_utils.py): constrains_filepath: constrains/data/MUTAG_auto_generated_3_101_102.json
2026-02-03 23:41:57.686 CET | INFO     | Line   25 (logging_utils.py): constrains_handler: GLRuleBasedHandler
2026-02-03 23:41:57.688 CET | INFO     | Line   27 (logging_utils.py): l_factor: 0.01
2026-02-03 23:41:57.690 CET | INFO     | Line   27 (logging_utils.py): save_logs: True
2026-02-03 23:41:57.691 CET | INFO     | Line   29 (logging_utils.py): 
2026-02-03 23:41:57.692 CET | INFO     | Line   30 (logging_utils.py): Training on model: GraphOCGINLossConstrains
2026-02-03 23:41:57.694 CET | INFO     | Line   31 (logging_utils.py): 
2026-02-03 23:41:57.695 CET | INFO     | Line   41 (run_experiment_gl.py): ##################### Loading data
2026-02-03 23:41:57.737 CET | INFO     | Line   45 (run_experiment_gl.py): ##################### creating model
2026-02-03 23:41:57.739 CET | INFO     | Line   48 (run_experiment_gl.py): creating model with number of node features: 7
2026-02-03 23:41:57.747 CET | INFO     | Line   51 (run_experiment_gl.py): ##################### staring training
2026-02-03 23:41:57.750 CET | INFO     | Line   53 (run_experiment_gl.py): setting up the logical constrains
2026-02-03 23:41:57.873 CET | DEBUG    | Line   90 (gl_ocgin.py): Epoch 000 | Loss 0.000563
2026-02-03 23:41:57.997 CET | DEBUG    | Line   90 (gl_ocgin.py): Epoch 010 | Loss 0.000392
2026-02-03 23:41:58.117 CET | DEBUG    | Line   90 (gl_ocgin.py): Epoch 020 | Loss 0.000379
2026-02-03 23:41:58.230 CET | DEBUG    | Line   90 (gl_ocgin.py): Epoch 030 | Loss 0.000374
2026-02-03 23:41:58.341 CET | DEBUG    | Line   90 (gl_ocgin.py): Epoch 040 | Loss 0.000372
2026-02-03 23:41:58.447 CET | INFO     | Line   65 (run_experiment_gl.py): ##################### computing scores
2026-02-03 23:41:58.478 CET | INFO     | Line   69 (run_experiment_gl.py): computed decision boundary on anomaly scores as 95% quantile:
2026-02-03 23:41:58.483 CET | INFO     | Line   72 (run_experiment_gl.py): tensor(8.6132e-05)
2026-02-03 23:41:58.486 CET | INFO     | Line   75 (run_experiment_gl.py): Test anomaly scores:
2026-02-03 23:41:58.487 CET | INFO     | Line   76 (run_experiment_gl.py): tensor([1.3429e-04, 3.3311e-05, 1.3285e-05, 1.9278e-05, 3.2396e-05, 6.0291e-06,
        5.1579e-05, 3.0790e-05, 3.2446e-05, 2.0574e-05])
2026-02-03 23:41:58.490 CET | INFO     | Line   78 (run_experiment_gl.py): ##################### test rate: 
2026-02-03 23:41:58.500 CET | INFO     | Line   88 (run_experiment_gl.py): 0.8623188405797102
2026-02-03 23:41:58.501 CET | INFO     | Line   89 (run_experiment_gl.py): right classified: 119 out of 138
2026-02-03 23:41:58.516 CET | INFO     | Line   28 (run_experiment_gl.py): ##################### Loading config parameters
2026-02-03 23:41:58.518 CET | INFO     | Line   20 (logging_utils.py): Config parameters:
2026-02-03 23:41:58.519 CET | INFO     | Line   21 (logging_utils.py): 
2026-02-03 23:41:58.522 CET | INFO     | Line   27 (logging_utils.py): hidden_dim: 32
2026-02-03 23:41:58.524 CET | INFO     | Line   27 (logging_utils.py): num_layers: 3
2026-02-03 23:41:58.526 CET | INFO     | Line   27 (logging_utils.py): device: cpu
2026-02-03 23:41:58.528 CET | INFO     | Line   27 (logging_utils.py): lr: 0.001
2026-02-03 23:41:58.529 CET | INFO     | Line   27 (logging_utils.py): epochs: 50
2026-02-03 23:41:58.531 CET | INFO     | Line   27 (logging_utils.py): batch_size: 32
2026-02-03 23:41:58.532 CET | INFO     | Line   27 (logging_utils.py): dataset: MUTAG
2026-02-03 23:41:58.533 CET | INFO     | Line   27 (logging_utils.py): is_logical: True
2026-02-03 23:41:58.534 CET | INFO     | Line   27 (logging_utils.py): constrains_filepath: constrains/data/MUTAG_auto_generated_3_101_102.json
2026-02-03 23:41:58.535 CET | INFO     | Line   25 (logging_utils.py): constrains_handler: GLRuleBasedHandler
2026-02-03 23:41:58.537 CET | INFO     | Line   27 (logging_utils.py): l_factor: 0.005
2026-02-03 23:41:58.540 CET | INFO     | Line   27 (logging_utils.py): save_logs: True
2026-02-03 23:41:58.542 CET | INFO     | Line   29 (logging_utils.py): 
2026-02-03 23:41:58.544 CET | INFO     | Line   30 (logging_utils.py): Training on model: GraphOCGINLossConstrains
2026-02-03 23:41:58.545 CET | INFO     | Line   31 (logging_utils.py): 
2026-02-03 23:41:58.547 CET | INFO     | Line   41 (run_experiment_gl.py): ##################### Loading data
2026-02-03 23:41:58.609 CET | INFO     | Line   45 (run_experiment_gl.py): ##################### creating model
2026-02-03 23:41:58.612 CET | INFO     | Line   48 (run_experiment_gl.py): creating model with number of node features: 7
2026-02-03 23:41:58.620 CET | INFO     | Line   51 (run_experiment_gl.py): ##################### staring training
2026-02-03 23:41:58.622 CET | INFO     | Line   53 (run_experiment_gl.py): setting up the logical constrains
2026-02-03 23:41:58.800 CET | DEBUG    | Line   90 (gl_ocgin.py): Epoch 000 | Loss 0.000636
2026-02-03 23:41:58.917 CET | DEBUG    | Line   90 (gl_ocgin.py): Epoch 010 | Loss 0.000286
2026-02-03 23:41:59.030 CET | DEBUG    | Line   90 (gl_ocgin.py): Epoch 020 | Loss 0.000219
2026-02-03 23:41:59.176 CET | DEBUG    | Line   90 (gl_ocgin.py): Epoch 030 | Loss 0.000202
2026-02-03 23:41:59.294 CET | DEBUG    | Line   90 (gl_ocgin.py): Epoch 040 | Loss 0.000195
2026-02-03 23:41:59.397 CET | INFO     | Line   65 (run_experiment_gl.py): ##################### computing scores
2026-02-03 23:41:59.425 CET | INFO     | Line   69 (run_experiment_gl.py): computed decision boundary on anomaly scores as 95% quantile:
2026-02-03 23:41:59.428 CET | INFO     | Line   72 (run_experiment_gl.py): tensor(0.0002)
2026-02-03 23:41:59.430 CET | INFO     | Line   75 (run_experiment_gl.py): Test anomaly scores:
2026-02-03 23:41:59.432 CET | INFO     | Line   76 (run_experiment_gl.py): tensor([1.6215e-04, 3.3821e-04, 1.8042e-05, 6.6886e-05, 1.4677e-04, 1.5811e-04,
        1.8160e-05, 8.1241e-05, 2.0187e-05, 1.3895e-04])
2026-02-03 23:41:59.435 CET | INFO     | Line   78 (run_experiment_gl.py): ##################### test rate: 
2026-02-03 23:41:59.455 CET | INFO     | Line   88 (run_experiment_gl.py): 0.6376811594202898
2026-02-03 23:41:59.457 CET | INFO     | Line   89 (run_experiment_gl.py): right classified: 88 out of 138
2026-02-03 23:41:59.473 CET | INFO     | Line   28 (run_experiment_gl.py): ##################### Loading config parameters
2026-02-03 23:41:59.475 CET | INFO     | Line   20 (logging_utils.py): Config parameters:
2026-02-03 23:41:59.477 CET | INFO     | Line   21 (logging_utils.py): 
2026-02-03 23:41:59.479 CET | INFO     | Line   27 (logging_utils.py): hidden_dim: 32
2026-02-03 23:41:59.482 CET | INFO     | Line   27 (logging_utils.py): num_layers: 3
2026-02-03 23:41:59.484 CET | INFO     | Line   27 (logging_utils.py): device: cpu
2026-02-03 23:41:59.486 CET | INFO     | Line   27 (logging_utils.py): lr: 0.001
2026-02-03 23:41:59.488 CET | INFO     | Line   27 (logging_utils.py): epochs: 50
2026-02-03 23:41:59.489 CET | INFO     | Line   27 (logging_utils.py): batch_size: 32
2026-02-03 23:41:59.491 CET | INFO     | Line   27 (logging_utils.py): dataset: MUTAG
2026-02-03 23:41:59.493 CET | INFO     | Line   27 (logging_utils.py): is_logical: True
2026-02-03 23:41:59.495 CET | INFO     | Line   27 (logging_utils.py): constrains_filepath: constrains/data/MUTAG_auto_generated_3_101_102.json
2026-02-03 23:41:59.496 CET | INFO     | Line   25 (logging_utils.py): constrains_handler: GLRuleBasedHandler
2026-02-03 23:41:59.498 CET | INFO     | Line   27 (logging_utils.py): l_factor: 0.001
2026-02-03 23:41:59.500 CET | INFO     | Line   27 (logging_utils.py): save_logs: True
2026-02-03 23:41:59.501 CET | INFO     | Line   29 (logging_utils.py): 
2026-02-03 23:41:59.504 CET | INFO     | Line   30 (logging_utils.py): Training on model: GraphOCGINLossConstrains
2026-02-03 23:41:59.507 CET | INFO     | Line   31 (logging_utils.py): 
2026-02-03 23:41:59.508 CET | INFO     | Line   41 (run_experiment_gl.py): ##################### Loading data
2026-02-03 23:41:59.564 CET | INFO     | Line   45 (run_experiment_gl.py): ##################### creating model
2026-02-03 23:41:59.566 CET | INFO     | Line   48 (run_experiment_gl.py): creating model with number of node features: 7
2026-02-03 23:41:59.570 CET | INFO     | Line   51 (run_experiment_gl.py): ##################### staring training
2026-02-03 23:41:59.572 CET | INFO     | Line   53 (run_experiment_gl.py): setting up the logical constrains
2026-02-03 23:41:59.652 CET | DEBUG    | Line   90 (gl_ocgin.py): Epoch 000 | Loss 0.002079
2026-02-03 23:41:59.768 CET | DEBUG    | Line   90 (gl_ocgin.py): Epoch 010 | Loss 0.000412
2026-02-03 23:41:59.923 CET | DEBUG    | Line   90 (gl_ocgin.py): Epoch 020 | Loss 0.000187
2026-02-03 23:42:00.037 CET | DEBUG    | Line   90 (gl_ocgin.py): Epoch 030 | Loss 0.000122
2026-02-03 23:42:00.151 CET | DEBUG    | Line   90 (gl_ocgin.py): Epoch 040 | Loss 0.000106
2026-02-03 23:42:00.282 CET | INFO     | Line   65 (run_experiment_gl.py): ##################### computing scores
2026-02-03 23:42:00.319 CET | INFO     | Line   69 (run_experiment_gl.py): computed decision boundary on anomaly scores as 95% quantile:
2026-02-03 23:42:00.322 CET | INFO     | Line   72 (run_experiment_gl.py): tensor(0.0018)
2026-02-03 23:42:00.324 CET | INFO     | Line   75 (run_experiment_gl.py): Test anomaly scores:
2026-02-03 23:42:00.326 CET | INFO     | Line   76 (run_experiment_gl.py): tensor([1.1527e-04, 2.6987e-03, 1.8731e-04, 1.1373e-04, 4.7969e-04, 9.4884e-05,
        9.0414e-04, 3.1215e-04, 1.7260e-04, 3.4752e-04])
2026-02-03 23:42:00.328 CET | INFO     | Line   78 (run_experiment_gl.py): ##################### test rate: 
2026-02-03 23:42:00.346 CET | INFO     | Line   88 (run_experiment_gl.py): 0.6739130434782609
2026-02-03 23:42:00.348 CET | INFO     | Line   89 (run_experiment_gl.py): right classified: 93 out of 138
2026-02-03 23:42:00.372 CET | INFO     | Line   28 (run_experiment_gl.py): ##################### Loading config parameters
2026-02-03 23:42:00.375 CET | INFO     | Line   20 (logging_utils.py): Config parameters:
2026-02-03 23:42:00.377 CET | INFO     | Line   21 (logging_utils.py): 
2026-02-03 23:42:00.378 CET | INFO     | Line   27 (logging_utils.py): hidden_dim: 32
2026-02-03 23:42:00.379 CET | INFO     | Line   27 (logging_utils.py): num_layers: 4
2026-02-03 23:42:00.380 CET | INFO     | Line   27 (logging_utils.py): device: cpu
2026-02-03 23:42:00.381 CET | INFO     | Line   27 (logging_utils.py): lr: 0.001
2026-02-03 23:42:00.382 CET | INFO     | Line   27 (logging_utils.py): epochs: 50
2026-02-03 23:42:00.383 CET | INFO     | Line   27 (logging_utils.py): batch_size: 32
2026-02-03 23:42:00.385 CET | INFO     | Line   27 (logging_utils.py): dataset: MUTAG
2026-02-03 23:42:00.386 CET | INFO     | Line   27 (logging_utils.py): is_logical: False
2026-02-03 23:42:00.387 CET | INFO     | Line   27 (logging_utils.py): constrains_filepath: constrains/data/MUTAG_auto_generated_2_101_102.json
2026-02-03 23:42:00.389 CET | INFO     | Line   25 (logging_utils.py): constrains_handler: GLRuleBasedHandler
2026-02-03 23:42:00.391 CET | INFO     | Line   27 (logging_utils.py): l_factor: 0.1
2026-02-03 23:42:00.393 CET | INFO     | Line   27 (logging_utils.py): save_logs: True
2026-02-03 23:42:00.394 CET | INFO     | Line   29 (logging_utils.py): 
2026-02-03 23:42:00.396 CET | INFO     | Line   30 (logging_utils.py): Training on model: GraphOCGIN
2026-02-03 23:42:00.400 CET | INFO     | Line   31 (logging_utils.py): 
2026-02-03 23:42:00.402 CET | INFO     | Line   41 (run_experiment_gl.py): ##################### Loading data
2026-02-03 23:42:00.466 CET | INFO     | Line   45 (run_experiment_gl.py): ##################### creating model
2026-02-03 23:42:00.468 CET | INFO     | Line   48 (run_experiment_gl.py): creating model with number of node features: 7
2026-02-03 23:42:00.479 CET | INFO     | Line   51 (run_experiment_gl.py): ##################### staring training
2026-02-03 23:42:00.530 CET | DEBUG    | Line   85 (graph_level_ocgin.py): Epoch 000 | Loss 0.001053
2026-02-03 23:42:00.549 CET | DEBUG    | Line   85 (graph_level_ocgin.py): Epoch 001 | Loss 0.000440
2026-02-03 23:42:00.566 CET | DEBUG    | Line   85 (graph_level_ocgin.py): Epoch 002 | Loss 0.000765
2026-02-03 23:42:00.590 CET | DEBUG    | Line   85 (graph_level_ocgin.py): Epoch 003 | Loss 0.000171
2026-02-03 23:42:00.613 CET | DEBUG    | Line   85 (graph_level_ocgin.py): Epoch 004 | Loss 0.000360
2026-02-03 23:42:00.637 CET | DEBUG    | Line   85 (graph_level_ocgin.py): Epoch 005 | Loss 0.000285
2026-02-03 23:42:00.651 CET | DEBUG    | Line   85 (graph_level_ocgin.py): Epoch 006 | Loss 0.000103
2026-02-03 23:42:00.673 CET | DEBUG    | Line   85 (graph_level_ocgin.py): Epoch 007 | Loss 0.000162
2026-02-03 23:42:00.687 CET | DEBUG    | Line   85 (graph_level_ocgin.py): Epoch 008 | Loss 0.000153
2026-02-03 23:42:00.722 CET | DEBUG    | Line   85 (graph_level_ocgin.py): Epoch 009 | Loss 0.000074
2026-02-03 23:42:00.751 CET | DEBUG    | Line   85 (graph_level_ocgin.py): Epoch 010 | Loss 0.000100
2026-02-03 23:42:00.776 CET | DEBUG    | Line   85 (graph_level_ocgin.py): Epoch 011 | Loss 0.000096
2026-02-03 23:42:00.797 CET | DEBUG    | Line   85 (graph_level_ocgin.py): Epoch 012 | Loss 0.000050
2026-02-03 23:42:00.817 CET | DEBUG    | Line   85 (graph_level_ocgin.py): Epoch 013 | Loss 0.000063
2026-02-03 23:42:00.837 CET | DEBUG    | Line   85 (graph_level_ocgin.py): Epoch 014 | Loss 0.000060
2026-02-03 23:42:00.855 CET | DEBUG    | Line   85 (graph_level_ocgin.py): Epoch 015 | Loss 0.000037
2026-02-03 23:42:00.879 CET | DEBUG    | Line   85 (graph_level_ocgin.py): Epoch 016 | Loss 0.000041
2026-02-03 23:42:00.899 CET | DEBUG    | Line   85 (graph_level_ocgin.py): Epoch 017 | Loss 0.000043
2026-02-03 23:42:00.921 CET | DEBUG    | Line   85 (graph_level_ocgin.py): Epoch 018 | Loss 0.000027
2026-02-03 23:42:00.939 CET | DEBUG    | Line   85 (graph_level_ocgin.py): Epoch 019 | Loss 0.000032
2026-02-03 23:42:00.971 CET | DEBUG    | Line   85 (graph_level_ocgin.py): Epoch 020 | Loss 0.000030
2026-02-03 23:42:00.994 CET | DEBUG    | Line   85 (graph_level_ocgin.py): Epoch 021 | Loss 0.000021
2026-02-03 23:42:01.021 CET | DEBUG    | Line   85 (graph_level_ocgin.py): Epoch 022 | Loss 0.000025
2026-02-03 23:42:01.044 CET | DEBUG    | Line   85 (graph_level_ocgin.py): Epoch 023 | Loss 0.000023
2026-02-03 23:42:01.067 CET | DEBUG    | Line   85 (graph_level_ocgin.py): Epoch 024 | Loss 0.000018
2026-02-03 23:42:01.101 CET | DEBUG    | Line   85 (graph_level_ocgin.py): Epoch 025 | Loss 0.000020
2026-02-03 23:42:01.127 CET | DEBUG    | Line   85 (graph_level_ocgin.py): Epoch 026 | Loss 0.000018
2026-02-03 23:42:01.155 CET | DEBUG    | Line   85 (graph_level_ocgin.py): Epoch 027 | Loss 0.000017
2026-02-03 23:42:01.180 CET | DEBUG    | Line   85 (graph_level_ocgin.py): Epoch 028 | Loss 0.000016
2026-02-03 23:42:01.227 CET | DEBUG    | Line   85 (graph_level_ocgin.py): Epoch 029 | Loss 0.000015
2026-02-03 23:42:01.256 CET | DEBUG    | Line   85 (graph_level_ocgin.py): Epoch 030 | Loss 0.000017
2026-02-03 23:42:01.325 CET | DEBUG    | Line   85 (graph_level_ocgin.py): Epoch 031 | Loss 0.000015
2026-02-03 23:42:01.370 CET | DEBUG    | Line   85 (graph_level_ocgin.py): Epoch 032 | Loss 0.000014
2026-02-03 23:42:01.390 CET | DEBUG    | Line   85 (graph_level_ocgin.py): Epoch 033 | Loss 0.000013
2026-02-03 23:42:01.412 CET | DEBUG    | Line   85 (graph_level_ocgin.py): Epoch 034 | Loss 0.000013
2026-02-03 23:42:01.433 CET | DEBUG    | Line   85 (graph_level_ocgin.py): Epoch 035 | Loss 0.000013
2026-02-03 23:42:01.462 CET | DEBUG    | Line   85 (graph_level_ocgin.py): Epoch 036 | Loss 0.000012
2026-02-03 23:42:01.492 CET | DEBUG    | Line   85 (graph_level_ocgin.py): Epoch 037 | Loss 0.000012
2026-02-03 23:42:01.509 CET | DEBUG    | Line   85 (graph_level_ocgin.py): Epoch 038 | Loss 0.000012
2026-02-03 23:42:01.541 CET | DEBUG    | Line   85 (graph_level_ocgin.py): Epoch 039 | Loss 0.000011
2026-02-03 23:42:01.564 CET | DEBUG    | Line   85 (graph_level_ocgin.py): Epoch 040 | Loss 0.000011
2026-02-03 23:42:01.584 CET | DEBUG    | Line   85 (graph_level_ocgin.py): Epoch 041 | Loss 0.000011
2026-02-03 23:42:01.600 CET | DEBUG    | Line   85 (graph_level_ocgin.py): Epoch 042 | Loss 0.000011
2026-02-03 23:42:01.620 CET | DEBUG    | Line   85 (graph_level_ocgin.py): Epoch 043 | Loss 0.000010
2026-02-03 23:42:01.636 CET | DEBUG    | Line   85 (graph_level_ocgin.py): Epoch 044 | Loss 0.000010
2026-02-03 23:42:01.657 CET | DEBUG    | Line   85 (graph_level_ocgin.py): Epoch 045 | Loss 0.000009
2026-02-03 23:42:01.678 CET | DEBUG    | Line   85 (graph_level_ocgin.py): Epoch 046 | Loss 0.000010
2026-02-03 23:42:01.698 CET | DEBUG    | Line   85 (graph_level_ocgin.py): Epoch 047 | Loss 0.000009
2026-02-03 23:42:01.717 CET | DEBUG    | Line   85 (graph_level_ocgin.py): Epoch 048 | Loss 0.000009
2026-02-03 23:42:01.735 CET | DEBUG    | Line   85 (graph_level_ocgin.py): Epoch 049 | Loss 0.000009
2026-02-03 23:42:01.737 CET | INFO     | Line   65 (run_experiment_gl.py): ##################### computing scores
2026-02-03 23:42:01.773 CET | INFO     | Line   69 (run_experiment_gl.py): computed decision boundary on anomaly scores as 95% quantile:
2026-02-03 23:42:01.775 CET | INFO     | Line   72 (run_experiment_gl.py): tensor(2.1302e-05)
2026-02-03 23:42:01.777 CET | INFO     | Line   75 (run_experiment_gl.py): Test anomaly scores:
2026-02-03 23:42:01.780 CET | INFO     | Line   76 (run_experiment_gl.py): tensor([9.1136e-06, 3.3648e-06, 1.3127e-05, 1.1475e-05, 3.3812e-06, 5.4421e-06,
        1.2150e-05, 1.1285e-05, 9.1946e-06, 5.4153e-06])
2026-02-03 23:42:01.783 CET | INFO     | Line   78 (run_experiment_gl.py): ##################### test rate: 
2026-02-03 23:42:01.795 CET | INFO     | Line   88 (run_experiment_gl.py): 0.7391304347826086
2026-02-03 23:42:01.796 CET | INFO     | Line   89 (run_experiment_gl.py): right classified: 102 out of 138
2026-02-03 23:42:01.819 CET | INFO     | Line   28 (run_experiment_gl.py): ##################### Loading config parameters
2026-02-03 23:42:01.821 CET | INFO     | Line   20 (logging_utils.py): Config parameters:
2026-02-03 23:42:01.822 CET | INFO     | Line   21 (logging_utils.py): 
2026-02-03 23:42:01.824 CET | INFO     | Line   27 (logging_utils.py): hidden_dim: 32
2026-02-03 23:42:01.825 CET | INFO     | Line   27 (logging_utils.py): num_layers: 4
2026-02-03 23:42:01.826 CET | INFO     | Line   27 (logging_utils.py): device: cpu
2026-02-03 23:42:01.828 CET | INFO     | Line   27 (logging_utils.py): lr: 0.001
2026-02-03 23:42:01.829 CET | INFO     | Line   27 (logging_utils.py): epochs: 50
2026-02-03 23:42:01.830 CET | INFO     | Line   27 (logging_utils.py): batch_size: 32
2026-02-03 23:42:01.831 CET | INFO     | Line   27 (logging_utils.py): dataset: MUTAG
2026-02-03 23:42:01.832 CET | INFO     | Line   27 (logging_utils.py): is_logical: True
2026-02-03 23:42:01.833 CET | INFO     | Line   27 (logging_utils.py): constrains_filepath: constrains/data/MUTAG_auto_generated_2_101_102.json
2026-02-03 23:42:01.834 CET | INFO     | Line   25 (logging_utils.py): constrains_handler: GLRuleBasedHandler
2026-02-03 23:42:01.837 CET | INFO     | Line   27 (logging_utils.py): l_factor: 0.1
2026-02-03 23:42:01.839 CET | INFO     | Line   27 (logging_utils.py): save_logs: True
2026-02-03 23:42:01.841 CET | INFO     | Line   29 (logging_utils.py): 
2026-02-03 23:42:01.843 CET | INFO     | Line   30 (logging_utils.py): Training on model: GraphOCGINLossConstrains
2026-02-03 23:42:01.845 CET | INFO     | Line   31 (logging_utils.py): 
2026-02-03 23:42:01.848 CET | INFO     | Line   41 (run_experiment_gl.py): ##################### Loading data
2026-02-03 23:42:01.891 CET | INFO     | Line   45 (run_experiment_gl.py): ##################### creating model
2026-02-03 23:42:01.892 CET | INFO     | Line   48 (run_experiment_gl.py): creating model with number of node features: 7
2026-02-03 23:42:01.898 CET | INFO     | Line   51 (run_experiment_gl.py): ##################### staring training
2026-02-03 23:42:01.899 CET | INFO     | Line   53 (run_experiment_gl.py): setting up the logical constrains
2026-02-03 23:42:01.981 CET | DEBUG    | Line   90 (gl_ocgin.py): Epoch 000 | Loss 0.002930
2026-02-03 23:42:02.115 CET | DEBUG    | Line   90 (gl_ocgin.py): Epoch 010 | Loss 0.002788
2026-02-03 23:42:02.247 CET | DEBUG    | Line   90 (gl_ocgin.py): Epoch 020 | Loss 0.002782
2026-02-03 23:42:02.386 CET | DEBUG    | Line   90 (gl_ocgin.py): Epoch 030 | Loss 0.002780
2026-02-03 23:42:02.516 CET | DEBUG    | Line   90 (gl_ocgin.py): Epoch 040 | Loss 0.002780
2026-02-03 23:42:02.633 CET | INFO     | Line   65 (run_experiment_gl.py): ##################### computing scores
2026-02-03 23:42:02.670 CET | INFO     | Line   69 (run_experiment_gl.py): computed decision boundary on anomaly scores as 95% quantile:
2026-02-03 23:42:02.672 CET | INFO     | Line   72 (run_experiment_gl.py): tensor(5.0480e-05)
2026-02-03 23:42:02.675 CET | INFO     | Line   75 (run_experiment_gl.py): Test anomaly scores:
2026-02-03 23:42:02.677 CET | INFO     | Line   76 (run_experiment_gl.py): tensor([1.0900e-05, 1.5586e-05, 1.2120e-04, 1.6258e-04, 3.4217e-05, 2.8399e-06,
        2.5581e-05, 8.9709e-06, 6.1600e-06, 1.9654e-05])
2026-02-03 23:42:02.682 CET | INFO     | Line   78 (run_experiment_gl.py): ##################### test rate: 
2026-02-03 23:42:02.698 CET | INFO     | Line   88 (run_experiment_gl.py): 0.7101449275362319
2026-02-03 23:42:02.700 CET | INFO     | Line   89 (run_experiment_gl.py): right classified: 98 out of 138
2026-02-03 23:42:02.717 CET | INFO     | Line   28 (run_experiment_gl.py): ##################### Loading config parameters
2026-02-03 23:42:02.721 CET | INFO     | Line   20 (logging_utils.py): Config parameters:
2026-02-03 23:42:02.723 CET | INFO     | Line   21 (logging_utils.py): 
2026-02-03 23:42:02.725 CET | INFO     | Line   27 (logging_utils.py): hidden_dim: 32
2026-02-03 23:42:02.727 CET | INFO     | Line   27 (logging_utils.py): num_layers: 4
2026-02-03 23:42:02.729 CET | INFO     | Line   27 (logging_utils.py): device: cpu
2026-02-03 23:42:02.731 CET | INFO     | Line   27 (logging_utils.py): lr: 0.001
2026-02-03 23:42:02.732 CET | INFO     | Line   27 (logging_utils.py): epochs: 50
2026-02-03 23:42:02.734 CET | INFO     | Line   27 (logging_utils.py): batch_size: 32
2026-02-03 23:42:02.738 CET | INFO     | Line   27 (logging_utils.py): dataset: MUTAG
2026-02-03 23:42:02.740 CET | INFO     | Line   27 (logging_utils.py): is_logical: True
2026-02-03 23:42:02.742 CET | INFO     | Line   27 (logging_utils.py): constrains_filepath: constrains/data/MUTAG_auto_generated_2_101_102.json
2026-02-03 23:42:02.744 CET | INFO     | Line   25 (logging_utils.py): constrains_handler: GLRuleBasedHandler
2026-02-03 23:42:02.746 CET | INFO     | Line   27 (logging_utils.py): l_factor: 0.01
2026-02-03 23:42:02.748 CET | INFO     | Line   27 (logging_utils.py): save_logs: True
2026-02-03 23:42:02.749 CET | INFO     | Line   29 (logging_utils.py): 
2026-02-03 23:42:02.752 CET | INFO     | Line   30 (logging_utils.py): Training on model: GraphOCGINLossConstrains
2026-02-03 23:42:02.755 CET | INFO     | Line   31 (logging_utils.py): 
2026-02-03 23:42:02.757 CET | INFO     | Line   41 (run_experiment_gl.py): ##################### Loading data
2026-02-03 23:42:02.822 CET | INFO     | Line   45 (run_experiment_gl.py): ##################### creating model
2026-02-03 23:42:02.825 CET | INFO     | Line   48 (run_experiment_gl.py): creating model with number of node features: 7
2026-02-03 23:42:02.835 CET | INFO     | Line   51 (run_experiment_gl.py): ##################### staring training
2026-02-03 23:42:02.836 CET | INFO     | Line   53 (run_experiment_gl.py): setting up the logical constrains
2026-02-03 23:42:02.928 CET | DEBUG    | Line   90 (gl_ocgin.py): Epoch 000 | Loss 0.000537
2026-02-03 23:42:03.090 CET | DEBUG    | Line   90 (gl_ocgin.py): Epoch 010 | Loss 0.000312
2026-02-03 23:42:03.269 CET | DEBUG    | Line   90 (gl_ocgin.py): Epoch 020 | Loss 0.000291
2026-02-03 23:42:03.474 CET | DEBUG    | Line   90 (gl_ocgin.py): Epoch 030 | Loss 0.000286
2026-02-03 23:42:03.603 CET | DEBUG    | Line   90 (gl_ocgin.py): Epoch 040 | Loss 0.000285
2026-02-03 23:42:03.723 CET | INFO     | Line   65 (run_experiment_gl.py): ##################### computing scores
2026-02-03 23:42:03.755 CET | INFO     | Line   69 (run_experiment_gl.py): computed decision boundary on anomaly scores as 95% quantile:
2026-02-03 23:42:03.758 CET | INFO     | Line   72 (run_experiment_gl.py): tensor(0.0001)
2026-02-03 23:42:03.761 CET | INFO     | Line   75 (run_experiment_gl.py): Test anomaly scores:
2026-02-03 23:42:03.763 CET | INFO     | Line   76 (run_experiment_gl.py): tensor([1.5313e-05, 9.0217e-05, 6.6174e-05, 1.3074e-05, 1.2697e-05, 3.7725e-05,
        8.0478e-05, 3.3989e-05, 1.7480e-05, 1.1527e-04])
2026-02-03 23:42:03.766 CET | INFO     | Line   78 (run_experiment_gl.py): ##################### test rate: 
2026-02-03 23:42:03.788 CET | INFO     | Line   88 (run_experiment_gl.py): 0.7681159420289855
2026-02-03 23:42:03.791 CET | INFO     | Line   89 (run_experiment_gl.py): right classified: 106 out of 138
2026-02-03 23:42:03.810 CET | INFO     | Line   28 (run_experiment_gl.py): ##################### Loading config parameters
2026-02-03 23:42:03.813 CET | INFO     | Line   20 (logging_utils.py): Config parameters:
2026-02-03 23:42:03.816 CET | INFO     | Line   21 (logging_utils.py): 
2026-02-03 23:42:03.819 CET | INFO     | Line   27 (logging_utils.py): hidden_dim: 32
2026-02-03 23:42:03.822 CET | INFO     | Line   27 (logging_utils.py): num_layers: 4
2026-02-03 23:42:03.825 CET | INFO     | Line   27 (logging_utils.py): device: cpu
2026-02-03 23:42:03.828 CET | INFO     | Line   27 (logging_utils.py): lr: 0.001
2026-02-03 23:42:03.831 CET | INFO     | Line   27 (logging_utils.py): epochs: 50
2026-02-03 23:42:03.833 CET | INFO     | Line   27 (logging_utils.py): batch_size: 32
2026-02-03 23:42:03.837 CET | INFO     | Line   27 (logging_utils.py): dataset: MUTAG
2026-02-03 23:42:03.840 CET | INFO     | Line   27 (logging_utils.py): is_logical: True
2026-02-03 23:42:03.842 CET | INFO     | Line   27 (logging_utils.py): constrains_filepath: constrains/data/MUTAG_auto_generated_2_101_102.json
2026-02-03 23:42:03.844 CET | INFO     | Line   25 (logging_utils.py): constrains_handler: GLRuleBasedHandler
2026-02-03 23:42:03.846 CET | INFO     | Line   27 (logging_utils.py): l_factor: 0.005
2026-02-03 23:42:03.848 CET | INFO     | Line   27 (logging_utils.py): save_logs: True
2026-02-03 23:42:03.849 CET | INFO     | Line   29 (logging_utils.py): 
2026-02-03 23:42:03.850 CET | INFO     | Line   30 (logging_utils.py): Training on model: GraphOCGINLossConstrains
2026-02-03 23:42:03.853 CET | INFO     | Line   31 (logging_utils.py): 
2026-02-03 23:42:03.856 CET | INFO     | Line   41 (run_experiment_gl.py): ##################### Loading data
2026-02-03 23:42:03.915 CET | INFO     | Line   45 (run_experiment_gl.py): ##################### creating model
2026-02-03 23:42:03.917 CET | INFO     | Line   48 (run_experiment_gl.py): creating model with number of node features: 7
2026-02-03 23:42:03.923 CET | INFO     | Line   51 (run_experiment_gl.py): ##################### staring training
2026-02-03 23:42:03.924 CET | INFO     | Line   53 (run_experiment_gl.py): setting up the logical constrains
2026-02-03 23:42:04.032 CET | DEBUG    | Line   90 (gl_ocgin.py): Epoch 000 | Loss 0.000224
2026-02-03 23:42:04.226 CET | DEBUG    | Line   90 (gl_ocgin.py): Epoch 010 | Loss 0.000157
2026-02-03 23:42:04.382 CET | DEBUG    | Line   90 (gl_ocgin.py): Epoch 020 | Loss 0.000149
2026-02-03 23:42:04.542 CET | DEBUG    | Line   90 (gl_ocgin.py): Epoch 030 | Loss 0.000145
2026-02-03 23:42:04.700 CET | DEBUG    | Line   90 (gl_ocgin.py): Epoch 040 | Loss 0.000143
2026-02-03 23:42:04.827 CET | INFO     | Line   65 (run_experiment_gl.py): ##################### computing scores
2026-02-03 23:42:04.867 CET | INFO     | Line   69 (run_experiment_gl.py): computed decision boundary on anomaly scores as 95% quantile:
2026-02-03 23:42:04.870 CET | INFO     | Line   72 (run_experiment_gl.py): tensor(5.8319e-05)
2026-02-03 23:42:04.873 CET | INFO     | Line   75 (run_experiment_gl.py): Test anomaly scores:
2026-02-03 23:42:04.875 CET | INFO     | Line   76 (run_experiment_gl.py): tensor([1.0937e-05, 6.4904e-05, 1.9417e-05, 3.9300e-05, 3.3935e-06, 5.0959e-06,
        8.0386e-06, 3.7197e-05, 3.7938e-06, 1.0085e-05])
2026-02-03 23:42:04.878 CET | INFO     | Line   78 (run_experiment_gl.py): ##################### test rate: 
2026-02-03 23:42:04.890 CET | INFO     | Line   88 (run_experiment_gl.py): 0.8043478260869565
2026-02-03 23:42:04.892 CET | INFO     | Line   89 (run_experiment_gl.py): right classified: 111 out of 138
2026-02-03 23:42:04.907 CET | INFO     | Line   28 (run_experiment_gl.py): ##################### Loading config parameters
2026-02-03 23:42:04.908 CET | INFO     | Line   20 (logging_utils.py): Config parameters:
2026-02-03 23:42:04.911 CET | INFO     | Line   21 (logging_utils.py): 
2026-02-03 23:42:04.914 CET | INFO     | Line   27 (logging_utils.py): hidden_dim: 32
2026-02-03 23:42:04.916 CET | INFO     | Line   27 (logging_utils.py): num_layers: 4
2026-02-03 23:42:04.918 CET | INFO     | Line   27 (logging_utils.py): device: cpu
2026-02-03 23:42:04.920 CET | INFO     | Line   27 (logging_utils.py): lr: 0.001
2026-02-03 23:42:04.921 CET | INFO     | Line   27 (logging_utils.py): epochs: 50
2026-02-03 23:42:04.922 CET | INFO     | Line   27 (logging_utils.py): batch_size: 32
2026-02-03 23:42:04.924 CET | INFO     | Line   27 (logging_utils.py): dataset: MUTAG
2026-02-03 23:42:04.925 CET | INFO     | Line   27 (logging_utils.py): is_logical: True
2026-02-03 23:42:04.926 CET | INFO     | Line   27 (logging_utils.py): constrains_filepath: constrains/data/MUTAG_auto_generated_2_101_102.json
2026-02-03 23:42:04.928 CET | INFO     | Line   25 (logging_utils.py): constrains_handler: GLRuleBasedHandler
2026-02-03 23:42:04.929 CET | INFO     | Line   27 (logging_utils.py): l_factor: 0.001
2026-02-03 23:42:04.930 CET | INFO     | Line   27 (logging_utils.py): save_logs: True
2026-02-03 23:42:04.931 CET | INFO     | Line   29 (logging_utils.py): 
2026-02-03 23:42:04.932 CET | INFO     | Line   30 (logging_utils.py): Training on model: GraphOCGINLossConstrains
2026-02-03 23:42:04.933 CET | INFO     | Line   31 (logging_utils.py): 
2026-02-03 23:42:04.936 CET | INFO     | Line   41 (run_experiment_gl.py): ##################### Loading data
2026-02-03 23:42:04.981 CET | INFO     | Line   45 (run_experiment_gl.py): ##################### creating model
2026-02-03 23:42:04.982 CET | INFO     | Line   48 (run_experiment_gl.py): creating model with number of node features: 7
2026-02-03 23:42:04.988 CET | INFO     | Line   51 (run_experiment_gl.py): ##################### staring training
2026-02-03 23:42:04.990 CET | INFO     | Line   53 (run_experiment_gl.py): setting up the logical constrains
2026-02-03 23:42:05.073 CET | DEBUG    | Line   90 (gl_ocgin.py): Epoch 000 | Loss 0.000092
2026-02-03 23:42:05.233 CET | DEBUG    | Line   90 (gl_ocgin.py): Epoch 010 | Loss 0.000033
2026-02-03 23:42:05.446 CET | DEBUG    | Line   90 (gl_ocgin.py): Epoch 020 | Loss 0.000030
2026-02-03 23:42:05.611 CET | DEBUG    | Line   90 (gl_ocgin.py): Epoch 030 | Loss 0.000030
2026-02-03 23:42:05.772 CET | DEBUG    | Line   90 (gl_ocgin.py): Epoch 040 | Loss 0.000029
2026-02-03 23:42:05.898 CET | INFO     | Line   65 (run_experiment_gl.py): ##################### computing scores
2026-02-03 23:42:05.938 CET | INFO     | Line   69 (run_experiment_gl.py): computed decision boundary on anomaly scores as 95% quantile:
2026-02-03 23:42:05.947 CET | INFO     | Line   72 (run_experiment_gl.py): tensor(1.9198e-05)
2026-02-03 23:42:05.952 CET | INFO     | Line   75 (run_experiment_gl.py): Test anomaly scores:
2026-02-03 23:42:05.956 CET | INFO     | Line   76 (run_experiment_gl.py): tensor([8.6880e-06, 5.8268e-06, 7.7588e-06, 1.3684e-05, 8.0458e-06, 9.4542e-06,
        7.8407e-06, 1.1836e-05, 7.5632e-06, 9.7285e-06])
2026-02-03 23:42:05.959 CET | INFO     | Line   78 (run_experiment_gl.py): ##################### test rate: 
2026-02-03 23:42:05.977 CET | INFO     | Line   88 (run_experiment_gl.py): 0.7318840579710145
2026-02-03 23:42:05.979 CET | INFO     | Line   89 (run_experiment_gl.py): right classified: 101 out of 138
2026-02-03 23:42:05.996 CET | INFO     | Line   28 (run_experiment_gl.py): ##################### Loading config parameters
2026-02-03 23:42:05.999 CET | INFO     | Line   20 (logging_utils.py): Config parameters:
2026-02-03 23:42:06.002 CET | INFO     | Line   21 (logging_utils.py): 
2026-02-03 23:42:06.005 CET | INFO     | Line   27 (logging_utils.py): hidden_dim: 32
2026-02-03 23:42:06.008 CET | INFO     | Line   27 (logging_utils.py): num_layers: 4
2026-02-03 23:42:06.011 CET | INFO     | Line   27 (logging_utils.py): device: cpu
2026-02-03 23:42:06.013 CET | INFO     | Line   27 (logging_utils.py): lr: 0.001
2026-02-03 23:42:06.016 CET | INFO     | Line   27 (logging_utils.py): epochs: 50
2026-02-03 23:42:06.019 CET | INFO     | Line   27 (logging_utils.py): batch_size: 32
2026-02-03 23:42:06.022 CET | INFO     | Line   27 (logging_utils.py): dataset: MUTAG
2026-02-03 23:42:06.025 CET | INFO     | Line   27 (logging_utils.py): is_logical: True
2026-02-03 23:42:06.028 CET | INFO     | Line   27 (logging_utils.py): constrains_filepath: constrains/data/MUTAG_auto_generated_3_101_102.json
2026-02-03 23:42:06.032 CET | INFO     | Line   25 (logging_utils.py): constrains_handler: GLRuleBasedHandler
2026-02-03 23:42:06.035 CET | INFO     | Line   27 (logging_utils.py): l_factor: 0.1
2026-02-03 23:42:06.039 CET | INFO     | Line   27 (logging_utils.py): save_logs: True
2026-02-03 23:42:06.042 CET | INFO     | Line   29 (logging_utils.py): 
2026-02-03 23:42:06.043 CET | INFO     | Line   30 (logging_utils.py): Training on model: GraphOCGINLossConstrains
2026-02-03 23:42:06.045 CET | INFO     | Line   31 (logging_utils.py): 
2026-02-03 23:42:06.047 CET | INFO     | Line   41 (run_experiment_gl.py): ##################### Loading data
2026-02-03 23:42:06.099 CET | INFO     | Line   45 (run_experiment_gl.py): ##################### creating model
2026-02-03 23:42:06.102 CET | INFO     | Line   48 (run_experiment_gl.py): creating model with number of node features: 7
2026-02-03 23:42:06.113 CET | INFO     | Line   51 (run_experiment_gl.py): ##################### staring training
2026-02-03 23:42:06.116 CET | INFO     | Line   53 (run_experiment_gl.py): setting up the logical constrains
2026-02-03 23:42:06.209 CET | DEBUG    | Line   90 (gl_ocgin.py): Epoch 000 | Loss 0.003815
2026-02-03 23:42:06.368 CET | DEBUG    | Line   90 (gl_ocgin.py): Epoch 010 | Loss 0.003685
2026-02-03 23:42:06.552 CET | DEBUG    | Line   90 (gl_ocgin.py): Epoch 020 | Loss 0.003677
2026-02-03 23:42:06.737 CET | DEBUG    | Line   90 (gl_ocgin.py): Epoch 030 | Loss 0.003675
2026-02-03 23:42:06.901 CET | DEBUG    | Line   90 (gl_ocgin.py): Epoch 040 | Loss 0.003673
2026-02-03 23:42:07.019 CET | INFO     | Line   65 (run_experiment_gl.py): ##################### computing scores
2026-02-03 23:42:07.067 CET | INFO     | Line   69 (run_experiment_gl.py): computed decision boundary on anomaly scores as 95% quantile:
2026-02-03 23:42:07.070 CET | INFO     | Line   72 (run_experiment_gl.py): tensor(9.0802e-05)
2026-02-03 23:42:07.073 CET | INFO     | Line   75 (run_experiment_gl.py): Test anomaly scores:
2026-02-03 23:42:07.075 CET | INFO     | Line   76 (run_experiment_gl.py): tensor([5.9419e-05, 2.4632e-05, 8.1748e-06, 7.8890e-06, 7.4139e-05, 1.0667e-05,
        1.4654e-05, 2.9345e-05, 5.5703e-05, 9.6529e-05])
2026-02-03 23:42:07.080 CET | INFO     | Line   78 (run_experiment_gl.py): ##################### test rate: 
2026-02-03 23:42:07.099 CET | INFO     | Line   88 (run_experiment_gl.py): 0.7753623188405797
2026-02-03 23:42:07.102 CET | INFO     | Line   89 (run_experiment_gl.py): right classified: 107 out of 138
2026-02-03 23:42:07.121 CET | INFO     | Line   28 (run_experiment_gl.py): ##################### Loading config parameters
2026-02-03 23:42:07.124 CET | INFO     | Line   20 (logging_utils.py): Config parameters:
2026-02-03 23:42:07.126 CET | INFO     | Line   21 (logging_utils.py): 
2026-02-03 23:42:07.129 CET | INFO     | Line   27 (logging_utils.py): hidden_dim: 32
2026-02-03 23:42:07.131 CET | INFO     | Line   27 (logging_utils.py): num_layers: 4
2026-02-03 23:42:07.132 CET | INFO     | Line   27 (logging_utils.py): device: cpu
2026-02-03 23:42:07.136 CET | INFO     | Line   27 (logging_utils.py): lr: 0.001
2026-02-03 23:42:07.138 CET | INFO     | Line   27 (logging_utils.py): epochs: 50
2026-02-03 23:42:07.141 CET | INFO     | Line   27 (logging_utils.py): batch_size: 32
2026-02-03 23:42:07.143 CET | INFO     | Line   27 (logging_utils.py): dataset: MUTAG
2026-02-03 23:42:07.145 CET | INFO     | Line   27 (logging_utils.py): is_logical: True
2026-02-03 23:42:07.146 CET | INFO     | Line   27 (logging_utils.py): constrains_filepath: constrains/data/MUTAG_auto_generated_3_101_102.json
2026-02-03 23:42:07.148 CET | INFO     | Line   25 (logging_utils.py): constrains_handler: GLRuleBasedHandler
2026-02-03 23:42:07.149 CET | INFO     | Line   27 (logging_utils.py): l_factor: 0.01
2026-02-03 23:42:07.151 CET | INFO     | Line   27 (logging_utils.py): save_logs: True
2026-02-03 23:42:07.154 CET | INFO     | Line   29 (logging_utils.py): 
2026-02-03 23:42:07.156 CET | INFO     | Line   30 (logging_utils.py): Training on model: GraphOCGINLossConstrains
2026-02-03 23:42:07.158 CET | INFO     | Line   31 (logging_utils.py): 
2026-02-03 23:42:07.160 CET | INFO     | Line   41 (run_experiment_gl.py): ##################### Loading data
2026-02-03 23:42:07.203 CET | INFO     | Line   45 (run_experiment_gl.py): ##################### creating model
2026-02-03 23:42:07.206 CET | INFO     | Line   48 (run_experiment_gl.py): creating model with number of node features: 7
2026-02-03 23:42:07.216 CET | INFO     | Line   51 (run_experiment_gl.py): ##################### staring training
2026-02-03 23:42:07.219 CET | INFO     | Line   53 (run_experiment_gl.py): setting up the logical constrains
2026-02-03 23:42:07.305 CET | DEBUG    | Line   90 (gl_ocgin.py): Epoch 000 | Loss 0.000505
2026-02-03 23:42:07.452 CET | DEBUG    | Line   90 (gl_ocgin.py): Epoch 010 | Loss 0.000398
2026-02-03 23:42:07.608 CET | DEBUG    | Line   90 (gl_ocgin.py): Epoch 020 | Loss 0.000380
2026-02-03 23:42:07.737 CET | DEBUG    | Line   90 (gl_ocgin.py): Epoch 030 | Loss 0.000375
2026-02-03 23:42:07.866 CET | DEBUG    | Line   90 (gl_ocgin.py): Epoch 040 | Loss 0.000372
2026-02-03 23:42:07.987 CET | INFO     | Line   65 (run_experiment_gl.py): ##################### computing scores
2026-02-03 23:42:08.022 CET | INFO     | Line   69 (run_experiment_gl.py): computed decision boundary on anomaly scores as 95% quantile:
2026-02-03 23:42:08.025 CET | INFO     | Line   72 (run_experiment_gl.py): tensor(5.4072e-05)
2026-02-03 23:42:08.028 CET | INFO     | Line   75 (run_experiment_gl.py): Test anomaly scores:
2026-02-03 23:42:08.030 CET | INFO     | Line   76 (run_experiment_gl.py): tensor([2.0423e-05, 1.6549e-05, 4.2630e-05, 8.2970e-05, 3.5624e-05, 1.7575e-05,
        2.1406e-05, 3.2176e-05, 2.2611e-05, 1.4875e-05])
2026-02-03 23:42:08.034 CET | INFO     | Line   78 (run_experiment_gl.py): ##################### test rate: 
2026-02-03 23:42:08.052 CET | INFO     | Line   88 (run_experiment_gl.py): 0.782608695652174
2026-02-03 23:42:08.055 CET | INFO     | Line   89 (run_experiment_gl.py): right classified: 108 out of 138
2026-02-03 23:42:08.073 CET | INFO     | Line   28 (run_experiment_gl.py): ##################### Loading config parameters
2026-02-03 23:42:08.075 CET | INFO     | Line   20 (logging_utils.py): Config parameters:
2026-02-03 23:42:08.077 CET | INFO     | Line   21 (logging_utils.py): 
2026-02-03 23:42:08.079 CET | INFO     | Line   27 (logging_utils.py): hidden_dim: 32
2026-02-03 23:42:08.081 CET | INFO     | Line   27 (logging_utils.py): num_layers: 4
2026-02-03 23:42:08.083 CET | INFO     | Line   27 (logging_utils.py): device: cpu
2026-02-03 23:42:08.087 CET | INFO     | Line   27 (logging_utils.py): lr: 0.001
2026-02-03 23:42:08.089 CET | INFO     | Line   27 (logging_utils.py): epochs: 50
2026-02-03 23:42:08.091 CET | INFO     | Line   27 (logging_utils.py): batch_size: 32
2026-02-03 23:42:08.093 CET | INFO     | Line   27 (logging_utils.py): dataset: MUTAG
2026-02-03 23:42:08.095 CET | INFO     | Line   27 (logging_utils.py): is_logical: True
2026-02-03 23:42:08.097 CET | INFO     | Line   27 (logging_utils.py): constrains_filepath: constrains/data/MUTAG_auto_generated_3_101_102.json
2026-02-03 23:42:08.099 CET | INFO     | Line   25 (logging_utils.py): constrains_handler: GLRuleBasedHandler
2026-02-03 23:42:08.102 CET | INFO     | Line   27 (logging_utils.py): l_factor: 0.005
2026-02-03 23:42:08.105 CET | INFO     | Line   27 (logging_utils.py): save_logs: True
2026-02-03 23:42:08.107 CET | INFO     | Line   29 (logging_utils.py): 
2026-02-03 23:42:08.109 CET | INFO     | Line   30 (logging_utils.py): Training on model: GraphOCGINLossConstrains
2026-02-03 23:42:08.112 CET | INFO     | Line   31 (logging_utils.py): 
2026-02-03 23:42:08.114 CET | INFO     | Line   41 (run_experiment_gl.py): ##################### Loading data
2026-02-03 23:42:08.167 CET | INFO     | Line   45 (run_experiment_gl.py): ##################### creating model
2026-02-03 23:42:08.170 CET | INFO     | Line   48 (run_experiment_gl.py): creating model with number of node features: 7
2026-02-03 23:42:08.180 CET | INFO     | Line   51 (run_experiment_gl.py): ##################### staring training
2026-02-03 23:42:08.183 CET | INFO     | Line   53 (run_experiment_gl.py): setting up the logical constrains
2026-02-03 23:42:08.275 CET | DEBUG    | Line   90 (gl_ocgin.py): Epoch 000 | Loss 0.000510
2026-02-03 23:42:08.427 CET | DEBUG    | Line   90 (gl_ocgin.py): Epoch 010 | Loss 0.000234
2026-02-03 23:42:08.575 CET | DEBUG    | Line   90 (gl_ocgin.py): Epoch 020 | Loss 0.000202
2026-02-03 23:42:08.737 CET | DEBUG    | Line   90 (gl_ocgin.py): Epoch 030 | Loss 0.000197
2026-02-03 23:42:08.877 CET | DEBUG    | Line   90 (gl_ocgin.py): Epoch 040 | Loss 0.000193
2026-02-03 23:42:08.992 CET | INFO     | Line   65 (run_experiment_gl.py): ##################### computing scores
2026-02-03 23:42:09.025 CET | INFO     | Line   69 (run_experiment_gl.py): computed decision boundary on anomaly scores as 95% quantile:
2026-02-03 23:42:09.028 CET | INFO     | Line   72 (run_experiment_gl.py): tensor(0.0001)
2026-02-03 23:42:09.031 CET | INFO     | Line   75 (run_experiment_gl.py): Test anomaly scores:
2026-02-03 23:42:09.033 CET | INFO     | Line   76 (run_experiment_gl.py): tensor([1.6751e-04, 4.0973e-05, 2.6414e-05, 9.2297e-05, 4.4999e-05, 3.5851e-05,
        1.4753e-04, 1.1909e-04, 4.5798e-05, 2.0161e-05])
2026-02-03 23:42:09.036 CET | INFO     | Line   78 (run_experiment_gl.py): ##################### test rate: 
2026-02-03 23:42:09.047 CET | INFO     | Line   88 (run_experiment_gl.py): 0.6739130434782609
2026-02-03 23:42:09.048 CET | INFO     | Line   89 (run_experiment_gl.py): right classified: 93 out of 138
2026-02-03 23:42:09.062 CET | INFO     | Line   28 (run_experiment_gl.py): ##################### Loading config parameters
2026-02-03 23:42:09.064 CET | INFO     | Line   20 (logging_utils.py): Config parameters:
2026-02-03 23:42:09.065 CET | INFO     | Line   21 (logging_utils.py): 
2026-02-03 23:42:09.067 CET | INFO     | Line   27 (logging_utils.py): hidden_dim: 32
2026-02-03 23:42:09.069 CET | INFO     | Line   27 (logging_utils.py): num_layers: 4
2026-02-03 23:42:09.071 CET | INFO     | Line   27 (logging_utils.py): device: cpu
2026-02-03 23:42:09.073 CET | INFO     | Line   27 (logging_utils.py): lr: 0.001
2026-02-03 23:42:09.074 CET | INFO     | Line   27 (logging_utils.py): epochs: 50
2026-02-03 23:42:09.075 CET | INFO     | Line   27 (logging_utils.py): batch_size: 32
2026-02-03 23:42:09.077 CET | INFO     | Line   27 (logging_utils.py): dataset: MUTAG
2026-02-03 23:42:09.079 CET | INFO     | Line   27 (logging_utils.py): is_logical: True
2026-02-03 23:42:09.080 CET | INFO     | Line   27 (logging_utils.py): constrains_filepath: constrains/data/MUTAG_auto_generated_3_101_102.json
2026-02-03 23:42:09.081 CET | INFO     | Line   25 (logging_utils.py): constrains_handler: GLRuleBasedHandler
2026-02-03 23:42:09.084 CET | INFO     | Line   27 (logging_utils.py): l_factor: 0.001
2026-02-03 23:42:09.086 CET | INFO     | Line   27 (logging_utils.py): save_logs: True
2026-02-03 23:42:09.088 CET | INFO     | Line   29 (logging_utils.py): 
2026-02-03 23:42:09.090 CET | INFO     | Line   30 (logging_utils.py): Training on model: GraphOCGINLossConstrains
2026-02-03 23:42:09.092 CET | INFO     | Line   31 (logging_utils.py): 
2026-02-03 23:42:09.093 CET | INFO     | Line   41 (run_experiment_gl.py): ##################### Loading data
2026-02-03 23:42:09.134 CET | INFO     | Line   45 (run_experiment_gl.py): ##################### creating model
2026-02-03 23:42:09.137 CET | INFO     | Line   48 (run_experiment_gl.py): creating model with number of node features: 7
2026-02-03 23:42:09.145 CET | INFO     | Line   51 (run_experiment_gl.py): ##################### staring training
2026-02-03 23:42:09.149 CET | INFO     | Line   53 (run_experiment_gl.py): setting up the logical constrains
2026-02-03 23:42:09.234 CET | DEBUG    | Line   90 (gl_ocgin.py): Epoch 000 | Loss 0.000260
2026-02-03 23:42:09.383 CET | DEBUG    | Line   90 (gl_ocgin.py): Epoch 010 | Loss 0.000097
2026-02-03 23:42:09.585 CET | DEBUG    | Line   90 (gl_ocgin.py): Epoch 020 | Loss 0.000070
2026-02-03 23:42:09.763 CET | DEBUG    | Line   90 (gl_ocgin.py): Epoch 030 | Loss 0.000061
2026-02-03 23:42:09.929 CET | DEBUG    | Line   90 (gl_ocgin.py): Epoch 040 | Loss 0.000059
2026-02-03 23:42:10.123 CET | INFO     | Line   65 (run_experiment_gl.py): ##################### computing scores
2026-02-03 23:42:10.158 CET | INFO     | Line   69 (run_experiment_gl.py): computed decision boundary on anomaly scores as 95% quantile:
2026-02-03 23:42:10.161 CET | INFO     | Line   72 (run_experiment_gl.py): tensor(0.0004)
2026-02-03 23:42:10.164 CET | INFO     | Line   75 (run_experiment_gl.py): Test anomaly scores:
2026-02-03 23:42:10.167 CET | INFO     | Line   76 (run_experiment_gl.py): tensor([1.0956e-04, 6.4173e-04, 2.3865e-05, 1.4185e-04, 5.1012e-05, 3.5466e-05,
        9.8024e-04, 1.0976e-04, 7.5488e-05, 4.5151e-04])
2026-02-03 23:42:10.170 CET | INFO     | Line   78 (run_experiment_gl.py): ##################### test rate: 
2026-02-03 23:42:10.193 CET | INFO     | Line   88 (run_experiment_gl.py): 0.7028985507246377
2026-02-03 23:42:10.199 CET | INFO     | Line   89 (run_experiment_gl.py): right classified: 97 out of 138
2026-02-03 23:42:10.240 CET | INFO     | Line   28 (run_experiment_gl.py): ##################### Loading config parameters
2026-02-03 23:42:10.241 CET | INFO     | Line   20 (logging_utils.py): Config parameters:
2026-02-03 23:42:10.243 CET | INFO     | Line   21 (logging_utils.py): 
2026-02-03 23:42:10.245 CET | INFO     | Line   27 (logging_utils.py): hidden_dim: 32
2026-02-03 23:42:10.246 CET | INFO     | Line   27 (logging_utils.py): num_layers: 5
2026-02-03 23:42:10.248 CET | INFO     | Line   27 (logging_utils.py): device: cpu
2026-02-03 23:42:10.251 CET | INFO     | Line   27 (logging_utils.py): lr: 0.001
2026-02-03 23:42:10.253 CET | INFO     | Line   27 (logging_utils.py): epochs: 50
2026-02-03 23:42:10.255 CET | INFO     | Line   27 (logging_utils.py): batch_size: 32
2026-02-03 23:42:10.258 CET | INFO     | Line   27 (logging_utils.py): dataset: MUTAG
2026-02-03 23:42:10.261 CET | INFO     | Line   27 (logging_utils.py): is_logical: False
2026-02-03 23:42:10.264 CET | INFO     | Line   27 (logging_utils.py): constrains_filepath: constrains/data/MUTAG_auto_generated_2_101_102.json
2026-02-03 23:42:10.267 CET | INFO     | Line   25 (logging_utils.py): constrains_handler: GLRuleBasedHandler
2026-02-03 23:42:10.270 CET | INFO     | Line   27 (logging_utils.py): l_factor: 0.1
2026-02-03 23:42:10.272 CET | INFO     | Line   27 (logging_utils.py): save_logs: True
2026-02-03 23:42:10.276 CET | INFO     | Line   29 (logging_utils.py): 
2026-02-03 23:42:10.279 CET | INFO     | Line   30 (logging_utils.py): Training on model: GraphOCGIN
2026-02-03 23:42:10.283 CET | INFO     | Line   31 (logging_utils.py): 
2026-02-03 23:42:10.286 CET | INFO     | Line   41 (run_experiment_gl.py): ##################### Loading data
2026-02-03 23:42:10.350 CET | INFO     | Line   45 (run_experiment_gl.py): ##################### creating model
2026-02-03 23:42:10.353 CET | INFO     | Line   48 (run_experiment_gl.py): creating model with number of node features: 7
2026-02-03 23:42:10.364 CET | INFO     | Line   51 (run_experiment_gl.py): ##################### staring training
2026-02-03 23:42:10.397 CET | DEBUG    | Line   85 (graph_level_ocgin.py): Epoch 000 | Loss 0.000538
2026-02-03 23:42:10.418 CET | DEBUG    | Line   85 (graph_level_ocgin.py): Epoch 001 | Loss 0.001166
2026-02-03 23:42:10.437 CET | DEBUG    | Line   85 (graph_level_ocgin.py): Epoch 002 | Loss 0.000819
2026-02-03 23:42:10.461 CET | DEBUG    | Line   85 (graph_level_ocgin.py): Epoch 003 | Loss 0.000286
2026-02-03 23:42:10.486 CET | DEBUG    | Line   85 (graph_level_ocgin.py): Epoch 004 | Loss 0.000505
2026-02-03 23:42:10.510 CET | DEBUG    | Line   85 (graph_level_ocgin.py): Epoch 005 | Loss 0.000205
2026-02-03 23:42:10.546 CET | DEBUG    | Line   85 (graph_level_ocgin.py): Epoch 006 | Loss 0.000278
2026-02-03 23:42:10.626 CET | DEBUG    | Line   85 (graph_level_ocgin.py): Epoch 007 | Loss 0.000130
2026-02-03 23:42:10.651 CET | DEBUG    | Line   85 (graph_level_ocgin.py): Epoch 008 | Loss 0.000183
2026-02-03 23:42:10.671 CET | DEBUG    | Line   85 (graph_level_ocgin.py): Epoch 009 | Loss 0.000146
2026-02-03 23:42:10.691 CET | DEBUG    | Line   85 (graph_level_ocgin.py): Epoch 010 | Loss 0.000095
2026-02-03 23:42:10.720 CET | DEBUG    | Line   85 (graph_level_ocgin.py): Epoch 011 | Loss 0.000108
2026-02-03 23:42:10.740 CET | DEBUG    | Line   85 (graph_level_ocgin.py): Epoch 012 | Loss 0.000074
2026-02-03 23:42:10.783 CET | DEBUG    | Line   85 (graph_level_ocgin.py): Epoch 013 | Loss 0.000083
2026-02-03 23:42:10.806 CET | DEBUG    | Line   85 (graph_level_ocgin.py): Epoch 014 | Loss 0.000049
2026-02-03 23:42:10.837 CET | DEBUG    | Line   85 (graph_level_ocgin.py): Epoch 015 | Loss 0.000060
2026-02-03 23:42:10.857 CET | DEBUG    | Line   85 (graph_level_ocgin.py): Epoch 016 | Loss 0.000056
2026-02-03 23:42:10.884 CET | DEBUG    | Line   85 (graph_level_ocgin.py): Epoch 017 | Loss 0.000037
2026-02-03 23:42:10.906 CET | DEBUG    | Line   85 (graph_level_ocgin.py): Epoch 018 | Loss 0.000047
2026-02-03 23:42:10.928 CET | DEBUG    | Line   85 (graph_level_ocgin.py): Epoch 019 | Loss 0.000037
2026-02-03 23:42:10.951 CET | DEBUG    | Line   85 (graph_level_ocgin.py): Epoch 020 | Loss 0.000037
2026-02-03 23:42:10.974 CET | DEBUG    | Line   85 (graph_level_ocgin.py): Epoch 021 | Loss 0.000030
2026-02-03 23:42:10.999 CET | DEBUG    | Line   85 (graph_level_ocgin.py): Epoch 022 | Loss 0.000029
2026-02-03 23:42:11.023 CET | DEBUG    | Line   85 (graph_level_ocgin.py): Epoch 023 | Loss 0.000028
2026-02-03 23:42:11.045 CET | DEBUG    | Line   85 (graph_level_ocgin.py): Epoch 024 | Loss 0.000026
2026-02-03 23:42:11.070 CET | DEBUG    | Line   85 (graph_level_ocgin.py): Epoch 025 | Loss 0.000025
2026-02-03 23:42:11.090 CET | DEBUG    | Line   85 (graph_level_ocgin.py): Epoch 026 | Loss 0.000023
2026-02-03 23:42:11.118 CET | DEBUG    | Line   85 (graph_level_ocgin.py): Epoch 027 | Loss 0.000022
2026-02-03 23:42:11.139 CET | DEBUG    | Line   85 (graph_level_ocgin.py): Epoch 028 | Loss 0.000019
2026-02-03 23:42:11.169 CET | DEBUG    | Line   85 (graph_level_ocgin.py): Epoch 029 | Loss 0.000020
2026-02-03 23:42:11.201 CET | DEBUG    | Line   85 (graph_level_ocgin.py): Epoch 030 | Loss 0.000018
2026-02-03 23:42:11.219 CET | DEBUG    | Line   85 (graph_level_ocgin.py): Epoch 031 | Loss 0.000019
2026-02-03 23:42:11.244 CET | DEBUG    | Line   85 (graph_level_ocgin.py): Epoch 032 | Loss 0.000018
2026-02-03 23:42:11.270 CET | DEBUG    | Line   85 (graph_level_ocgin.py): Epoch 033 | Loss 0.000017
2026-02-03 23:42:11.309 CET | DEBUG    | Line   85 (graph_level_ocgin.py): Epoch 034 | Loss 0.000017
2026-02-03 23:42:11.353 CET | DEBUG    | Line   85 (graph_level_ocgin.py): Epoch 035 | Loss 0.000016
2026-02-03 23:42:11.407 CET | DEBUG    | Line   85 (graph_level_ocgin.py): Epoch 036 | Loss 0.000015
2026-02-03 23:42:11.475 CET | DEBUG    | Line   85 (graph_level_ocgin.py): Epoch 037 | Loss 0.000015
2026-02-03 23:42:11.538 CET | DEBUG    | Line   85 (graph_level_ocgin.py): Epoch 038 | Loss 0.000014
2026-02-03 23:42:11.578 CET | DEBUG    | Line   85 (graph_level_ocgin.py): Epoch 039 | Loss 0.000016
2026-02-03 23:42:11.602 CET | DEBUG    | Line   85 (graph_level_ocgin.py): Epoch 040 | Loss 0.000014
2026-02-03 23:42:11.631 CET | DEBUG    | Line   85 (graph_level_ocgin.py): Epoch 041 | Loss 0.000014
2026-02-03 23:42:11.661 CET | DEBUG    | Line   85 (graph_level_ocgin.py): Epoch 042 | Loss 0.000014
2026-02-03 23:42:11.693 CET | DEBUG    | Line   85 (graph_level_ocgin.py): Epoch 043 | Loss 0.000013
2026-02-03 23:42:11.716 CET | DEBUG    | Line   85 (graph_level_ocgin.py): Epoch 044 | Loss 0.000014
2026-02-03 23:42:11.741 CET | DEBUG    | Line   85 (graph_level_ocgin.py): Epoch 045 | Loss 0.000013
2026-02-03 23:42:11.774 CET | DEBUG    | Line   85 (graph_level_ocgin.py): Epoch 046 | Loss 0.000013
2026-02-03 23:42:11.799 CET | DEBUG    | Line   85 (graph_level_ocgin.py): Epoch 047 | Loss 0.000012
2026-02-03 23:42:11.822 CET | DEBUG    | Line   85 (graph_level_ocgin.py): Epoch 048 | Loss 0.000012
2026-02-03 23:42:11.848 CET | DEBUG    | Line   85 (graph_level_ocgin.py): Epoch 049 | Loss 0.000012
2026-02-03 23:42:11.851 CET | INFO     | Line   65 (run_experiment_gl.py): ##################### computing scores
2026-02-03 23:42:11.894 CET | INFO     | Line   69 (run_experiment_gl.py): computed decision boundary on anomaly scores as 95% quantile:
2026-02-03 23:42:11.896 CET | INFO     | Line   72 (run_experiment_gl.py): tensor(2.3942e-05)
2026-02-03 23:42:11.898 CET | INFO     | Line   75 (run_experiment_gl.py): Test anomaly scores:
2026-02-03 23:42:11.900 CET | INFO     | Line   76 (run_experiment_gl.py): tensor([2.1216e-05, 1.5548e-05, 2.1877e-05, 5.4897e-06, 5.6075e-06, 6.4234e-05,
        1.5406e-05, 2.4450e-05, 2.5754e-06, 2.5922e-06])
2026-02-03 23:42:11.903 CET | INFO     | Line   78 (run_experiment_gl.py): ##################### test rate: 
2026-02-03 23:42:11.917 CET | INFO     | Line   88 (run_experiment_gl.py): 0.6304347826086957
2026-02-03 23:42:11.919 CET | INFO     | Line   89 (run_experiment_gl.py): right classified: 87 out of 138
2026-02-03 23:42:11.929 CET | INFO     | Line   28 (run_experiment_gl.py): ##################### Loading config parameters
2026-02-03 23:42:11.930 CET | INFO     | Line   20 (logging_utils.py): Config parameters:
2026-02-03 23:42:11.932 CET | INFO     | Line   21 (logging_utils.py): 
2026-02-03 23:42:11.933 CET | INFO     | Line   27 (logging_utils.py): hidden_dim: 32
2026-02-03 23:42:11.934 CET | INFO     | Line   27 (logging_utils.py): num_layers: 5
2026-02-03 23:42:11.936 CET | INFO     | Line   27 (logging_utils.py): device: cpu
2026-02-03 23:42:11.938 CET | INFO     | Line   27 (logging_utils.py): lr: 0.001
2026-02-03 23:42:11.941 CET | INFO     | Line   27 (logging_utils.py): epochs: 50
2026-02-03 23:42:11.945 CET | INFO     | Line   27 (logging_utils.py): batch_size: 32
2026-02-03 23:42:11.948 CET | INFO     | Line   27 (logging_utils.py): dataset: MUTAG
2026-02-03 23:42:11.950 CET | INFO     | Line   27 (logging_utils.py): is_logical: True
2026-02-03 23:42:11.953 CET | INFO     | Line   27 (logging_utils.py): constrains_filepath: constrains/data/MUTAG_auto_generated_2_101_102.json
2026-02-03 23:42:11.956 CET | INFO     | Line   25 (logging_utils.py): constrains_handler: GLRuleBasedHandler
2026-02-03 23:42:11.958 CET | INFO     | Line   27 (logging_utils.py): l_factor: 0.1
2026-02-03 23:42:11.961 CET | INFO     | Line   27 (logging_utils.py): save_logs: True
2026-02-03 23:42:11.963 CET | INFO     | Line   29 (logging_utils.py): 
2026-02-03 23:42:11.968 CET | INFO     | Line   30 (logging_utils.py): Training on model: GraphOCGINLossConstrains
2026-02-03 23:42:11.971 CET | INFO     | Line   31 (logging_utils.py): 
2026-02-03 23:42:11.974 CET | INFO     | Line   41 (run_experiment_gl.py): ##################### Loading data
2026-02-03 23:42:12.014 CET | INFO     | Line   45 (run_experiment_gl.py): ##################### creating model
2026-02-03 23:42:12.017 CET | INFO     | Line   48 (run_experiment_gl.py): creating model with number of node features: 7
2026-02-03 23:42:12.029 CET | INFO     | Line   51 (run_experiment_gl.py): ##################### staring training
2026-02-03 23:42:12.031 CET | INFO     | Line   53 (run_experiment_gl.py): setting up the logical constrains
2026-02-03 23:42:12.114 CET | DEBUG    | Line   90 (gl_ocgin.py): Epoch 000 | Loss 0.003078
2026-02-03 23:42:12.289 CET | DEBUG    | Line   90 (gl_ocgin.py): Epoch 010 | Loss 0.002802
2026-02-03 23:42:12.436 CET | DEBUG    | Line   90 (gl_ocgin.py): Epoch 020 | Loss 0.002784
2026-02-03 23:42:12.614 CET | DEBUG    | Line   90 (gl_ocgin.py): Epoch 030 | Loss 0.002780
2026-02-03 23:42:12.787 CET | DEBUG    | Line   90 (gl_ocgin.py): Epoch 040 | Loss 0.002779
2026-02-03 23:42:12.942 CET | INFO     | Line   65 (run_experiment_gl.py): ##################### computing scores
2026-02-03 23:42:13.013 CET | INFO     | Line   69 (run_experiment_gl.py): computed decision boundary on anomaly scores as 95% quantile:
2026-02-03 23:42:13.019 CET | INFO     | Line   72 (run_experiment_gl.py): tensor(7.5333e-05)
2026-02-03 23:42:13.031 CET | INFO     | Line   75 (run_experiment_gl.py): Test anomaly scores:
2026-02-03 23:42:13.035 CET | INFO     | Line   76 (run_experiment_gl.py): tensor([2.1726e-05, 6.0269e-06, 1.5916e-05, 5.3745e-05, 3.1041e-06, 1.3227e-05,
        6.2745e-06, 1.9008e-05, 5.2697e-05, 3.2594e-06])
2026-02-03 23:42:13.039 CET | INFO     | Line   78 (run_experiment_gl.py): ##################### test rate: 
2026-02-03 23:42:13.055 CET | INFO     | Line   88 (run_experiment_gl.py): 0.644927536231884
2026-02-03 23:42:13.056 CET | INFO     | Line   89 (run_experiment_gl.py): right classified: 89 out of 138
2026-02-03 23:42:13.071 CET | INFO     | Line   28 (run_experiment_gl.py): ##################### Loading config parameters
2026-02-03 23:42:13.072 CET | INFO     | Line   20 (logging_utils.py): Config parameters:
2026-02-03 23:42:13.074 CET | INFO     | Line   21 (logging_utils.py): 
2026-02-03 23:42:13.076 CET | INFO     | Line   27 (logging_utils.py): hidden_dim: 32
2026-02-03 23:42:13.078 CET | INFO     | Line   27 (logging_utils.py): num_layers: 5
2026-02-03 23:42:13.080 CET | INFO     | Line   27 (logging_utils.py): device: cpu
2026-02-03 23:42:13.084 CET | INFO     | Line   27 (logging_utils.py): lr: 0.001
2026-02-03 23:42:13.087 CET | INFO     | Line   27 (logging_utils.py): epochs: 50
2026-02-03 23:42:13.089 CET | INFO     | Line   27 (logging_utils.py): batch_size: 32
2026-02-03 23:42:13.091 CET | INFO     | Line   27 (logging_utils.py): dataset: MUTAG
2026-02-03 23:42:13.093 CET | INFO     | Line   27 (logging_utils.py): is_logical: True
2026-02-03 23:42:13.095 CET | INFO     | Line   27 (logging_utils.py): constrains_filepath: constrains/data/MUTAG_auto_generated_2_101_102.json
2026-02-03 23:42:13.097 CET | INFO     | Line   25 (logging_utils.py): constrains_handler: GLRuleBasedHandler
2026-02-03 23:42:13.099 CET | INFO     | Line   27 (logging_utils.py): l_factor: 0.01
2026-02-03 23:42:13.101 CET | INFO     | Line   27 (logging_utils.py): save_logs: True
2026-02-03 23:42:13.103 CET | INFO     | Line   29 (logging_utils.py): 
2026-02-03 23:42:13.105 CET | INFO     | Line   30 (logging_utils.py): Training on model: GraphOCGINLossConstrains
2026-02-03 23:42:13.106 CET | INFO     | Line   31 (logging_utils.py): 
2026-02-03 23:42:13.108 CET | INFO     | Line   41 (run_experiment_gl.py): ##################### Loading data
2026-02-03 23:42:13.184 CET | INFO     | Line   45 (run_experiment_gl.py): ##################### creating model
2026-02-03 23:42:13.189 CET | INFO     | Line   48 (run_experiment_gl.py): creating model with number of node features: 7
2026-02-03 23:42:13.210 CET | INFO     | Line   51 (run_experiment_gl.py): ##################### staring training
2026-02-03 23:42:13.212 CET | INFO     | Line   53 (run_experiment_gl.py): setting up the logical constrains
2026-02-03 23:42:13.380 CET | DEBUG    | Line   90 (gl_ocgin.py): Epoch 000 | Loss 0.000561
2026-02-03 23:42:13.570 CET | DEBUG    | Line   90 (gl_ocgin.py): Epoch 010 | Loss 0.000300
2026-02-03 23:42:13.718 CET | DEBUG    | Line   90 (gl_ocgin.py): Epoch 020 | Loss 0.000286
2026-02-03 23:42:13.863 CET | DEBUG    | Line   90 (gl_ocgin.py): Epoch 030 | Loss 0.000283
2026-02-03 23:42:14.007 CET | DEBUG    | Line   90 (gl_ocgin.py): Epoch 040 | Loss 0.000281
2026-02-03 23:42:14.142 CET | INFO     | Line   65 (run_experiment_gl.py): ##################### computing scores
2026-02-03 23:42:14.191 CET | INFO     | Line   69 (run_experiment_gl.py): computed decision boundary on anomaly scores as 95% quantile:
2026-02-03 23:42:14.194 CET | INFO     | Line   72 (run_experiment_gl.py): tensor(5.6512e-05)
2026-02-03 23:42:14.197 CET | INFO     | Line   75 (run_experiment_gl.py): Test anomaly scores:
2026-02-03 23:42:14.200 CET | INFO     | Line   76 (run_experiment_gl.py): tensor([1.6458e-05, 2.7726e-05, 4.0944e-05, 9.1626e-06, 7.0425e-05, 1.3622e-05,
        1.0610e-05, 1.7154e-05, 1.9155e-05, 1.6068e-05])
2026-02-03 23:42:14.204 CET | INFO     | Line   78 (run_experiment_gl.py): ##################### test rate: 
2026-02-03 23:42:14.222 CET | INFO     | Line   88 (run_experiment_gl.py): 0.7753623188405797
2026-02-03 23:42:14.224 CET | INFO     | Line   89 (run_experiment_gl.py): right classified: 107 out of 138
2026-02-03 23:42:14.234 CET | INFO     | Line   28 (run_experiment_gl.py): ##################### Loading config parameters
2026-02-03 23:42:14.235 CET | INFO     | Line   20 (logging_utils.py): Config parameters:
2026-02-03 23:42:14.239 CET | INFO     | Line   21 (logging_utils.py): 
2026-02-03 23:42:14.241 CET | INFO     | Line   27 (logging_utils.py): hidden_dim: 32
2026-02-03 23:42:14.243 CET | INFO     | Line   27 (logging_utils.py): num_layers: 5
2026-02-03 23:42:14.245 CET | INFO     | Line   27 (logging_utils.py): device: cpu
2026-02-03 23:42:14.246 CET | INFO     | Line   27 (logging_utils.py): lr: 0.001
2026-02-03 23:42:14.248 CET | INFO     | Line   27 (logging_utils.py): epochs: 50
2026-02-03 23:42:14.250 CET | INFO     | Line   27 (logging_utils.py): batch_size: 32
2026-02-03 23:42:14.252 CET | INFO     | Line   27 (logging_utils.py): dataset: MUTAG
2026-02-03 23:42:14.253 CET | INFO     | Line   27 (logging_utils.py): is_logical: True
2026-02-03 23:42:14.254 CET | INFO     | Line   27 (logging_utils.py): constrains_filepath: constrains/data/MUTAG_auto_generated_2_101_102.json
2026-02-03 23:42:14.255 CET | INFO     | Line   25 (logging_utils.py): constrains_handler: GLRuleBasedHandler
2026-02-03 23:42:14.257 CET | INFO     | Line   27 (logging_utils.py): l_factor: 0.005
2026-02-03 23:42:14.258 CET | INFO     | Line   27 (logging_utils.py): save_logs: True
2026-02-03 23:42:14.259 CET | INFO     | Line   29 (logging_utils.py): 
2026-02-03 23:42:14.261 CET | INFO     | Line   30 (logging_utils.py): Training on model: GraphOCGINLossConstrains
2026-02-03 23:42:14.262 CET | INFO     | Line   31 (logging_utils.py): 
2026-02-03 23:42:14.265 CET | INFO     | Line   41 (run_experiment_gl.py): ##################### Loading data
2026-02-03 23:42:14.311 CET | INFO     | Line   45 (run_experiment_gl.py): ##################### creating model
2026-02-03 23:42:14.312 CET | INFO     | Line   48 (run_experiment_gl.py): creating model with number of node features: 7
2026-02-03 23:42:14.319 CET | INFO     | Line   51 (run_experiment_gl.py): ##################### staring training
2026-02-03 23:42:14.322 CET | INFO     | Line   53 (run_experiment_gl.py): setting up the logical constrains
2026-02-03 23:42:14.402 CET | DEBUG    | Line   90 (gl_ocgin.py): Epoch 000 | Loss 0.000437
2026-02-03 23:42:14.548 CET | DEBUG    | Line   90 (gl_ocgin.py): Epoch 010 | Loss 0.000158
2026-02-03 23:42:14.776 CET | DEBUG    | Line   90 (gl_ocgin.py): Epoch 020 | Loss 0.000143
2026-02-03 23:42:14.969 CET | DEBUG    | Line   90 (gl_ocgin.py): Epoch 030 | Loss 0.000141
2026-02-03 23:42:15.154 CET | DEBUG    | Line   90 (gl_ocgin.py): Epoch 040 | Loss 0.000140
2026-02-03 23:42:15.307 CET | INFO     | Line   65 (run_experiment_gl.py): ##################### computing scores
2026-02-03 23:42:15.351 CET | INFO     | Line   69 (run_experiment_gl.py): computed decision boundary on anomaly scores as 95% quantile:
2026-02-03 23:42:15.354 CET | INFO     | Line   72 (run_experiment_gl.py): tensor(2.0434e-05)
2026-02-03 23:42:15.356 CET | INFO     | Line   75 (run_experiment_gl.py): Test anomaly scores:
2026-02-03 23:42:15.358 CET | INFO     | Line   76 (run_experiment_gl.py): tensor([1.5565e-05, 3.9109e-06, 7.7144e-06, 1.0310e-05, 2.1411e-06, 9.6984e-06,
        1.1414e-05, 1.3733e-05, 1.3721e-05, 8.1983e-05])
2026-02-03 23:42:15.360 CET | INFO     | Line   78 (run_experiment_gl.py): ##################### test rate: 
2026-02-03 23:42:15.374 CET | INFO     | Line   88 (run_experiment_gl.py): 0.7608695652173914
2026-02-03 23:42:15.376 CET | INFO     | Line   89 (run_experiment_gl.py): right classified: 105 out of 138
2026-02-03 23:42:15.387 CET | INFO     | Line   28 (run_experiment_gl.py): ##################### Loading config parameters
2026-02-03 23:42:15.389 CET | INFO     | Line   20 (logging_utils.py): Config parameters:
2026-02-03 23:42:15.391 CET | INFO     | Line   21 (logging_utils.py): 
2026-02-03 23:42:15.393 CET | INFO     | Line   27 (logging_utils.py): hidden_dim: 32
2026-02-03 23:42:15.394 CET | INFO     | Line   27 (logging_utils.py): num_layers: 5
2026-02-03 23:42:15.395 CET | INFO     | Line   27 (logging_utils.py): device: cpu
2026-02-03 23:42:15.398 CET | INFO     | Line   27 (logging_utils.py): lr: 0.001
2026-02-03 23:42:15.401 CET | INFO     | Line   27 (logging_utils.py): epochs: 50
2026-02-03 23:42:15.404 CET | INFO     | Line   27 (logging_utils.py): batch_size: 32
2026-02-03 23:42:15.406 CET | INFO     | Line   27 (logging_utils.py): dataset: MUTAG
2026-02-03 23:42:15.407 CET | INFO     | Line   27 (logging_utils.py): is_logical: True
2026-02-03 23:42:15.409 CET | INFO     | Line   27 (logging_utils.py): constrains_filepath: constrains/data/MUTAG_auto_generated_2_101_102.json
2026-02-03 23:42:15.410 CET | INFO     | Line   25 (logging_utils.py): constrains_handler: GLRuleBasedHandler
2026-02-03 23:42:15.412 CET | INFO     | Line   27 (logging_utils.py): l_factor: 0.001
2026-02-03 23:42:15.413 CET | INFO     | Line   27 (logging_utils.py): save_logs: True
2026-02-03 23:42:15.417 CET | INFO     | Line   29 (logging_utils.py): 
2026-02-03 23:42:15.420 CET | INFO     | Line   30 (logging_utils.py): Training on model: GraphOCGINLossConstrains
2026-02-03 23:42:15.423 CET | INFO     | Line   31 (logging_utils.py): 
2026-02-03 23:42:15.424 CET | INFO     | Line   41 (run_experiment_gl.py): ##################### Loading data
2026-02-03 23:42:15.475 CET | INFO     | Line   45 (run_experiment_gl.py): ##################### creating model
2026-02-03 23:42:15.478 CET | INFO     | Line   48 (run_experiment_gl.py): creating model with number of node features: 7
2026-02-03 23:42:15.490 CET | INFO     | Line   51 (run_experiment_gl.py): ##################### staring training
2026-02-03 23:42:15.494 CET | INFO     | Line   53 (run_experiment_gl.py): setting up the logical constrains
2026-02-03 23:42:15.587 CET | DEBUG    | Line   90 (gl_ocgin.py): Epoch 000 | Loss 0.000391
2026-02-03 23:42:15.762 CET | DEBUG    | Line   90 (gl_ocgin.py): Epoch 010 | Loss 0.000045
2026-02-03 23:42:15.940 CET | DEBUG    | Line   90 (gl_ocgin.py): Epoch 020 | Loss 0.000034
2026-02-03 23:42:16.197 CET | DEBUG    | Line   90 (gl_ocgin.py): Epoch 030 | Loss 0.000030
2026-02-03 23:42:16.368 CET | DEBUG    | Line   90 (gl_ocgin.py): Epoch 040 | Loss 0.000030
2026-02-03 23:42:16.501 CET | INFO     | Line   65 (run_experiment_gl.py): ##################### computing scores
2026-02-03 23:42:16.539 CET | INFO     | Line   69 (run_experiment_gl.py): computed decision boundary on anomaly scores as 95% quantile:
2026-02-03 23:42:16.542 CET | INFO     | Line   72 (run_experiment_gl.py): tensor(2.8177e-05)
2026-02-03 23:42:16.545 CET | INFO     | Line   75 (run_experiment_gl.py): Test anomaly scores:
2026-02-03 23:42:16.548 CET | INFO     | Line   76 (run_experiment_gl.py): tensor([3.5653e-06, 1.6586e-05, 2.7049e-06, 1.4716e-05, 1.3750e-05, 9.8527e-06,
        1.0740e-05, 1.2489e-05, 6.4957e-05, 3.2276e-06])
2026-02-03 23:42:16.552 CET | INFO     | Line   78 (run_experiment_gl.py): ##################### test rate: 
2026-02-03 23:42:16.569 CET | INFO     | Line   88 (run_experiment_gl.py): 0.7536231884057971
2026-02-03 23:42:16.570 CET | INFO     | Line   89 (run_experiment_gl.py): right classified: 104 out of 138
2026-02-03 23:42:16.580 CET | INFO     | Line   28 (run_experiment_gl.py): ##################### Loading config parameters
2026-02-03 23:42:16.582 CET | INFO     | Line   20 (logging_utils.py): Config parameters:
2026-02-03 23:42:16.584 CET | INFO     | Line   21 (logging_utils.py): 
2026-02-03 23:42:16.587 CET | INFO     | Line   27 (logging_utils.py): hidden_dim: 32
2026-02-03 23:42:16.589 CET | INFO     | Line   27 (logging_utils.py): num_layers: 5
2026-02-03 23:42:16.592 CET | INFO     | Line   27 (logging_utils.py): device: cpu
2026-02-03 23:42:16.594 CET | INFO     | Line   27 (logging_utils.py): lr: 0.001
2026-02-03 23:42:16.595 CET | INFO     | Line   27 (logging_utils.py): epochs: 50
2026-02-03 23:42:16.597 CET | INFO     | Line   27 (logging_utils.py): batch_size: 32
2026-02-03 23:42:16.601 CET | INFO     | Line   27 (logging_utils.py): dataset: MUTAG
2026-02-03 23:42:16.603 CET | INFO     | Line   27 (logging_utils.py): is_logical: True
2026-02-03 23:42:16.606 CET | INFO     | Line   27 (logging_utils.py): constrains_filepath: constrains/data/MUTAG_auto_generated_3_101_102.json
2026-02-03 23:42:16.607 CET | INFO     | Line   25 (logging_utils.py): constrains_handler: GLRuleBasedHandler
2026-02-03 23:42:16.609 CET | INFO     | Line   27 (logging_utils.py): l_factor: 0.1
2026-02-03 23:42:16.610 CET | INFO     | Line   27 (logging_utils.py): save_logs: True
2026-02-03 23:42:16.612 CET | INFO     | Line   29 (logging_utils.py): 
2026-02-03 23:42:16.615 CET | INFO     | Line   30 (logging_utils.py): Training on model: GraphOCGINLossConstrains
2026-02-03 23:42:16.618 CET | INFO     | Line   31 (logging_utils.py): 
2026-02-03 23:42:16.621 CET | INFO     | Line   41 (run_experiment_gl.py): ##################### Loading data
2026-02-03 23:42:16.668 CET | INFO     | Line   45 (run_experiment_gl.py): ##################### creating model
2026-02-03 23:42:16.670 CET | INFO     | Line   48 (run_experiment_gl.py): creating model with number of node features: 7
2026-02-03 23:42:16.678 CET | INFO     | Line   51 (run_experiment_gl.py): ##################### staring training
2026-02-03 23:42:16.681 CET | INFO     | Line   53 (run_experiment_gl.py): setting up the logical constrains
2026-02-03 23:42:16.787 CET | DEBUG    | Line   90 (gl_ocgin.py): Epoch 000 | Loss 0.003808
2026-02-03 23:42:16.981 CET | DEBUG    | Line   90 (gl_ocgin.py): Epoch 010 | Loss 0.003686
2026-02-03 23:42:17.127 CET | DEBUG    | Line   90 (gl_ocgin.py): Epoch 020 | Loss 0.003674
2026-02-03 23:42:17.312 CET | DEBUG    | Line   90 (gl_ocgin.py): Epoch 030 | Loss 0.003672
2026-02-03 23:42:17.472 CET | DEBUG    | Line   90 (gl_ocgin.py): Epoch 040 | Loss 0.003671
2026-02-03 23:42:17.601 CET | INFO     | Line   65 (run_experiment_gl.py): ##################### computing scores
2026-02-03 23:42:17.636 CET | INFO     | Line   69 (run_experiment_gl.py): computed decision boundary on anomaly scores as 95% quantile:
2026-02-03 23:42:17.639 CET | INFO     | Line   72 (run_experiment_gl.py): tensor(5.5175e-05)
2026-02-03 23:42:17.642 CET | INFO     | Line   75 (run_experiment_gl.py): Test anomaly scores:
2026-02-03 23:42:17.644 CET | INFO     | Line   76 (run_experiment_gl.py): tensor([1.1811e-05, 2.3516e-05, 3.7210e-05, 1.8180e-05, 1.4206e-05, 6.2454e-05,
        3.9837e-05, 9.8649e-06, 4.7740e-05, 1.8971e-05])
2026-02-03 23:42:17.648 CET | INFO     | Line   78 (run_experiment_gl.py): ##################### test rate: 
2026-02-03 23:42:17.659 CET | INFO     | Line   88 (run_experiment_gl.py): 0.5217391304347826
2026-02-03 23:42:17.661 CET | INFO     | Line   89 (run_experiment_gl.py): right classified: 72 out of 138
2026-02-03 23:42:17.676 CET | INFO     | Line   28 (run_experiment_gl.py): ##################### Loading config parameters
2026-02-03 23:42:17.678 CET | INFO     | Line   20 (logging_utils.py): Config parameters:
2026-02-03 23:42:17.681 CET | INFO     | Line   21 (logging_utils.py): 
2026-02-03 23:42:17.683 CET | INFO     | Line   27 (logging_utils.py): hidden_dim: 32
2026-02-03 23:42:17.685 CET | INFO     | Line   27 (logging_utils.py): num_layers: 5
2026-02-03 23:42:17.686 CET | INFO     | Line   27 (logging_utils.py): device: cpu
2026-02-03 23:42:17.688 CET | INFO     | Line   27 (logging_utils.py): lr: 0.001
2026-02-03 23:42:17.690 CET | INFO     | Line   27 (logging_utils.py): epochs: 50
2026-02-03 23:42:17.692 CET | INFO     | Line   27 (logging_utils.py): batch_size: 32
2026-02-03 23:42:17.693 CET | INFO     | Line   27 (logging_utils.py): dataset: MUTAG
2026-02-03 23:42:17.695 CET | INFO     | Line   27 (logging_utils.py): is_logical: True
2026-02-03 23:42:17.699 CET | INFO     | Line   27 (logging_utils.py): constrains_filepath: constrains/data/MUTAG_auto_generated_3_101_102.json
2026-02-03 23:42:17.702 CET | INFO     | Line   25 (logging_utils.py): constrains_handler: GLRuleBasedHandler
2026-02-03 23:42:17.704 CET | INFO     | Line   27 (logging_utils.py): l_factor: 0.01
2026-02-03 23:42:17.707 CET | INFO     | Line   27 (logging_utils.py): save_logs: True
2026-02-03 23:42:17.708 CET | INFO     | Line   29 (logging_utils.py): 
2026-02-03 23:42:17.710 CET | INFO     | Line   30 (logging_utils.py): Training on model: GraphOCGINLossConstrains
2026-02-03 23:42:17.711 CET | INFO     | Line   31 (logging_utils.py): 
2026-02-03 23:42:17.713 CET | INFO     | Line   41 (run_experiment_gl.py): ##################### Loading data
2026-02-03 23:42:17.758 CET | INFO     | Line   45 (run_experiment_gl.py): ##################### creating model
2026-02-03 23:42:17.761 CET | INFO     | Line   48 (run_experiment_gl.py): creating model with number of node features: 7
2026-02-03 23:42:17.772 CET | INFO     | Line   51 (run_experiment_gl.py): ##################### staring training
2026-02-03 23:42:17.775 CET | INFO     | Line   53 (run_experiment_gl.py): setting up the logical constrains
2026-02-03 23:42:17.859 CET | DEBUG    | Line   90 (gl_ocgin.py): Epoch 000 | Loss 0.000746
2026-02-03 23:42:18.022 CET | DEBUG    | Line   90 (gl_ocgin.py): Epoch 010 | Loss 0.000394
2026-02-03 23:42:18.232 CET | DEBUG    | Line   90 (gl_ocgin.py): Epoch 020 | Loss 0.000372
2026-02-03 23:42:18.400 CET | DEBUG    | Line   90 (gl_ocgin.py): Epoch 030 | Loss 0.000369
2026-02-03 23:42:18.544 CET | DEBUG    | Line   90 (gl_ocgin.py): Epoch 040 | Loss 0.000369
2026-02-03 23:42:18.713 CET | INFO     | Line   65 (run_experiment_gl.py): ##################### computing scores
2026-02-03 23:42:18.750 CET | INFO     | Line   69 (run_experiment_gl.py): computed decision boundary on anomaly scores as 95% quantile:
2026-02-03 23:42:18.754 CET | INFO     | Line   72 (run_experiment_gl.py): tensor(2.9083e-05)
2026-02-03 23:42:18.757 CET | INFO     | Line   75 (run_experiment_gl.py): Test anomaly scores:
2026-02-03 23:42:18.760 CET | INFO     | Line   76 (run_experiment_gl.py): tensor([3.9770e-05, 6.0171e-05, 1.0447e-05, 1.1410e-05, 4.5136e-06, 1.8109e-05,
        1.5073e-05, 5.3204e-06, 3.1429e-05, 2.0917e-05])
2026-02-03 23:42:18.766 CET | INFO     | Line   78 (run_experiment_gl.py): ##################### test rate: 
2026-02-03 23:42:18.788 CET | INFO     | Line   88 (run_experiment_gl.py): 0.7898550724637681
2026-02-03 23:42:18.791 CET | INFO     | Line   89 (run_experiment_gl.py): right classified: 109 out of 138
2026-02-03 23:42:18.808 CET | INFO     | Line   28 (run_experiment_gl.py): ##################### Loading config parameters
2026-02-03 23:42:18.809 CET | INFO     | Line   20 (logging_utils.py): Config parameters:
2026-02-03 23:42:18.811 CET | INFO     | Line   21 (logging_utils.py): 
2026-02-03 23:42:18.814 CET | INFO     | Line   27 (logging_utils.py): hidden_dim: 32
2026-02-03 23:42:18.818 CET | INFO     | Line   27 (logging_utils.py): num_layers: 5
2026-02-03 23:42:18.821 CET | INFO     | Line   27 (logging_utils.py): device: cpu
2026-02-03 23:42:18.823 CET | INFO     | Line   27 (logging_utils.py): lr: 0.001
2026-02-03 23:42:18.825 CET | INFO     | Line   27 (logging_utils.py): epochs: 50
2026-02-03 23:42:18.826 CET | INFO     | Line   27 (logging_utils.py): batch_size: 32
2026-02-03 23:42:18.828 CET | INFO     | Line   27 (logging_utils.py): dataset: MUTAG
2026-02-03 23:42:18.829 CET | INFO     | Line   27 (logging_utils.py): is_logical: True
2026-02-03 23:42:18.832 CET | INFO     | Line   27 (logging_utils.py): constrains_filepath: constrains/data/MUTAG_auto_generated_3_101_102.json
2026-02-03 23:42:18.834 CET | INFO     | Line   25 (logging_utils.py): constrains_handler: GLRuleBasedHandler
2026-02-03 23:42:18.836 CET | INFO     | Line   27 (logging_utils.py): l_factor: 0.005
2026-02-03 23:42:18.837 CET | INFO     | Line   27 (logging_utils.py): save_logs: True
2026-02-03 23:42:18.839 CET | INFO     | Line   29 (logging_utils.py): 
2026-02-03 23:42:18.841 CET | INFO     | Line   30 (logging_utils.py): Training on model: GraphOCGINLossConstrains
2026-02-03 23:42:18.843 CET | INFO     | Line   31 (logging_utils.py): 
2026-02-03 23:42:18.844 CET | INFO     | Line   41 (run_experiment_gl.py): ##################### Loading data
2026-02-03 23:42:18.888 CET | INFO     | Line   45 (run_experiment_gl.py): ##################### creating model
2026-02-03 23:42:18.890 CET | INFO     | Line   48 (run_experiment_gl.py): creating model with number of node features: 7
2026-02-03 23:42:18.898 CET | INFO     | Line   51 (run_experiment_gl.py): ##################### staring training
2026-02-03 23:42:18.900 CET | INFO     | Line   53 (run_experiment_gl.py): setting up the logical constrains
2026-02-03 23:42:18.989 CET | DEBUG    | Line   90 (gl_ocgin.py): Epoch 000 | Loss 0.000258
2026-02-03 23:42:19.151 CET | DEBUG    | Line   90 (gl_ocgin.py): Epoch 010 | Loss 0.000191
2026-02-03 23:42:19.313 CET | DEBUG    | Line   90 (gl_ocgin.py): Epoch 020 | Loss 0.000185
2026-02-03 23:42:19.515 CET | DEBUG    | Line   90 (gl_ocgin.py): Epoch 030 | Loss 0.000184
2026-02-03 23:42:19.719 CET | DEBUG    | Line   90 (gl_ocgin.py): Epoch 040 | Loss 0.000184
2026-02-03 23:42:19.935 CET | INFO     | Line   65 (run_experiment_gl.py): ##################### computing scores
2026-02-03 23:42:19.982 CET | INFO     | Line   69 (run_experiment_gl.py): computed decision boundary on anomaly scores as 95% quantile:
2026-02-03 23:42:19.991 CET | INFO     | Line   72 (run_experiment_gl.py): tensor(1.0476e-05)
2026-02-03 23:42:19.996 CET | INFO     | Line   75 (run_experiment_gl.py): Test anomaly scores:
2026-02-03 23:42:19.999 CET | INFO     | Line   76 (run_experiment_gl.py): tensor([6.9326e-06, 1.4619e-06, 3.4287e-06, 4.5132e-06, 6.3482e-06, 2.9918e-06,
        1.5467e-05, 1.0664e-05, 5.0743e-06, 2.9449e-06])
2026-02-03 23:42:20.003 CET | INFO     | Line   78 (run_experiment_gl.py): ##################### test rate: 
2026-02-03 23:42:20.027 CET | INFO     | Line   88 (run_experiment_gl.py): 0.6956521739130435
2026-02-03 23:42:20.030 CET | INFO     | Line   89 (run_experiment_gl.py): right classified: 96 out of 138
2026-02-03 23:42:20.053 CET | INFO     | Line   28 (run_experiment_gl.py): ##################### Loading config parameters
2026-02-03 23:42:20.056 CET | INFO     | Line   20 (logging_utils.py): Config parameters:
2026-02-03 23:42:20.059 CET | INFO     | Line   21 (logging_utils.py): 
2026-02-03 23:42:20.063 CET | INFO     | Line   27 (logging_utils.py): hidden_dim: 32
2026-02-03 23:42:20.066 CET | INFO     | Line   27 (logging_utils.py): num_layers: 5
2026-02-03 23:42:20.069 CET | INFO     | Line   27 (logging_utils.py): device: cpu
2026-02-03 23:42:20.073 CET | INFO     | Line   27 (logging_utils.py): lr: 0.001
2026-02-03 23:42:20.076 CET | INFO     | Line   27 (logging_utils.py): epochs: 50
2026-02-03 23:42:20.079 CET | INFO     | Line   27 (logging_utils.py): batch_size: 32
2026-02-03 23:42:20.083 CET | INFO     | Line   27 (logging_utils.py): dataset: MUTAG
2026-02-03 23:42:20.087 CET | INFO     | Line   27 (logging_utils.py): is_logical: True
2026-02-03 23:42:20.091 CET | INFO     | Line   27 (logging_utils.py): constrains_filepath: constrains/data/MUTAG_auto_generated_3_101_102.json
2026-02-03 23:42:20.093 CET | INFO     | Line   25 (logging_utils.py): constrains_handler: GLRuleBasedHandler
2026-02-03 23:42:20.097 CET | INFO     | Line   27 (logging_utils.py): l_factor: 0.001
2026-02-03 23:42:20.100 CET | INFO     | Line   27 (logging_utils.py): save_logs: True
2026-02-03 23:42:20.103 CET | INFO     | Line   29 (logging_utils.py): 
2026-02-03 23:42:20.106 CET | INFO     | Line   30 (logging_utils.py): Training on model: GraphOCGINLossConstrains
2026-02-03 23:42:20.109 CET | INFO     | Line   31 (logging_utils.py): 
2026-02-03 23:42:20.112 CET | INFO     | Line   41 (run_experiment_gl.py): ##################### Loading data
2026-02-03 23:42:20.175 CET | INFO     | Line   45 (run_experiment_gl.py): ##################### creating model
2026-02-03 23:42:20.177 CET | INFO     | Line   48 (run_experiment_gl.py): creating model with number of node features: 7
2026-02-03 23:42:20.192 CET | INFO     | Line   51 (run_experiment_gl.py): ##################### staring training
2026-02-03 23:42:20.195 CET | INFO     | Line   53 (run_experiment_gl.py): setting up the logical constrains
2026-02-03 23:42:20.280 CET | DEBUG    | Line   90 (gl_ocgin.py): Epoch 000 | Loss 0.000207
2026-02-03 23:42:20.473 CET | DEBUG    | Line   90 (gl_ocgin.py): Epoch 010 | Loss 0.000048
2026-02-03 23:42:20.627 CET | DEBUG    | Line   90 (gl_ocgin.py): Epoch 020 | Loss 0.000043
2026-02-03 23:42:20.779 CET | DEBUG    | Line   90 (gl_ocgin.py): Epoch 030 | Loss 0.000041
2026-02-03 23:42:20.926 CET | DEBUG    | Line   90 (gl_ocgin.py): Epoch 040 | Loss 0.000040
2026-02-03 23:42:21.059 CET | INFO     | Line   65 (run_experiment_gl.py): ##################### computing scores
2026-02-03 23:42:21.095 CET | INFO     | Line   69 (run_experiment_gl.py): computed decision boundary on anomaly scores as 95% quantile:
2026-02-03 23:42:21.098 CET | INFO     | Line   72 (run_experiment_gl.py): tensor(5.7430e-05)
2026-02-03 23:42:21.101 CET | INFO     | Line   75 (run_experiment_gl.py): Test anomaly scores:
2026-02-03 23:42:21.104 CET | INFO     | Line   76 (run_experiment_gl.py): tensor([5.6865e-06, 4.1645e-05, 2.4456e-05, 4.7520e-05, 3.3149e-05, 1.4727e-05,
        2.4251e-05, 1.4388e-05, 8.1936e-06, 4.9863e-05])
2026-02-03 23:42:21.108 CET | INFO     | Line   78 (run_experiment_gl.py): ##################### test rate: 
2026-02-03 23:42:21.126 CET | INFO     | Line   88 (run_experiment_gl.py): 0.7753623188405797
2026-02-03 23:42:21.129 CET | INFO     | Line   89 (run_experiment_gl.py): right classified: 107 out of 138
2026-02-03 23:42:21.165 CET | INFO     | Line   28 (run_experiment_gl.py): ##################### Loading config parameters
2026-02-03 23:42:21.168 CET | INFO     | Line   20 (logging_utils.py): Config parameters:
2026-02-03 23:42:21.171 CET | INFO     | Line   21 (logging_utils.py): 
2026-02-03 23:42:21.174 CET | INFO     | Line   27 (logging_utils.py): hidden_dim: 64
2026-02-03 23:42:21.177 CET | INFO     | Line   27 (logging_utils.py): num_layers: 2
2026-02-03 23:42:21.180 CET | INFO     | Line   27 (logging_utils.py): device: cpu
2026-02-03 23:42:21.183 CET | INFO     | Line   27 (logging_utils.py): lr: 0.001
2026-02-03 23:42:21.186 CET | INFO     | Line   27 (logging_utils.py): epochs: 50
2026-02-03 23:42:21.190 CET | INFO     | Line   27 (logging_utils.py): batch_size: 32
2026-02-03 23:42:21.193 CET | INFO     | Line   27 (logging_utils.py): dataset: MUTAG
2026-02-03 23:42:21.197 CET | INFO     | Line   27 (logging_utils.py): is_logical: False
2026-02-03 23:42:21.202 CET | INFO     | Line   27 (logging_utils.py): constrains_filepath: constrains/data/MUTAG_auto_generated_2_101_102.json
2026-02-03 23:42:21.206 CET | INFO     | Line   25 (logging_utils.py): constrains_handler: GLRuleBasedHandler
2026-02-03 23:42:21.209 CET | INFO     | Line   27 (logging_utils.py): l_factor: 0.1
2026-02-03 23:42:21.213 CET | INFO     | Line   27 (logging_utils.py): save_logs: True
2026-02-03 23:42:21.216 CET | INFO     | Line   29 (logging_utils.py): 
2026-02-03 23:42:21.220 CET | INFO     | Line   30 (logging_utils.py): Training on model: GraphOCGIN
2026-02-03 23:42:21.223 CET | INFO     | Line   31 (logging_utils.py): 
2026-02-03 23:42:21.226 CET | INFO     | Line   41 (run_experiment_gl.py): ##################### Loading data
2026-02-03 23:42:21.272 CET | INFO     | Line   45 (run_experiment_gl.py): ##################### creating model
2026-02-03 23:42:21.274 CET | INFO     | Line   48 (run_experiment_gl.py): creating model with number of node features: 7
2026-02-03 23:42:21.280 CET | INFO     | Line   51 (run_experiment_gl.py): ##################### staring training
2026-02-03 23:42:21.307 CET | DEBUG    | Line   85 (graph_level_ocgin.py): Epoch 000 | Loss 0.020731
2026-02-03 23:42:21.333 CET | DEBUG    | Line   85 (graph_level_ocgin.py): Epoch 001 | Loss 0.014232
2026-02-03 23:42:21.352 CET | DEBUG    | Line   85 (graph_level_ocgin.py): Epoch 002 | Loss 0.013009
2026-02-03 23:42:21.367 CET | DEBUG    | Line   85 (graph_level_ocgin.py): Epoch 003 | Loss 0.008513
2026-02-03 23:42:21.381 CET | DEBUG    | Line   85 (graph_level_ocgin.py): Epoch 004 | Loss 0.007810
2026-02-03 23:42:21.403 CET | DEBUG    | Line   85 (graph_level_ocgin.py): Epoch 005 | Loss 0.006978
2026-02-03 23:42:21.415 CET | DEBUG    | Line   85 (graph_level_ocgin.py): Epoch 006 | Loss 0.005452
2026-02-03 23:42:21.430 CET | DEBUG    | Line   85 (graph_level_ocgin.py): Epoch 007 | Loss 0.005026
2026-02-03 23:42:21.444 CET | DEBUG    | Line   85 (graph_level_ocgin.py): Epoch 008 | Loss 0.004819
2026-02-03 23:42:21.462 CET | DEBUG    | Line   85 (graph_level_ocgin.py): Epoch 009 | Loss 0.004050
2026-02-03 23:42:21.481 CET | DEBUG    | Line   85 (graph_level_ocgin.py): Epoch 010 | Loss 0.003664
2026-02-03 23:42:21.516 CET | DEBUG    | Line   85 (graph_level_ocgin.py): Epoch 011 | Loss 0.003345
2026-02-03 23:42:21.551 CET | DEBUG    | Line   85 (graph_level_ocgin.py): Epoch 012 | Loss 0.003052
2026-02-03 23:42:21.575 CET | DEBUG    | Line   85 (graph_level_ocgin.py): Epoch 013 | Loss 0.002877
2026-02-03 23:42:21.598 CET | DEBUG    | Line   85 (graph_level_ocgin.py): Epoch 014 | Loss 0.002645
2026-02-03 23:42:21.614 CET | DEBUG    | Line   85 (graph_level_ocgin.py): Epoch 015 | Loss 0.002449
2026-02-03 23:42:21.633 CET | DEBUG    | Line   85 (graph_level_ocgin.py): Epoch 016 | Loss 0.002342
2026-02-03 23:42:21.650 CET | DEBUG    | Line   85 (graph_level_ocgin.py): Epoch 017 | Loss 0.002019
2026-02-03 23:42:21.668 CET | DEBUG    | Line   85 (graph_level_ocgin.py): Epoch 018 | Loss 0.001893
2026-02-03 23:42:21.687 CET | DEBUG    | Line   85 (graph_level_ocgin.py): Epoch 019 | Loss 0.001847
2026-02-03 23:42:21.706 CET | DEBUG    | Line   85 (graph_level_ocgin.py): Epoch 020 | Loss 0.001725
2026-02-03 23:42:21.725 CET | DEBUG    | Line   85 (graph_level_ocgin.py): Epoch 021 | Loss 0.001601
2026-02-03 23:42:21.745 CET | DEBUG    | Line   85 (graph_level_ocgin.py): Epoch 022 | Loss 0.001541
2026-02-03 23:42:21.761 CET | DEBUG    | Line   85 (graph_level_ocgin.py): Epoch 023 | Loss 0.001410
2026-02-03 23:42:21.779 CET | DEBUG    | Line   85 (graph_level_ocgin.py): Epoch 024 | Loss 0.001257
2026-02-03 23:42:21.796 CET | DEBUG    | Line   85 (graph_level_ocgin.py): Epoch 025 | Loss 0.001214
2026-02-03 23:42:21.815 CET | DEBUG    | Line   85 (graph_level_ocgin.py): Epoch 026 | Loss 0.001178
2026-02-03 23:42:21.834 CET | DEBUG    | Line   85 (graph_level_ocgin.py): Epoch 027 | Loss 0.001081
2026-02-03 23:42:21.852 CET | DEBUG    | Line   85 (graph_level_ocgin.py): Epoch 028 | Loss 0.001071
2026-02-03 23:42:21.872 CET | DEBUG    | Line   85 (graph_level_ocgin.py): Epoch 029 | Loss 0.001096
2026-02-03 23:42:21.891 CET | DEBUG    | Line   85 (graph_level_ocgin.py): Epoch 030 | Loss 0.000981
2026-02-03 23:42:21.910 CET | DEBUG    | Line   85 (graph_level_ocgin.py): Epoch 031 | Loss 0.001014
2026-02-03 23:42:21.927 CET | DEBUG    | Line   85 (graph_level_ocgin.py): Epoch 032 | Loss 0.001079
2026-02-03 23:42:21.945 CET | DEBUG    | Line   85 (graph_level_ocgin.py): Epoch 033 | Loss 0.000909
2026-02-03 23:42:21.962 CET | DEBUG    | Line   85 (graph_level_ocgin.py): Epoch 034 | Loss 0.000947
2026-02-03 23:42:21.980 CET | DEBUG    | Line   85 (graph_level_ocgin.py): Epoch 035 | Loss 0.000920
2026-02-03 23:42:21.999 CET | DEBUG    | Line   85 (graph_level_ocgin.py): Epoch 036 | Loss 0.000855
2026-02-03 23:42:22.019 CET | DEBUG    | Line   85 (graph_level_ocgin.py): Epoch 037 | Loss 0.000779
2026-02-03 23:42:22.040 CET | DEBUG    | Line   85 (graph_level_ocgin.py): Epoch 038 | Loss 0.000822
2026-02-03 23:42:22.062 CET | DEBUG    | Line   85 (graph_level_ocgin.py): Epoch 039 | Loss 0.000871
2026-02-03 23:42:22.080 CET | DEBUG    | Line   85 (graph_level_ocgin.py): Epoch 040 | Loss 0.000690
2026-02-03 23:42:22.101 CET | DEBUG    | Line   85 (graph_level_ocgin.py): Epoch 041 | Loss 0.000811
2026-02-03 23:42:22.118 CET | DEBUG    | Line   85 (graph_level_ocgin.py): Epoch 042 | Loss 0.000764
2026-02-03 23:42:22.135 CET | DEBUG    | Line   85 (graph_level_ocgin.py): Epoch 043 | Loss 0.000676
2026-02-03 23:42:22.152 CET | DEBUG    | Line   85 (graph_level_ocgin.py): Epoch 044 | Loss 0.000845
2026-02-03 23:42:22.171 CET | DEBUG    | Line   85 (graph_level_ocgin.py): Epoch 045 | Loss 0.000710
2026-02-03 23:42:22.189 CET | DEBUG    | Line   85 (graph_level_ocgin.py): Epoch 046 | Loss 0.000662
2026-02-03 23:42:22.211 CET | DEBUG    | Line   85 (graph_level_ocgin.py): Epoch 047 | Loss 0.000739
2026-02-03 23:42:22.227 CET | DEBUG    | Line   85 (graph_level_ocgin.py): Epoch 048 | Loss 0.000627
2026-02-03 23:42:22.245 CET | DEBUG    | Line   85 (graph_level_ocgin.py): Epoch 049 | Loss 0.000648
2026-02-03 23:42:22.248 CET | INFO     | Line   65 (run_experiment_gl.py): ##################### computing scores
2026-02-03 23:42:22.291 CET | INFO     | Line   69 (run_experiment_gl.py): computed decision boundary on anomaly scores as 95% quantile:
2026-02-03 23:42:22.294 CET | INFO     | Line   72 (run_experiment_gl.py): tensor(0.0017)
2026-02-03 23:42:22.299 CET | INFO     | Line   75 (run_experiment_gl.py): Test anomaly scores:
2026-02-03 23:42:22.302 CET | INFO     | Line   76 (run_experiment_gl.py): tensor([0.0006, 0.0003, 0.0002, 0.0016, 0.0009, 0.0002, 0.0002, 0.0002, 0.0008,
        0.0016])
2026-02-03 23:42:22.305 CET | INFO     | Line   78 (run_experiment_gl.py): ##################### test rate: 
2026-02-03 23:42:22.322 CET | INFO     | Line   88 (run_experiment_gl.py): 0.6739130434782609
2026-02-03 23:42:22.325 CET | INFO     | Line   89 (run_experiment_gl.py): right classified: 93 out of 138
2026-02-03 23:42:22.345 CET | INFO     | Line   28 (run_experiment_gl.py): ##################### Loading config parameters
2026-02-03 23:42:22.348 CET | INFO     | Line   20 (logging_utils.py): Config parameters:
2026-02-03 23:42:22.351 CET | INFO     | Line   21 (logging_utils.py): 
2026-02-03 23:42:22.354 CET | INFO     | Line   27 (logging_utils.py): hidden_dim: 64
2026-02-03 23:42:22.357 CET | INFO     | Line   27 (logging_utils.py): num_layers: 2
2026-02-03 23:42:22.359 CET | INFO     | Line   27 (logging_utils.py): device: cpu
2026-02-03 23:42:22.362 CET | INFO     | Line   27 (logging_utils.py): lr: 0.001
2026-02-03 23:42:22.364 CET | INFO     | Line   27 (logging_utils.py): epochs: 50
2026-02-03 23:42:22.367 CET | INFO     | Line   27 (logging_utils.py): batch_size: 32
2026-02-03 23:42:22.370 CET | INFO     | Line   27 (logging_utils.py): dataset: MUTAG
2026-02-03 23:42:22.374 CET | INFO     | Line   27 (logging_utils.py): is_logical: True
2026-02-03 23:42:22.377 CET | INFO     | Line   27 (logging_utils.py): constrains_filepath: constrains/data/MUTAG_auto_generated_2_101_102.json
2026-02-03 23:42:22.379 CET | INFO     | Line   25 (logging_utils.py): constrains_handler: GLRuleBasedHandler
2026-02-03 23:42:22.382 CET | INFO     | Line   27 (logging_utils.py): l_factor: 0.1
2026-02-03 23:42:22.384 CET | INFO     | Line   27 (logging_utils.py): save_logs: True
2026-02-03 23:42:22.387 CET | INFO     | Line   29 (logging_utils.py): 
2026-02-03 23:42:22.389 CET | INFO     | Line   30 (logging_utils.py): Training on model: GraphOCGINLossConstrains
2026-02-03 23:42:22.391 CET | INFO     | Line   31 (logging_utils.py): 
2026-02-03 23:42:22.395 CET | INFO     | Line   41 (run_experiment_gl.py): ##################### Loading data
2026-02-03 23:42:22.437 CET | INFO     | Line   45 (run_experiment_gl.py): ##################### creating model
2026-02-03 23:42:22.439 CET | INFO     | Line   48 (run_experiment_gl.py): creating model with number of node features: 7
2026-02-03 23:42:22.444 CET | INFO     | Line   51 (run_experiment_gl.py): ##################### staring training
2026-02-03 23:42:22.448 CET | INFO     | Line   53 (run_experiment_gl.py): setting up the logical constrains
2026-02-03 23:42:22.552 CET | DEBUG    | Line   90 (gl_ocgin.py): Epoch 000 | Loss 0.003607
2026-02-03 23:42:22.673 CET | DEBUG    | Line   90 (gl_ocgin.py): Epoch 010 | Loss 0.002970
2026-02-03 23:42:22.787 CET | DEBUG    | Line   90 (gl_ocgin.py): Epoch 020 | Loss 0.002845
2026-02-03 23:42:22.896 CET | DEBUG    | Line   90 (gl_ocgin.py): Epoch 030 | Loss 0.002816
2026-02-03 23:42:23.002 CET | DEBUG    | Line   90 (gl_ocgin.py): Epoch 040 | Loss 0.002803
2026-02-03 23:42:23.114 CET | INFO     | Line   65 (run_experiment_gl.py): ##################### computing scores
2026-02-03 23:42:23.144 CET | INFO     | Line   69 (run_experiment_gl.py): computed decision boundary on anomaly scores as 95% quantile:
2026-02-03 23:42:23.148 CET | INFO     | Line   72 (run_experiment_gl.py): tensor(0.0004)
2026-02-03 23:42:23.151 CET | INFO     | Line   75 (run_experiment_gl.py): Test anomaly scores:
2026-02-03 23:42:23.154 CET | INFO     | Line   76 (run_experiment_gl.py): tensor([1.4916e-04, 4.2821e-04, 2.6488e-04, 9.8464e-05, 2.7350e-04, 1.3925e-04,
        2.6297e-04, 4.2475e-04, 2.6686e-04, 9.5689e-05])
2026-02-03 23:42:23.159 CET | INFO     | Line   78 (run_experiment_gl.py): ##################### test rate: 
2026-02-03 23:42:23.185 CET | INFO     | Line   88 (run_experiment_gl.py): 0.7608695652173914
2026-02-03 23:42:23.189 CET | INFO     | Line   89 (run_experiment_gl.py): right classified: 105 out of 138
2026-02-03 23:42:23.209 CET | INFO     | Line   28 (run_experiment_gl.py): ##################### Loading config parameters
2026-02-03 23:42:23.214 CET | INFO     | Line   20 (logging_utils.py): Config parameters:
2026-02-03 23:42:23.217 CET | INFO     | Line   21 (logging_utils.py): 
2026-02-03 23:42:23.219 CET | INFO     | Line   27 (logging_utils.py): hidden_dim: 64
2026-02-03 23:42:23.225 CET | INFO     | Line   27 (logging_utils.py): num_layers: 2
2026-02-03 23:42:23.229 CET | INFO     | Line   27 (logging_utils.py): device: cpu
2026-02-03 23:42:23.233 CET | INFO     | Line   27 (logging_utils.py): lr: 0.001
2026-02-03 23:42:23.237 CET | INFO     | Line   27 (logging_utils.py): epochs: 50
2026-02-03 23:42:23.241 CET | INFO     | Line   27 (logging_utils.py): batch_size: 32
2026-02-03 23:42:23.245 CET | INFO     | Line   27 (logging_utils.py): dataset: MUTAG
2026-02-03 23:42:23.247 CET | INFO     | Line   27 (logging_utils.py): is_logical: True
2026-02-03 23:42:23.249 CET | INFO     | Line   27 (logging_utils.py): constrains_filepath: constrains/data/MUTAG_auto_generated_2_101_102.json
2026-02-03 23:42:23.251 CET | INFO     | Line   25 (logging_utils.py): constrains_handler: GLRuleBasedHandler
2026-02-03 23:42:23.252 CET | INFO     | Line   27 (logging_utils.py): l_factor: 0.01
2026-02-03 23:42:23.254 CET | INFO     | Line   27 (logging_utils.py): save_logs: True
2026-02-03 23:42:23.255 CET | INFO     | Line   29 (logging_utils.py): 
2026-02-03 23:42:23.257 CET | INFO     | Line   30 (logging_utils.py): Training on model: GraphOCGINLossConstrains
2026-02-03 23:42:23.258 CET | INFO     | Line   31 (logging_utils.py): 
2026-02-03 23:42:23.262 CET | INFO     | Line   41 (run_experiment_gl.py): ##################### Loading data
2026-02-03 23:42:23.317 CET | INFO     | Line   45 (run_experiment_gl.py): ##################### creating model
2026-02-03 23:42:23.319 CET | INFO     | Line   48 (run_experiment_gl.py): creating model with number of node features: 7
2026-02-03 23:42:23.323 CET | INFO     | Line   51 (run_experiment_gl.py): ##################### staring training
2026-02-03 23:42:23.325 CET | INFO     | Line   53 (run_experiment_gl.py): setting up the logical constrains
2026-02-03 23:42:23.404 CET | DEBUG    | Line   90 (gl_ocgin.py): Epoch 000 | Loss 0.001044
2026-02-03 23:42:23.623 CET | DEBUG    | Line   90 (gl_ocgin.py): Epoch 010 | Loss 0.000418
2026-02-03 23:42:23.806 CET | DEBUG    | Line   90 (gl_ocgin.py): Epoch 020 | Loss 0.000337
2026-02-03 23:42:24.032 CET | DEBUG    | Line   90 (gl_ocgin.py): Epoch 030 | Loss 0.000314
2026-02-03 23:42:24.197 CET | DEBUG    | Line   90 (gl_ocgin.py): Epoch 040 | Loss 0.000302
2026-02-03 23:42:24.295 CET | INFO     | Line   65 (run_experiment_gl.py): ##################### computing scores
2026-02-03 23:42:24.334 CET | INFO     | Line   69 (run_experiment_gl.py): computed decision boundary on anomaly scores as 95% quantile:
2026-02-03 23:42:24.337 CET | INFO     | Line   72 (run_experiment_gl.py): tensor(0.0003)
2026-02-03 23:42:24.340 CET | INFO     | Line   75 (run_experiment_gl.py): Test anomaly scores:
2026-02-03 23:42:24.343 CET | INFO     | Line   76 (run_experiment_gl.py): tensor([7.6922e-05, 6.8719e-05, 8.4570e-05, 2.6125e-04, 1.3039e-04, 2.3164e-04,
        9.1147e-05, 3.4377e-04, 1.4453e-04, 3.1492e-04])
2026-02-03 23:42:24.347 CET | INFO     | Line   78 (run_experiment_gl.py): ##################### test rate: 
2026-02-03 23:42:24.368 CET | INFO     | Line   88 (run_experiment_gl.py): 0.7463768115942029
2026-02-03 23:42:24.371 CET | INFO     | Line   89 (run_experiment_gl.py): right classified: 103 out of 138
2026-02-03 23:42:24.391 CET | INFO     | Line   28 (run_experiment_gl.py): ##################### Loading config parameters
2026-02-03 23:42:24.394 CET | INFO     | Line   20 (logging_utils.py): Config parameters:
2026-02-03 23:42:24.396 CET | INFO     | Line   21 (logging_utils.py): 
2026-02-03 23:42:24.397 CET | INFO     | Line   27 (logging_utils.py): hidden_dim: 64
2026-02-03 23:42:24.400 CET | INFO     | Line   27 (logging_utils.py): num_layers: 2
2026-02-03 23:42:24.403 CET | INFO     | Line   27 (logging_utils.py): device: cpu
2026-02-03 23:42:24.407 CET | INFO     | Line   27 (logging_utils.py): lr: 0.001
2026-02-03 23:42:24.410 CET | INFO     | Line   27 (logging_utils.py): epochs: 50
2026-02-03 23:42:24.414 CET | INFO     | Line   27 (logging_utils.py): batch_size: 32
2026-02-03 23:42:24.417 CET | INFO     | Line   27 (logging_utils.py): dataset: MUTAG
2026-02-03 23:42:24.420 CET | INFO     | Line   27 (logging_utils.py): is_logical: True
2026-02-03 23:42:24.423 CET | INFO     | Line   27 (logging_utils.py): constrains_filepath: constrains/data/MUTAG_auto_generated_2_101_102.json
2026-02-03 23:42:24.427 CET | INFO     | Line   25 (logging_utils.py): constrains_handler: GLRuleBasedHandler
2026-02-03 23:42:24.431 CET | INFO     | Line   27 (logging_utils.py): l_factor: 0.005
2026-02-03 23:42:24.435 CET | INFO     | Line   27 (logging_utils.py): save_logs: True
2026-02-03 23:42:24.438 CET | INFO     | Line   29 (logging_utils.py): 
2026-02-03 23:42:24.441 CET | INFO     | Line   30 (logging_utils.py): Training on model: GraphOCGINLossConstrains
2026-02-03 23:42:24.445 CET | INFO     | Line   31 (logging_utils.py): 
2026-02-03 23:42:24.450 CET | INFO     | Line   41 (run_experiment_gl.py): ##################### Loading data
2026-02-03 23:42:24.505 CET | INFO     | Line   45 (run_experiment_gl.py): ##################### creating model
2026-02-03 23:42:24.509 CET | INFO     | Line   48 (run_experiment_gl.py): creating model with number of node features: 7
2026-02-03 23:42:24.517 CET | INFO     | Line   51 (run_experiment_gl.py): ##################### staring training
2026-02-03 23:42:24.520 CET | INFO     | Line   53 (run_experiment_gl.py): setting up the logical constrains
2026-02-03 23:42:24.605 CET | DEBUG    | Line   90 (gl_ocgin.py): Epoch 000 | Loss 0.001708
2026-02-03 23:42:24.742 CET | DEBUG    | Line   90 (gl_ocgin.py): Epoch 010 | Loss 0.000428
2026-02-03 23:42:24.889 CET | DEBUG    | Line   90 (gl_ocgin.py): Epoch 020 | Loss 0.000253
2026-02-03 23:42:24.997 CET | DEBUG    | Line   90 (gl_ocgin.py): Epoch 030 | Loss 0.000210
2026-02-03 23:42:25.106 CET | DEBUG    | Line   90 (gl_ocgin.py): Epoch 040 | Loss 0.000205
2026-02-03 23:42:25.201 CET | INFO     | Line   65 (run_experiment_gl.py): ##################### computing scores
2026-02-03 23:42:25.229 CET | INFO     | Line   69 (run_experiment_gl.py): computed decision boundary on anomaly scores as 95% quantile:
2026-02-03 23:42:25.233 CET | INFO     | Line   72 (run_experiment_gl.py): tensor(0.0018)
2026-02-03 23:42:25.236 CET | INFO     | Line   75 (run_experiment_gl.py): Test anomaly scores:
2026-02-03 23:42:25.239 CET | INFO     | Line   76 (run_experiment_gl.py): tensor([0.0002, 0.0015, 0.0004, 0.0001, 0.0021, 0.0014, 0.0008, 0.0006, 0.0016,
        0.0005])
2026-02-03 23:42:25.241 CET | INFO     | Line   78 (run_experiment_gl.py): ##################### test rate: 
2026-02-03 23:42:25.261 CET | INFO     | Line   88 (run_experiment_gl.py): 0.7753623188405797
2026-02-03 23:42:25.264 CET | INFO     | Line   89 (run_experiment_gl.py): right classified: 107 out of 138
2026-02-03 23:42:25.281 CET | INFO     | Line   28 (run_experiment_gl.py): ##################### Loading config parameters
2026-02-03 23:42:25.283 CET | INFO     | Line   20 (logging_utils.py): Config parameters:
2026-02-03 23:42:25.287 CET | INFO     | Line   21 (logging_utils.py): 
2026-02-03 23:42:25.290 CET | INFO     | Line   27 (logging_utils.py): hidden_dim: 64
2026-02-03 23:42:25.293 CET | INFO     | Line   27 (logging_utils.py): num_layers: 2
2026-02-03 23:42:25.295 CET | INFO     | Line   27 (logging_utils.py): device: cpu
2026-02-03 23:42:25.298 CET | INFO     | Line   27 (logging_utils.py): lr: 0.001
2026-02-03 23:42:25.300 CET | INFO     | Line   27 (logging_utils.py): epochs: 50
2026-02-03 23:42:25.303 CET | INFO     | Line   27 (logging_utils.py): batch_size: 32
2026-02-03 23:42:25.305 CET | INFO     | Line   27 (logging_utils.py): dataset: MUTAG
2026-02-03 23:42:25.308 CET | INFO     | Line   27 (logging_utils.py): is_logical: True
2026-02-03 23:42:25.311 CET | INFO     | Line   27 (logging_utils.py): constrains_filepath: constrains/data/MUTAG_auto_generated_2_101_102.json
2026-02-03 23:42:25.314 CET | INFO     | Line   25 (logging_utils.py): constrains_handler: GLRuleBasedHandler
2026-02-03 23:42:25.317 CET | INFO     | Line   27 (logging_utils.py): l_factor: 0.001
2026-02-03 23:42:25.319 CET | INFO     | Line   27 (logging_utils.py): save_logs: True
2026-02-03 23:42:25.322 CET | INFO     | Line   29 (logging_utils.py): 
2026-02-03 23:42:25.324 CET | INFO     | Line   30 (logging_utils.py): Training on model: GraphOCGINLossConstrains
2026-02-03 23:42:25.327 CET | INFO     | Line   31 (logging_utils.py): 
2026-02-03 23:42:25.331 CET | INFO     | Line   41 (run_experiment_gl.py): ##################### Loading data
2026-02-03 23:42:25.384 CET | INFO     | Line   45 (run_experiment_gl.py): ##################### creating model
2026-02-03 23:42:25.386 CET | INFO     | Line   48 (run_experiment_gl.py): creating model with number of node features: 7
2026-02-03 23:42:25.390 CET | INFO     | Line   51 (run_experiment_gl.py): ##################### staring training
2026-02-03 23:42:25.391 CET | INFO     | Line   53 (run_experiment_gl.py): setting up the logical constrains
2026-02-03 23:42:25.469 CET | DEBUG    | Line   90 (gl_ocgin.py): Epoch 000 | Loss 0.002118
2026-02-03 23:42:25.626 CET | DEBUG    | Line   90 (gl_ocgin.py): Epoch 010 | Loss 0.000377
2026-02-03 23:42:25.775 CET | DEBUG    | Line   90 (gl_ocgin.py): Epoch 020 | Loss 0.000172
2026-02-03 23:42:25.909 CET | DEBUG    | Line   90 (gl_ocgin.py): Epoch 030 | Loss 0.000123
2026-02-03 23:42:26.033 CET | DEBUG    | Line   90 (gl_ocgin.py): Epoch 040 | Loss 0.000106
2026-02-03 23:42:26.144 CET | INFO     | Line   65 (run_experiment_gl.py): ##################### computing scores
2026-02-03 23:42:26.179 CET | INFO     | Line   69 (run_experiment_gl.py): computed decision boundary on anomaly scores as 95% quantile:
2026-02-03 23:42:26.190 CET | INFO     | Line   72 (run_experiment_gl.py): tensor(0.0023)
2026-02-03 23:42:26.196 CET | INFO     | Line   75 (run_experiment_gl.py): Test anomaly scores:
2026-02-03 23:42:26.199 CET | INFO     | Line   76 (run_experiment_gl.py): tensor([1.1072e-03, 4.8396e-04, 1.1494e-03, 1.7932e-03, 2.7097e-03, 1.0558e-04,
        2.5318e-04, 9.1703e-04, 1.2443e-03, 9.3251e-05])
2026-02-03 23:42:26.203 CET | INFO     | Line   78 (run_experiment_gl.py): ##################### test rate: 
2026-02-03 23:42:26.221 CET | INFO     | Line   88 (run_experiment_gl.py): 0.7246376811594203
2026-02-03 23:42:26.223 CET | INFO     | Line   89 (run_experiment_gl.py): right classified: 100 out of 138
2026-02-03 23:42:26.238 CET | INFO     | Line   28 (run_experiment_gl.py): ##################### Loading config parameters
2026-02-03 23:42:26.240 CET | INFO     | Line   20 (logging_utils.py): Config parameters:
2026-02-03 23:42:26.241 CET | INFO     | Line   21 (logging_utils.py): 
2026-02-03 23:42:26.243 CET | INFO     | Line   27 (logging_utils.py): hidden_dim: 64
2026-02-03 23:42:26.248 CET | INFO     | Line   27 (logging_utils.py): num_layers: 2
2026-02-03 23:42:26.250 CET | INFO     | Line   27 (logging_utils.py): device: cpu
2026-02-03 23:42:26.253 CET | INFO     | Line   27 (logging_utils.py): lr: 0.001
2026-02-03 23:42:26.254 CET | INFO     | Line   27 (logging_utils.py): epochs: 50
2026-02-03 23:42:26.256 CET | INFO     | Line   27 (logging_utils.py): batch_size: 32
2026-02-03 23:42:26.258 CET | INFO     | Line   27 (logging_utils.py): dataset: MUTAG
2026-02-03 23:42:26.259 CET | INFO     | Line   27 (logging_utils.py): is_logical: True
2026-02-03 23:42:26.264 CET | INFO     | Line   27 (logging_utils.py): constrains_filepath: constrains/data/MUTAG_auto_generated_3_101_102.json
2026-02-03 23:42:26.266 CET | INFO     | Line   25 (logging_utils.py): constrains_handler: GLRuleBasedHandler
2026-02-03 23:42:26.269 CET | INFO     | Line   27 (logging_utils.py): l_factor: 0.1
2026-02-03 23:42:26.271 CET | INFO     | Line   27 (logging_utils.py): save_logs: True
2026-02-03 23:42:26.272 CET | INFO     | Line   29 (logging_utils.py): 
2026-02-03 23:42:26.274 CET | INFO     | Line   30 (logging_utils.py): Training on model: GraphOCGINLossConstrains
2026-02-03 23:42:26.275 CET | INFO     | Line   31 (logging_utils.py): 
2026-02-03 23:42:26.279 CET | INFO     | Line   41 (run_experiment_gl.py): ##################### Loading data
2026-02-03 23:42:26.327 CET | INFO     | Line   45 (run_experiment_gl.py): ##################### creating model
2026-02-03 23:42:26.330 CET | INFO     | Line   48 (run_experiment_gl.py): creating model with number of node features: 7
2026-02-03 23:42:26.336 CET | INFO     | Line   51 (run_experiment_gl.py): ##################### staring training
2026-02-03 23:42:26.338 CET | INFO     | Line   53 (run_experiment_gl.py): setting up the logical constrains
2026-02-03 23:42:26.435 CET | DEBUG    | Line   90 (gl_ocgin.py): Epoch 000 | Loss 0.004955
2026-02-03 23:42:26.564 CET | DEBUG    | Line   90 (gl_ocgin.py): Epoch 010 | Loss 0.003928
2026-02-03 23:42:26.705 CET | DEBUG    | Line   90 (gl_ocgin.py): Epoch 020 | Loss 0.003783
2026-02-03 23:42:26.822 CET | DEBUG    | Line   90 (gl_ocgin.py): Epoch 030 | Loss 0.003742
2026-02-03 23:42:26.937 CET | DEBUG    | Line   90 (gl_ocgin.py): Epoch 040 | Loss 0.003718
2026-02-03 23:42:27.036 CET | INFO     | Line   65 (run_experiment_gl.py): ##################### computing scores
2026-02-03 23:42:27.067 CET | INFO     | Line   69 (run_experiment_gl.py): computed decision boundary on anomaly scores as 95% quantile:
2026-02-03 23:42:27.070 CET | INFO     | Line   72 (run_experiment_gl.py): tensor(0.0012)
2026-02-03 23:42:27.073 CET | INFO     | Line   75 (run_experiment_gl.py): Test anomaly scores:
2026-02-03 23:42:27.076 CET | INFO     | Line   76 (run_experiment_gl.py): tensor([0.0001, 0.0002, 0.0013, 0.0007, 0.0001, 0.0003, 0.0003, 0.0012, 0.0003,
        0.0017])
2026-02-03 23:42:27.079 CET | INFO     | Line   78 (run_experiment_gl.py): ##################### test rate: 
2026-02-03 23:42:27.099 CET | INFO     | Line   88 (run_experiment_gl.py): 0.7463768115942029
2026-02-03 23:42:27.102 CET | INFO     | Line   89 (run_experiment_gl.py): right classified: 103 out of 138
2026-02-03 23:42:27.120 CET | INFO     | Line   28 (run_experiment_gl.py): ##################### Loading config parameters
2026-02-03 23:42:27.123 CET | INFO     | Line   20 (logging_utils.py): Config parameters:
2026-02-03 23:42:27.126 CET | INFO     | Line   21 (logging_utils.py): 
2026-02-03 23:42:27.130 CET | INFO     | Line   27 (logging_utils.py): hidden_dim: 64
2026-02-03 23:42:27.133 CET | INFO     | Line   27 (logging_utils.py): num_layers: 2
2026-02-03 23:42:27.136 CET | INFO     | Line   27 (logging_utils.py): device: cpu
2026-02-03 23:42:27.139 CET | INFO     | Line   27 (logging_utils.py): lr: 0.001
2026-02-03 23:42:27.143 CET | INFO     | Line   27 (logging_utils.py): epochs: 50
2026-02-03 23:42:27.146 CET | INFO     | Line   27 (logging_utils.py): batch_size: 32
2026-02-03 23:42:27.149 CET | INFO     | Line   27 (logging_utils.py): dataset: MUTAG
2026-02-03 23:42:27.151 CET | INFO     | Line   27 (logging_utils.py): is_logical: True
2026-02-03 23:42:27.154 CET | INFO     | Line   27 (logging_utils.py): constrains_filepath: constrains/data/MUTAG_auto_generated_3_101_102.json
2026-02-03 23:42:27.156 CET | INFO     | Line   25 (logging_utils.py): constrains_handler: GLRuleBasedHandler
2026-02-03 23:42:27.160 CET | INFO     | Line   27 (logging_utils.py): l_factor: 0.01
2026-02-03 23:42:27.164 CET | INFO     | Line   27 (logging_utils.py): save_logs: True
2026-02-03 23:42:27.166 CET | INFO     | Line   29 (logging_utils.py): 
2026-02-03 23:42:27.169 CET | INFO     | Line   30 (logging_utils.py): Training on model: GraphOCGINLossConstrains
2026-02-03 23:42:27.171 CET | INFO     | Line   31 (logging_utils.py): 
2026-02-03 23:42:27.174 CET | INFO     | Line   41 (run_experiment_gl.py): ##################### Loading data
2026-02-03 23:42:27.235 CET | INFO     | Line   45 (run_experiment_gl.py): ##################### creating model
2026-02-03 23:42:27.238 CET | INFO     | Line   48 (run_experiment_gl.py): creating model with number of node features: 7
2026-02-03 23:42:27.246 CET | INFO     | Line   51 (run_experiment_gl.py): ##################### staring training
2026-02-03 23:42:27.249 CET | INFO     | Line   53 (run_experiment_gl.py): setting up the logical constrains
2026-02-03 23:42:27.341 CET | DEBUG    | Line   90 (gl_ocgin.py): Epoch 000 | Loss 0.002414
2026-02-03 23:42:27.513 CET | DEBUG    | Line   90 (gl_ocgin.py): Epoch 010 | Loss 0.000702
2026-02-03 23:42:27.668 CET | DEBUG    | Line   90 (gl_ocgin.py): Epoch 020 | Loss 0.000509
2026-02-03 23:42:27.780 CET | DEBUG    | Line   90 (gl_ocgin.py): Epoch 030 | Loss 0.000457
2026-02-03 23:42:27.889 CET | DEBUG    | Line   90 (gl_ocgin.py): Epoch 040 | Loss 0.000445
2026-02-03 23:42:28.004 CET | INFO     | Line   65 (run_experiment_gl.py): ##################### computing scores
2026-02-03 23:42:28.049 CET | INFO     | Line   69 (run_experiment_gl.py): computed decision boundary on anomaly scores as 95% quantile:
2026-02-03 23:42:28.059 CET | INFO     | Line   72 (run_experiment_gl.py): tensor(0.0017)
2026-02-03 23:42:28.063 CET | INFO     | Line   75 (run_experiment_gl.py): Test anomaly scores:
2026-02-03 23:42:28.068 CET | INFO     | Line   76 (run_experiment_gl.py): tensor([0.0022, 0.0002, 0.0033, 0.0006, 0.0002, 0.0004, 0.0012, 0.0003, 0.0009,
        0.0011])
2026-02-03 23:42:28.073 CET | INFO     | Line   78 (run_experiment_gl.py): ##################### test rate: 
2026-02-03 23:42:28.099 CET | INFO     | Line   88 (run_experiment_gl.py): 0.782608695652174
2026-02-03 23:42:28.104 CET | INFO     | Line   89 (run_experiment_gl.py): right classified: 108 out of 138
2026-02-03 23:42:28.121 CET | INFO     | Line   28 (run_experiment_gl.py): ##################### Loading config parameters
2026-02-03 23:42:28.123 CET | INFO     | Line   20 (logging_utils.py): Config parameters:
2026-02-03 23:42:28.127 CET | INFO     | Line   21 (logging_utils.py): 
2026-02-03 23:42:28.130 CET | INFO     | Line   27 (logging_utils.py): hidden_dim: 64
2026-02-03 23:42:28.132 CET | INFO     | Line   27 (logging_utils.py): num_layers: 2
2026-02-03 23:42:28.133 CET | INFO     | Line   27 (logging_utils.py): device: cpu
2026-02-03 23:42:28.135 CET | INFO     | Line   27 (logging_utils.py): lr: 0.001
2026-02-03 23:42:28.137 CET | INFO     | Line   27 (logging_utils.py): epochs: 50
2026-02-03 23:42:28.140 CET | INFO     | Line   27 (logging_utils.py): batch_size: 32
2026-02-03 23:42:28.144 CET | INFO     | Line   27 (logging_utils.py): dataset: MUTAG
2026-02-03 23:42:28.148 CET | INFO     | Line   27 (logging_utils.py): is_logical: True
2026-02-03 23:42:28.151 CET | INFO     | Line   27 (logging_utils.py): constrains_filepath: constrains/data/MUTAG_auto_generated_3_101_102.json
2026-02-03 23:42:28.154 CET | INFO     | Line   25 (logging_utils.py): constrains_handler: GLRuleBasedHandler
2026-02-03 23:42:28.157 CET | INFO     | Line   27 (logging_utils.py): l_factor: 0.005
2026-02-03 23:42:28.161 CET | INFO     | Line   27 (logging_utils.py): save_logs: True
2026-02-03 23:42:28.165 CET | INFO     | Line   29 (logging_utils.py): 
2026-02-03 23:42:28.168 CET | INFO     | Line   30 (logging_utils.py): Training on model: GraphOCGINLossConstrains
2026-02-03 23:42:28.171 CET | INFO     | Line   31 (logging_utils.py): 
2026-02-03 23:42:28.174 CET | INFO     | Line   41 (run_experiment_gl.py): ##################### Loading data
2026-02-03 23:42:28.230 CET | INFO     | Line   45 (run_experiment_gl.py): ##################### creating model
2026-02-03 23:42:28.232 CET | INFO     | Line   48 (run_experiment_gl.py): creating model with number of node features: 7
2026-02-03 23:42:28.236 CET | INFO     | Line   51 (run_experiment_gl.py): ##################### staring training
2026-02-03 23:42:28.238 CET | INFO     | Line   53 (run_experiment_gl.py): setting up the logical constrains
2026-02-03 23:42:28.330 CET | DEBUG    | Line   90 (gl_ocgin.py): Epoch 000 | Loss 0.005332
2026-02-03 23:42:28.464 CET | DEBUG    | Line   90 (gl_ocgin.py): Epoch 010 | Loss 0.001635
2026-02-03 23:42:28.616 CET | DEBUG    | Line   90 (gl_ocgin.py): Epoch 020 | Loss 0.000661
2026-02-03 23:42:28.725 CET | DEBUG    | Line   90 (gl_ocgin.py): Epoch 030 | Loss 0.000364
2026-02-03 23:42:28.830 CET | DEBUG    | Line   90 (gl_ocgin.py): Epoch 040 | Loss 0.000309
2026-02-03 23:42:28.929 CET | INFO     | Line   65 (run_experiment_gl.py): ##################### computing scores
2026-02-03 23:42:28.959 CET | INFO     | Line   69 (run_experiment_gl.py): computed decision boundary on anomaly scores as 95% quantile:
2026-02-03 23:42:28.963 CET | INFO     | Line   72 (run_experiment_gl.py): tensor(0.0022)
2026-02-03 23:42:28.966 CET | INFO     | Line   75 (run_experiment_gl.py): Test anomaly scores:
2026-02-03 23:42:28.970 CET | INFO     | Line   76 (run_experiment_gl.py): tensor([0.0006, 0.0037, 0.0007, 0.0018, 0.0005, 0.0004, 0.0006, 0.0018, 0.0003,
        0.0015])
2026-02-03 23:42:28.974 CET | INFO     | Line   78 (run_experiment_gl.py): ##################### test rate: 
2026-02-03 23:42:28.992 CET | INFO     | Line   88 (run_experiment_gl.py): 0.8115942028985508
2026-02-03 23:42:28.995 CET | INFO     | Line   89 (run_experiment_gl.py): right classified: 112 out of 138
2026-02-03 23:42:29.014 CET | INFO     | Line   28 (run_experiment_gl.py): ##################### Loading config parameters
2026-02-03 23:42:29.017 CET | INFO     | Line   20 (logging_utils.py): Config parameters:
2026-02-03 23:42:29.019 CET | INFO     | Line   21 (logging_utils.py): 
2026-02-03 23:42:29.021 CET | INFO     | Line   27 (logging_utils.py): hidden_dim: 64
2026-02-03 23:42:29.022 CET | INFO     | Line   27 (logging_utils.py): num_layers: 2
2026-02-03 23:42:29.024 CET | INFO     | Line   27 (logging_utils.py): device: cpu
2026-02-03 23:42:29.026 CET | INFO     | Line   27 (logging_utils.py): lr: 0.001
2026-02-03 23:42:29.029 CET | INFO     | Line   27 (logging_utils.py): epochs: 50
2026-02-03 23:42:29.031 CET | INFO     | Line   27 (logging_utils.py): batch_size: 32
2026-02-03 23:42:29.033 CET | INFO     | Line   27 (logging_utils.py): dataset: MUTAG
2026-02-03 23:42:29.034 CET | INFO     | Line   27 (logging_utils.py): is_logical: True
2026-02-03 23:42:29.037 CET | INFO     | Line   27 (logging_utils.py): constrains_filepath: constrains/data/MUTAG_auto_generated_3_101_102.json
2026-02-03 23:42:29.039 CET | INFO     | Line   25 (logging_utils.py): constrains_handler: GLRuleBasedHandler
2026-02-03 23:42:29.040 CET | INFO     | Line   27 (logging_utils.py): l_factor: 0.001
2026-02-03 23:42:29.043 CET | INFO     | Line   27 (logging_utils.py): save_logs: True
2026-02-03 23:42:29.046 CET | INFO     | Line   29 (logging_utils.py): 
2026-02-03 23:42:29.048 CET | INFO     | Line   30 (logging_utils.py): Training on model: GraphOCGINLossConstrains
2026-02-03 23:42:29.050 CET | INFO     | Line   31 (logging_utils.py): 
2026-02-03 23:42:29.053 CET | INFO     | Line   41 (run_experiment_gl.py): ##################### Loading data
2026-02-03 23:42:29.097 CET | INFO     | Line   45 (run_experiment_gl.py): ##################### creating model
2026-02-03 23:42:29.101 CET | INFO     | Line   48 (run_experiment_gl.py): creating model with number of node features: 7
2026-02-03 23:42:29.105 CET | INFO     | Line   51 (run_experiment_gl.py): ##################### staring training
2026-02-03 23:42:29.108 CET | INFO     | Line   53 (run_experiment_gl.py): setting up the logical constrains
2026-02-03 23:42:29.188 CET | DEBUG    | Line   90 (gl_ocgin.py): Epoch 000 | Loss 0.000862
2026-02-03 23:42:29.541 CET | DEBUG    | Line   90 (gl_ocgin.py): Epoch 010 | Loss 0.000187
2026-02-03 23:42:29.743 CET | DEBUG    | Line   90 (gl_ocgin.py): Epoch 020 | Loss 0.000105
2026-02-03 23:42:29.993 CET | DEBUG    | Line   90 (gl_ocgin.py): Epoch 030 | Loss 0.000079
2026-02-03 23:42:30.125 CET | DEBUG    | Line   90 (gl_ocgin.py): Epoch 040 | Loss 0.000091
2026-02-03 23:42:30.225 CET | INFO     | Line   65 (run_experiment_gl.py): ##################### computing scores
2026-02-03 23:42:30.264 CET | INFO     | Line   69 (run_experiment_gl.py): computed decision boundary on anomaly scores as 95% quantile:
2026-02-03 23:42:30.267 CET | INFO     | Line   72 (run_experiment_gl.py): tensor(0.0010)
2026-02-03 23:42:30.271 CET | INFO     | Line   75 (run_experiment_gl.py): Test anomaly scores:
2026-02-03 23:42:30.278 CET | INFO     | Line   76 (run_experiment_gl.py): tensor([0.0003, 0.0003, 0.0004, 0.0001, 0.0002, 0.0013, 0.0010, 0.0007, 0.0001,
        0.0002])
2026-02-03 23:42:30.287 CET | INFO     | Line   78 (run_experiment_gl.py): ##################### test rate: 
2026-02-03 23:42:30.309 CET | INFO     | Line   88 (run_experiment_gl.py): 0.7681159420289855
2026-02-03 23:42:30.312 CET | INFO     | Line   89 (run_experiment_gl.py): right classified: 106 out of 138
2026-02-03 23:42:30.355 CET | INFO     | Line   28 (run_experiment_gl.py): ##################### Loading config parameters
2026-02-03 23:42:30.358 CET | INFO     | Line   20 (logging_utils.py): Config parameters:
2026-02-03 23:42:30.361 CET | INFO     | Line   21 (logging_utils.py): 
2026-02-03 23:42:30.364 CET | INFO     | Line   27 (logging_utils.py): hidden_dim: 64
2026-02-03 23:42:30.367 CET | INFO     | Line   27 (logging_utils.py): num_layers: 3
2026-02-03 23:42:30.370 CET | INFO     | Line   27 (logging_utils.py): device: cpu
2026-02-03 23:42:30.373 CET | INFO     | Line   27 (logging_utils.py): lr: 0.001
2026-02-03 23:42:30.378 CET | INFO     | Line   27 (logging_utils.py): epochs: 50
2026-02-03 23:42:30.383 CET | INFO     | Line   27 (logging_utils.py): batch_size: 32
2026-02-03 23:42:30.386 CET | INFO     | Line   27 (logging_utils.py): dataset: MUTAG
2026-02-03 23:42:30.388 CET | INFO     | Line   27 (logging_utils.py): is_logical: False
2026-02-03 23:42:30.391 CET | INFO     | Line   27 (logging_utils.py): constrains_filepath: constrains/data/MUTAG_auto_generated_2_101_102.json
2026-02-03 23:42:30.395 CET | INFO     | Line   25 (logging_utils.py): constrains_handler: GLRuleBasedHandler
2026-02-03 23:42:30.398 CET | INFO     | Line   27 (logging_utils.py): l_factor: 0.1
2026-02-03 23:42:30.401 CET | INFO     | Line   27 (logging_utils.py): save_logs: True
2026-02-03 23:42:30.404 CET | INFO     | Line   29 (logging_utils.py): 
2026-02-03 23:42:30.407 CET | INFO     | Line   30 (logging_utils.py): Training on model: GraphOCGIN
2026-02-03 23:42:30.410 CET | INFO     | Line   31 (logging_utils.py): 
2026-02-03 23:42:30.415 CET | INFO     | Line   41 (run_experiment_gl.py): ##################### Loading data
2026-02-03 23:42:30.478 CET | INFO     | Line   45 (run_experiment_gl.py): ##################### creating model
2026-02-03 23:42:30.481 CET | INFO     | Line   48 (run_experiment_gl.py): creating model with number of node features: 7
2026-02-03 23:42:30.491 CET | INFO     | Line   51 (run_experiment_gl.py): ##################### staring training
2026-02-03 23:42:30.528 CET | DEBUG    | Line   85 (graph_level_ocgin.py): Epoch 000 | Loss 0.007333
2026-02-03 23:42:30.557 CET | DEBUG    | Line   85 (graph_level_ocgin.py): Epoch 001 | Loss 0.003219
2026-02-03 23:42:30.582 CET | DEBUG    | Line   85 (graph_level_ocgin.py): Epoch 002 | Loss 0.004033
2026-02-03 23:42:30.612 CET | DEBUG    | Line   85 (graph_level_ocgin.py): Epoch 003 | Loss 0.001492
2026-02-03 23:42:30.640 CET | DEBUG    | Line   85 (graph_level_ocgin.py): Epoch 004 | Loss 0.002016
2026-02-03 23:42:30.665 CET | DEBUG    | Line   85 (graph_level_ocgin.py): Epoch 005 | Loss 0.001567
2026-02-03 23:42:30.699 CET | DEBUG    | Line   85 (graph_level_ocgin.py): Epoch 006 | Loss 0.000782
2026-02-03 23:42:30.720 CET | DEBUG    | Line   85 (graph_level_ocgin.py): Epoch 007 | Loss 0.000889
2026-02-03 23:42:30.784 CET | DEBUG    | Line   85 (graph_level_ocgin.py): Epoch 008 | Loss 0.001061
2026-02-03 23:42:30.803 CET | DEBUG    | Line   85 (graph_level_ocgin.py): Epoch 009 | Loss 0.000646
2026-02-03 23:42:30.836 CET | DEBUG    | Line   85 (graph_level_ocgin.py): Epoch 010 | Loss 0.000495
2026-02-03 23:42:30.863 CET | DEBUG    | Line   85 (graph_level_ocgin.py): Epoch 011 | Loss 0.000593
2026-02-03 23:42:30.888 CET | DEBUG    | Line   85 (graph_level_ocgin.py): Epoch 012 | Loss 0.000510
2026-02-03 23:42:30.910 CET | DEBUG    | Line   85 (graph_level_ocgin.py): Epoch 013 | Loss 0.000388
2026-02-03 23:42:30.937 CET | DEBUG    | Line   85 (graph_level_ocgin.py): Epoch 014 | Loss 0.000324
2026-02-03 23:42:30.963 CET | DEBUG    | Line   85 (graph_level_ocgin.py): Epoch 015 | Loss 0.000348
2026-02-03 23:42:30.982 CET | DEBUG    | Line   85 (graph_level_ocgin.py): Epoch 016 | Loss 0.000332
2026-02-03 23:42:31.002 CET | DEBUG    | Line   85 (graph_level_ocgin.py): Epoch 017 | Loss 0.000292
2026-02-03 23:42:31.023 CET | DEBUG    | Line   85 (graph_level_ocgin.py): Epoch 018 | Loss 0.000239
2026-02-03 23:42:31.042 CET | DEBUG    | Line   85 (graph_level_ocgin.py): Epoch 019 | Loss 0.000249
2026-02-03 23:42:31.065 CET | DEBUG    | Line   85 (graph_level_ocgin.py): Epoch 020 | Loss 0.000245
2026-02-03 23:42:31.081 CET | DEBUG    | Line   85 (graph_level_ocgin.py): Epoch 021 | Loss 0.000207
2026-02-03 23:42:31.103 CET | DEBUG    | Line   85 (graph_level_ocgin.py): Epoch 022 | Loss 0.000215
2026-02-03 23:42:31.122 CET | DEBUG    | Line   85 (graph_level_ocgin.py): Epoch 023 | Loss 0.000198
2026-02-03 23:42:31.142 CET | DEBUG    | Line   85 (graph_level_ocgin.py): Epoch 024 | Loss 0.000171
2026-02-03 23:42:31.162 CET | DEBUG    | Line   85 (graph_level_ocgin.py): Epoch 025 | Loss 0.000157
2026-02-03 23:42:31.182 CET | DEBUG    | Line   85 (graph_level_ocgin.py): Epoch 026 | Loss 0.000178
2026-02-03 23:42:31.200 CET | DEBUG    | Line   85 (graph_level_ocgin.py): Epoch 027 | Loss 0.000153
2026-02-03 23:42:31.219 CET | DEBUG    | Line   85 (graph_level_ocgin.py): Epoch 028 | Loss 0.000147
2026-02-03 23:42:31.240 CET | DEBUG    | Line   85 (graph_level_ocgin.py): Epoch 029 | Loss 0.000139
2026-02-03 23:42:31.258 CET | DEBUG    | Line   85 (graph_level_ocgin.py): Epoch 030 | Loss 0.000143
2026-02-03 23:42:31.276 CET | DEBUG    | Line   85 (graph_level_ocgin.py): Epoch 031 | Loss 0.000131
2026-02-03 23:42:31.293 CET | DEBUG    | Line   85 (graph_level_ocgin.py): Epoch 032 | Loss 0.000133
2026-02-03 23:42:31.313 CET | DEBUG    | Line   85 (graph_level_ocgin.py): Epoch 033 | Loss 0.000133
2026-02-03 23:42:31.332 CET | DEBUG    | Line   85 (graph_level_ocgin.py): Epoch 034 | Loss 0.000132
2026-02-03 23:42:31.351 CET | DEBUG    | Line   85 (graph_level_ocgin.py): Epoch 035 | Loss 0.000122
2026-02-03 23:42:31.370 CET | DEBUG    | Line   85 (graph_level_ocgin.py): Epoch 036 | Loss 0.000121
2026-02-03 23:42:31.389 CET | DEBUG    | Line   85 (graph_level_ocgin.py): Epoch 037 | Loss 0.000119
2026-02-03 23:42:31.407 CET | DEBUG    | Line   85 (graph_level_ocgin.py): Epoch 038 | Loss 0.000109
2026-02-03 23:42:31.426 CET | DEBUG    | Line   85 (graph_level_ocgin.py): Epoch 039 | Loss 0.000112
2026-02-03 23:42:31.444 CET | DEBUG    | Line   85 (graph_level_ocgin.py): Epoch 040 | Loss 0.000111
2026-02-03 23:42:31.464 CET | DEBUG    | Line   85 (graph_level_ocgin.py): Epoch 041 | Loss 0.000103
2026-02-03 23:42:31.483 CET | DEBUG    | Line   85 (graph_level_ocgin.py): Epoch 042 | Loss 0.000100
2026-02-03 23:42:31.503 CET | DEBUG    | Line   85 (graph_level_ocgin.py): Epoch 043 | Loss 0.000095
2026-02-03 23:42:31.522 CET | DEBUG    | Line   85 (graph_level_ocgin.py): Epoch 044 | Loss 0.000100
2026-02-03 23:42:31.540 CET | DEBUG    | Line   85 (graph_level_ocgin.py): Epoch 045 | Loss 0.000097
2026-02-03 23:42:31.559 CET | DEBUG    | Line   85 (graph_level_ocgin.py): Epoch 046 | Loss 0.000091
2026-02-03 23:42:31.577 CET | DEBUG    | Line   85 (graph_level_ocgin.py): Epoch 047 | Loss 0.000091
2026-02-03 23:42:31.597 CET | DEBUG    | Line   85 (graph_level_ocgin.py): Epoch 048 | Loss 0.000081
2026-02-03 23:42:31.616 CET | DEBUG    | Line   85 (graph_level_ocgin.py): Epoch 049 | Loss 0.000093
2026-02-03 23:42:31.619 CET | INFO     | Line   65 (run_experiment_gl.py): ##################### computing scores
2026-02-03 23:42:31.658 CET | INFO     | Line   69 (run_experiment_gl.py): computed decision boundary on anomaly scores as 95% quantile:
2026-02-03 23:42:31.661 CET | INFO     | Line   72 (run_experiment_gl.py): tensor(0.0002)
2026-02-03 23:42:31.664 CET | INFO     | Line   75 (run_experiment_gl.py): Test anomaly scores:
2026-02-03 23:42:31.666 CET | INFO     | Line   76 (run_experiment_gl.py): tensor([3.0125e-05, 1.8088e-04, 3.4039e-05, 6.6036e-05, 4.2223e-05, 1.0472e-04,
        6.1833e-05, 1.4379e-04, 3.3459e-05, 5.5758e-05])
2026-02-03 23:42:31.670 CET | INFO     | Line   78 (run_experiment_gl.py): ##################### test rate: 
2026-02-03 23:42:31.691 CET | INFO     | Line   88 (run_experiment_gl.py): 0.782608695652174
2026-02-03 23:42:31.695 CET | INFO     | Line   89 (run_experiment_gl.py): right classified: 108 out of 138
2026-02-03 23:42:31.716 CET | INFO     | Line   28 (run_experiment_gl.py): ##################### Loading config parameters
2026-02-03 23:42:31.719 CET | INFO     | Line   20 (logging_utils.py): Config parameters:
2026-02-03 23:42:31.724 CET | INFO     | Line   21 (logging_utils.py): 
2026-02-03 23:42:31.728 CET | INFO     | Line   27 (logging_utils.py): hidden_dim: 64
2026-02-03 23:42:31.732 CET | INFO     | Line   27 (logging_utils.py): num_layers: 3
2026-02-03 23:42:31.736 CET | INFO     | Line   27 (logging_utils.py): device: cpu
2026-02-03 23:42:31.740 CET | INFO     | Line   27 (logging_utils.py): lr: 0.001
2026-02-03 23:42:31.746 CET | INFO     | Line   27 (logging_utils.py): epochs: 50
2026-02-03 23:42:31.750 CET | INFO     | Line   27 (logging_utils.py): batch_size: 32
2026-02-03 23:42:31.754 CET | INFO     | Line   27 (logging_utils.py): dataset: MUTAG
2026-02-03 23:42:31.757 CET | INFO     | Line   27 (logging_utils.py): is_logical: True
2026-02-03 23:42:31.760 CET | INFO     | Line   27 (logging_utils.py): constrains_filepath: constrains/data/MUTAG_auto_generated_2_101_102.json
2026-02-03 23:42:31.763 CET | INFO     | Line   25 (logging_utils.py): constrains_handler: GLRuleBasedHandler
2026-02-03 23:42:31.767 CET | INFO     | Line   27 (logging_utils.py): l_factor: 0.1
2026-02-03 23:42:31.771 CET | INFO     | Line   27 (logging_utils.py): save_logs: True
2026-02-03 23:42:31.774 CET | INFO     | Line   29 (logging_utils.py): 
2026-02-03 23:42:31.777 CET | INFO     | Line   30 (logging_utils.py): Training on model: GraphOCGINLossConstrains
2026-02-03 23:42:31.781 CET | INFO     | Line   31 (logging_utils.py): 
2026-02-03 23:42:31.783 CET | INFO     | Line   41 (run_experiment_gl.py): ##################### Loading data
2026-02-03 23:42:31.836 CET | INFO     | Line   45 (run_experiment_gl.py): ##################### creating model
2026-02-03 23:42:31.840 CET | INFO     | Line   48 (run_experiment_gl.py): creating model with number of node features: 7
2026-02-03 23:42:31.850 CET | INFO     | Line   51 (run_experiment_gl.py): ##################### staring training
2026-02-03 23:42:31.854 CET | INFO     | Line   53 (run_experiment_gl.py): setting up the logical constrains
2026-02-03 23:42:31.955 CET | DEBUG    | Line   90 (gl_ocgin.py): Epoch 000 | Loss 0.003138
2026-02-03 23:42:32.099 CET | DEBUG    | Line   90 (gl_ocgin.py): Epoch 010 | Loss 0.002805
2026-02-03 23:42:32.251 CET | DEBUG    | Line   90 (gl_ocgin.py): Epoch 020 | Loss 0.002785
2026-02-03 23:42:32.410 CET | DEBUG    | Line   90 (gl_ocgin.py): Epoch 030 | Loss 0.002780
2026-02-03 23:42:32.548 CET | DEBUG    | Line   90 (gl_ocgin.py): Epoch 040 | Loss 0.002780
2026-02-03 23:42:32.661 CET | INFO     | Line   65 (run_experiment_gl.py): ##################### computing scores
2026-02-03 23:42:32.693 CET | INFO     | Line   69 (run_experiment_gl.py): computed decision boundary on anomaly scores as 95% quantile:
2026-02-03 23:42:32.702 CET | INFO     | Line   72 (run_experiment_gl.py): tensor(5.4880e-05)
2026-02-03 23:42:32.706 CET | INFO     | Line   75 (run_experiment_gl.py): Test anomaly scores:
2026-02-03 23:42:32.708 CET | INFO     | Line   76 (run_experiment_gl.py): tensor([3.4966e-05, 3.5163e-05, 2.0064e-05, 7.4941e-05, 2.9108e-05, 7.4241e-06,
        1.3857e-05, 3.3101e-05, 3.0341e-05, 1.8377e-05])
2026-02-03 23:42:32.711 CET | INFO     | Line   78 (run_experiment_gl.py): ##################### test rate: 
2026-02-03 23:42:32.728 CET | INFO     | Line   88 (run_experiment_gl.py): 0.8188405797101449
2026-02-03 23:42:32.733 CET | INFO     | Line   89 (run_experiment_gl.py): right classified: 113 out of 138
2026-02-03 23:42:32.753 CET | INFO     | Line   28 (run_experiment_gl.py): ##################### Loading config parameters
2026-02-03 23:42:32.756 CET | INFO     | Line   20 (logging_utils.py): Config parameters:
2026-02-03 23:42:32.758 CET | INFO     | Line   21 (logging_utils.py): 
2026-02-03 23:42:32.761 CET | INFO     | Line   27 (logging_utils.py): hidden_dim: 64
2026-02-03 23:42:32.765 CET | INFO     | Line   27 (logging_utils.py): num_layers: 3
2026-02-03 23:42:32.769 CET | INFO     | Line   27 (logging_utils.py): device: cpu
2026-02-03 23:42:32.772 CET | INFO     | Line   27 (logging_utils.py): lr: 0.001
2026-02-03 23:42:32.774 CET | INFO     | Line   27 (logging_utils.py): epochs: 50
2026-02-03 23:42:32.777 CET | INFO     | Line   27 (logging_utils.py): batch_size: 32
2026-02-03 23:42:32.780 CET | INFO     | Line   27 (logging_utils.py): dataset: MUTAG
2026-02-03 23:42:32.784 CET | INFO     | Line   27 (logging_utils.py): is_logical: True
2026-02-03 23:42:32.787 CET | INFO     | Line   27 (logging_utils.py): constrains_filepath: constrains/data/MUTAG_auto_generated_2_101_102.json
2026-02-03 23:42:32.790 CET | INFO     | Line   25 (logging_utils.py): constrains_handler: GLRuleBasedHandler
2026-02-03 23:42:32.793 CET | INFO     | Line   27 (logging_utils.py): l_factor: 0.01
2026-02-03 23:42:32.795 CET | INFO     | Line   27 (logging_utils.py): save_logs: True
2026-02-03 23:42:32.800 CET | INFO     | Line   29 (logging_utils.py): 
2026-02-03 23:42:32.803 CET | INFO     | Line   30 (logging_utils.py): Training on model: GraphOCGINLossConstrains
2026-02-03 23:42:32.806 CET | INFO     | Line   31 (logging_utils.py): 
2026-02-03 23:42:32.808 CET | INFO     | Line   41 (run_experiment_gl.py): ##################### Loading data
2026-02-03 23:42:32.867 CET | INFO     | Line   45 (run_experiment_gl.py): ##################### creating model
2026-02-03 23:42:32.870 CET | INFO     | Line   48 (run_experiment_gl.py): creating model with number of node features: 7
2026-02-03 23:42:32.880 CET | INFO     | Line   51 (run_experiment_gl.py): ##################### staring training
2026-02-03 23:42:32.884 CET | INFO     | Line   53 (run_experiment_gl.py): setting up the logical constrains
2026-02-03 23:42:32.973 CET | DEBUG    | Line   90 (gl_ocgin.py): Epoch 000 | Loss 0.001189
2026-02-03 23:42:33.251 CET | DEBUG    | Line   90 (gl_ocgin.py): Epoch 010 | Loss 0.000399
2026-02-03 23:42:33.397 CET | DEBUG    | Line   90 (gl_ocgin.py): Epoch 020 | Loss 0.000333
2026-02-03 23:42:33.522 CET | DEBUG    | Line   90 (gl_ocgin.py): Epoch 030 | Loss 0.000312
2026-02-03 23:42:33.649 CET | DEBUG    | Line   90 (gl_ocgin.py): Epoch 040 | Loss 0.000304
2026-02-03 23:42:33.768 CET | INFO     | Line   65 (run_experiment_gl.py): ##################### computing scores
2026-02-03 23:42:33.801 CET | INFO     | Line   69 (run_experiment_gl.py): computed decision boundary on anomaly scores as 95% quantile:
2026-02-03 23:42:33.804 CET | INFO     | Line   72 (run_experiment_gl.py): tensor(0.0005)
2026-02-03 23:42:33.808 CET | INFO     | Line   75 (run_experiment_gl.py): Test anomaly scores:
2026-02-03 23:42:33.811 CET | INFO     | Line   76 (run_experiment_gl.py): tensor([2.6262e-04, 3.0088e-04, 1.4052e-04, 5.9744e-05, 1.2476e-04, 1.0486e-04,
        9.3151e-05, 4.5132e-04, 4.4657e-04, 5.7520e-05])
2026-02-03 23:42:33.815 CET | INFO     | Line   78 (run_experiment_gl.py): ##################### test rate: 
2026-02-03 23:42:33.839 CET | INFO     | Line   88 (run_experiment_gl.py): 0.8260869565217391
2026-02-03 23:42:33.841 CET | INFO     | Line   89 (run_experiment_gl.py): right classified: 114 out of 138
2026-02-03 23:42:33.859 CET | INFO     | Line   28 (run_experiment_gl.py): ##################### Loading config parameters
2026-02-03 23:42:33.862 CET | INFO     | Line   20 (logging_utils.py): Config parameters:
2026-02-03 23:42:33.866 CET | INFO     | Line   21 (logging_utils.py): 
2026-02-03 23:42:33.871 CET | INFO     | Line   27 (logging_utils.py): hidden_dim: 64
2026-02-03 23:42:33.873 CET | INFO     | Line   27 (logging_utils.py): num_layers: 3
2026-02-03 23:42:33.875 CET | INFO     | Line   27 (logging_utils.py): device: cpu
2026-02-03 23:42:33.877 CET | INFO     | Line   27 (logging_utils.py): lr: 0.001
2026-02-03 23:42:33.879 CET | INFO     | Line   27 (logging_utils.py): epochs: 50
2026-02-03 23:42:33.883 CET | INFO     | Line   27 (logging_utils.py): batch_size: 32
2026-02-03 23:42:33.887 CET | INFO     | Line   27 (logging_utils.py): dataset: MUTAG
2026-02-03 23:42:33.891 CET | INFO     | Line   27 (logging_utils.py): is_logical: True
2026-02-03 23:42:33.894 CET | INFO     | Line   27 (logging_utils.py): constrains_filepath: constrains/data/MUTAG_auto_generated_2_101_102.json
2026-02-03 23:42:33.898 CET | INFO     | Line   25 (logging_utils.py): constrains_handler: GLRuleBasedHandler
2026-02-03 23:42:33.900 CET | INFO     | Line   27 (logging_utils.py): l_factor: 0.005
2026-02-03 23:42:33.905 CET | INFO     | Line   27 (logging_utils.py): save_logs: True
2026-02-03 23:42:33.909 CET | INFO     | Line   29 (logging_utils.py): 
2026-02-03 23:42:33.912 CET | INFO     | Line   30 (logging_utils.py): Training on model: GraphOCGINLossConstrains
2026-02-03 23:42:33.915 CET | INFO     | Line   31 (logging_utils.py): 
2026-02-03 23:42:33.919 CET | INFO     | Line   41 (run_experiment_gl.py): ##################### Loading data
2026-02-03 23:42:34.010 CET | INFO     | Line   45 (run_experiment_gl.py): ##################### creating model
2026-02-03 23:42:34.014 CET | INFO     | Line   48 (run_experiment_gl.py): creating model with number of node features: 7
2026-02-03 23:42:34.025 CET | INFO     | Line   51 (run_experiment_gl.py): ##################### staring training
2026-02-03 23:42:34.029 CET | INFO     | Line   53 (run_experiment_gl.py): setting up the logical constrains
2026-02-03 23:42:34.132 CET | DEBUG    | Line   90 (gl_ocgin.py): Epoch 000 | Loss 0.001058
2026-02-03 23:42:34.277 CET | DEBUG    | Line   90 (gl_ocgin.py): Epoch 010 | Loss 0.000255
2026-02-03 23:42:34.430 CET | DEBUG    | Line   90 (gl_ocgin.py): Epoch 020 | Loss 0.000175
2026-02-03 23:42:34.567 CET | DEBUG    | Line   90 (gl_ocgin.py): Epoch 030 | Loss 0.000159
2026-02-03 23:42:34.692 CET | DEBUG    | Line   90 (gl_ocgin.py): Epoch 040 | Loss 0.000153
2026-02-03 23:42:34.820 CET | INFO     | Line   65 (run_experiment_gl.py): ##################### computing scores
2026-02-03 23:42:34.859 CET | INFO     | Line   69 (run_experiment_gl.py): computed decision boundary on anomaly scores as 95% quantile:
2026-02-03 23:42:34.863 CET | INFO     | Line   72 (run_experiment_gl.py): tensor(0.0002)
2026-02-03 23:42:34.866 CET | INFO     | Line   75 (run_experiment_gl.py): Test anomaly scores:
2026-02-03 23:42:34.871 CET | INFO     | Line   76 (run_experiment_gl.py): tensor([1.8857e-04, 1.6993e-05, 3.0191e-05, 2.2557e-04, 4.0794e-05, 3.0706e-05,
        2.0185e-04, 5.3380e-05, 4.0598e-05, 2.0153e-04])
2026-02-03 23:42:34.875 CET | INFO     | Line   78 (run_experiment_gl.py): ##################### test rate: 
2026-02-03 23:42:34.899 CET | INFO     | Line   88 (run_experiment_gl.py): 0.7536231884057971
2026-02-03 23:42:34.903 CET | INFO     | Line   89 (run_experiment_gl.py): right classified: 104 out of 138
2026-02-03 23:42:34.922 CET | INFO     | Line   28 (run_experiment_gl.py): ##################### Loading config parameters
2026-02-03 23:42:34.924 CET | INFO     | Line   20 (logging_utils.py): Config parameters:
2026-02-03 23:42:34.927 CET | INFO     | Line   21 (logging_utils.py): 
2026-02-03 23:42:34.929 CET | INFO     | Line   27 (logging_utils.py): hidden_dim: 64
2026-02-03 23:42:34.932 CET | INFO     | Line   27 (logging_utils.py): num_layers: 3
2026-02-03 23:42:34.935 CET | INFO     | Line   27 (logging_utils.py): device: cpu
2026-02-03 23:42:34.939 CET | INFO     | Line   27 (logging_utils.py): lr: 0.001
2026-02-03 23:42:34.942 CET | INFO     | Line   27 (logging_utils.py): epochs: 50
2026-02-03 23:42:34.945 CET | INFO     | Line   27 (logging_utils.py): batch_size: 32
2026-02-03 23:42:34.947 CET | INFO     | Line   27 (logging_utils.py): dataset: MUTAG
2026-02-03 23:42:34.949 CET | INFO     | Line   27 (logging_utils.py): is_logical: True
2026-02-03 23:42:34.951 CET | INFO     | Line   27 (logging_utils.py): constrains_filepath: constrains/data/MUTAG_auto_generated_2_101_102.json
2026-02-03 23:42:34.954 CET | INFO     | Line   25 (logging_utils.py): constrains_handler: GLRuleBasedHandler
2026-02-03 23:42:34.956 CET | INFO     | Line   27 (logging_utils.py): l_factor: 0.001
2026-02-03 23:42:34.959 CET | INFO     | Line   27 (logging_utils.py): save_logs: True
2026-02-03 23:42:34.961 CET | INFO     | Line   29 (logging_utils.py): 
2026-02-03 23:42:34.963 CET | INFO     | Line   30 (logging_utils.py): Training on model: GraphOCGINLossConstrains
2026-02-03 23:42:34.965 CET | INFO     | Line   31 (logging_utils.py): 
2026-02-03 23:42:34.967 CET | INFO     | Line   41 (run_experiment_gl.py): ##################### Loading data
2026-02-03 23:42:35.030 CET | INFO     | Line   45 (run_experiment_gl.py): ##################### creating model
2026-02-03 23:42:35.035 CET | INFO     | Line   48 (run_experiment_gl.py): creating model with number of node features: 7
2026-02-03 23:42:35.046 CET | INFO     | Line   51 (run_experiment_gl.py): ##################### staring training
2026-02-03 23:42:35.051 CET | INFO     | Line   53 (run_experiment_gl.py): setting up the logical constrains
2026-02-03 23:42:35.196 CET | DEBUG    | Line   90 (gl_ocgin.py): Epoch 000 | Loss 0.001856
2026-02-03 23:42:35.381 CET | DEBUG    | Line   90 (gl_ocgin.py): Epoch 010 | Loss 0.000272
2026-02-03 23:42:35.537 CET | DEBUG    | Line   90 (gl_ocgin.py): Epoch 020 | Loss 0.000153
2026-02-03 23:42:35.664 CET | DEBUG    | Line   90 (gl_ocgin.py): Epoch 030 | Loss 0.000083
2026-02-03 23:42:35.824 CET | DEBUG    | Line   90 (gl_ocgin.py): Epoch 040 | Loss 0.000068
2026-02-03 23:42:35.988 CET | INFO     | Line   65 (run_experiment_gl.py): ##################### computing scores
2026-02-03 23:42:36.021 CET | INFO     | Line   69 (run_experiment_gl.py): computed decision boundary on anomaly scores as 95% quantile:
2026-02-03 23:42:36.025 CET | INFO     | Line   72 (run_experiment_gl.py): tensor(0.0008)
2026-02-03 23:42:36.028 CET | INFO     | Line   75 (run_experiment_gl.py): Test anomaly scores:
2026-02-03 23:42:36.032 CET | INFO     | Line   76 (run_experiment_gl.py): tensor([2.6410e-04, 7.7204e-04, 1.8485e-04, 1.4426e-04, 4.0495e-04, 5.9065e-04,
        8.4001e-05, 8.2440e-04, 2.7529e-04, 5.6898e-04])
2026-02-03 23:42:36.038 CET | INFO     | Line   78 (run_experiment_gl.py): ##################### test rate: 
2026-02-03 23:42:36.064 CET | INFO     | Line   88 (run_experiment_gl.py): 0.8043478260869565
2026-02-03 23:42:36.067 CET | INFO     | Line   89 (run_experiment_gl.py): right classified: 111 out of 138
2026-02-03 23:42:36.096 CET | INFO     | Line   28 (run_experiment_gl.py): ##################### Loading config parameters
2026-02-03 23:42:36.099 CET | INFO     | Line   20 (logging_utils.py): Config parameters:
2026-02-03 23:42:36.102 CET | INFO     | Line   21 (logging_utils.py): 
2026-02-03 23:42:36.104 CET | INFO     | Line   27 (logging_utils.py): hidden_dim: 64
2026-02-03 23:42:36.106 CET | INFO     | Line   27 (logging_utils.py): num_layers: 3
2026-02-03 23:42:36.108 CET | INFO     | Line   27 (logging_utils.py): device: cpu
2026-02-03 23:42:36.113 CET | INFO     | Line   27 (logging_utils.py): lr: 0.001
2026-02-03 23:42:36.117 CET | INFO     | Line   27 (logging_utils.py): epochs: 50
2026-02-03 23:42:36.124 CET | INFO     | Line   27 (logging_utils.py): batch_size: 32
2026-02-03 23:42:36.129 CET | INFO     | Line   27 (logging_utils.py): dataset: MUTAG
2026-02-03 23:42:36.135 CET | INFO     | Line   27 (logging_utils.py): is_logical: True
2026-02-03 23:42:36.138 CET | INFO     | Line   27 (logging_utils.py): constrains_filepath: constrains/data/MUTAG_auto_generated_3_101_102.json
2026-02-03 23:42:36.141 CET | INFO     | Line   25 (logging_utils.py): constrains_handler: GLRuleBasedHandler
2026-02-03 23:42:36.144 CET | INFO     | Line   27 (logging_utils.py): l_factor: 0.1
2026-02-03 23:42:36.148 CET | INFO     | Line   27 (logging_utils.py): save_logs: True
2026-02-03 23:42:36.151 CET | INFO     | Line   29 (logging_utils.py): 
2026-02-03 23:42:36.155 CET | INFO     | Line   30 (logging_utils.py): Training on model: GraphOCGINLossConstrains
2026-02-03 23:42:36.167 CET | INFO     | Line   31 (logging_utils.py): 
2026-02-03 23:42:36.171 CET | INFO     | Line   41 (run_experiment_gl.py): ##################### Loading data
2026-02-03 23:42:36.236 CET | INFO     | Line   45 (run_experiment_gl.py): ##################### creating model
2026-02-03 23:42:36.240 CET | INFO     | Line   48 (run_experiment_gl.py): creating model with number of node features: 7
2026-02-03 23:42:36.256 CET | INFO     | Line   51 (run_experiment_gl.py): ##################### staring training
2026-02-03 23:42:36.260 CET | INFO     | Line   53 (run_experiment_gl.py): setting up the logical constrains
2026-02-03 23:42:36.392 CET | DEBUG    | Line   90 (gl_ocgin.py): Epoch 000 | Loss 0.005033
2026-02-03 23:42:36.646 CET | DEBUG    | Line   90 (gl_ocgin.py): Epoch 010 | Loss 0.003822
2026-02-03 23:42:36.780 CET | DEBUG    | Line   90 (gl_ocgin.py): Epoch 020 | Loss 0.003729
2026-02-03 23:42:36.904 CET | DEBUG    | Line   90 (gl_ocgin.py): Epoch 030 | Loss 0.003708
2026-02-03 23:42:37.033 CET | DEBUG    | Line   90 (gl_ocgin.py): Epoch 040 | Loss 0.003701
2026-02-03 23:42:37.150 CET | INFO     | Line   65 (run_experiment_gl.py): ##################### computing scores
2026-02-03 23:42:37.193 CET | INFO     | Line   69 (run_experiment_gl.py): computed decision boundary on anomaly scores as 95% quantile:
2026-02-03 23:42:37.198 CET | INFO     | Line   72 (run_experiment_gl.py): tensor(0.0004)
2026-02-03 23:42:37.205 CET | INFO     | Line   75 (run_experiment_gl.py): Test anomaly scores:
2026-02-03 23:42:37.214 CET | INFO     | Line   76 (run_experiment_gl.py): tensor([0.0002, 0.0002, 0.0002, 0.0002, 0.0002, 0.0005, 0.0008, 0.0004, 0.0002,
        0.0005])
2026-02-03 23:42:37.219 CET | INFO     | Line   78 (run_experiment_gl.py): ##################### test rate: 
2026-02-03 23:42:37.241 CET | INFO     | Line   88 (run_experiment_gl.py): 0.8695652173913043
2026-02-03 23:42:37.244 CET | INFO     | Line   89 (run_experiment_gl.py): right classified: 120 out of 138
2026-02-03 23:42:37.264 CET | INFO     | Line   28 (run_experiment_gl.py): ##################### Loading config parameters
2026-02-03 23:42:37.269 CET | INFO     | Line   20 (logging_utils.py): Config parameters:
2026-02-03 23:42:37.275 CET | INFO     | Line   21 (logging_utils.py): 
2026-02-03 23:42:37.280 CET | INFO     | Line   27 (logging_utils.py): hidden_dim: 64
2026-02-03 23:42:37.284 CET | INFO     | Line   27 (logging_utils.py): num_layers: 3
2026-02-03 23:42:37.291 CET | INFO     | Line   27 (logging_utils.py): device: cpu
2026-02-03 23:42:37.301 CET | INFO     | Line   27 (logging_utils.py): lr: 0.001
2026-02-03 23:42:37.306 CET | INFO     | Line   27 (logging_utils.py): epochs: 50
2026-02-03 23:42:37.313 CET | INFO     | Line   27 (logging_utils.py): batch_size: 32
2026-02-03 23:42:37.317 CET | INFO     | Line   27 (logging_utils.py): dataset: MUTAG
2026-02-03 23:42:37.321 CET | INFO     | Line   27 (logging_utils.py): is_logical: True
2026-02-03 23:42:37.324 CET | INFO     | Line   27 (logging_utils.py): constrains_filepath: constrains/data/MUTAG_auto_generated_3_101_102.json
2026-02-03 23:42:37.328 CET | INFO     | Line   25 (logging_utils.py): constrains_handler: GLRuleBasedHandler
2026-02-03 23:42:37.332 CET | INFO     | Line   27 (logging_utils.py): l_factor: 0.01
2026-02-03 23:42:37.335 CET | INFO     | Line   27 (logging_utils.py): save_logs: True
2026-02-03 23:42:37.338 CET | INFO     | Line   29 (logging_utils.py): 
2026-02-03 23:42:37.344 CET | INFO     | Line   30 (logging_utils.py): Training on model: GraphOCGINLossConstrains
2026-02-03 23:42:37.349 CET | INFO     | Line   31 (logging_utils.py): 
2026-02-03 23:42:37.354 CET | INFO     | Line   41 (run_experiment_gl.py): ##################### Loading data
2026-02-03 23:42:37.417 CET | INFO     | Line   45 (run_experiment_gl.py): ##################### creating model
2026-02-03 23:42:37.420 CET | INFO     | Line   48 (run_experiment_gl.py): creating model with number of node features: 7
2026-02-03 23:42:37.428 CET | INFO     | Line   51 (run_experiment_gl.py): ##################### staring training
2026-02-03 23:42:37.430 CET | INFO     | Line   53 (run_experiment_gl.py): setting up the logical constrains
2026-02-03 23:42:37.541 CET | DEBUG    | Line   90 (gl_ocgin.py): Epoch 000 | Loss 0.001049
2026-02-03 23:42:37.762 CET | DEBUG    | Line   90 (gl_ocgin.py): Epoch 010 | Loss 0.000452
2026-02-03 23:42:37.889 CET | DEBUG    | Line   90 (gl_ocgin.py): Epoch 020 | Loss 0.000413
2026-02-03 23:42:38.051 CET | DEBUG    | Line   90 (gl_ocgin.py): Epoch 030 | Loss 0.000398
2026-02-03 23:42:38.202 CET | DEBUG    | Line   90 (gl_ocgin.py): Epoch 040 | Loss 0.000395
2026-02-03 23:42:38.318 CET | INFO     | Line   65 (run_experiment_gl.py): ##################### computing scores
2026-02-03 23:42:38.366 CET | INFO     | Line   69 (run_experiment_gl.py): computed decision boundary on anomaly scores as 95% quantile:
2026-02-03 23:42:38.372 CET | INFO     | Line   72 (run_experiment_gl.py): tensor(0.0003)
2026-02-03 23:42:38.375 CET | INFO     | Line   75 (run_experiment_gl.py): Test anomaly scores:
2026-02-03 23:42:38.377 CET | INFO     | Line   76 (run_experiment_gl.py): tensor([0.0001, 0.0003, 0.0002, 0.0001, 0.0001, 0.0001, 0.0001, 0.0002, 0.0004,
        0.0001])
2026-02-03 23:42:38.382 CET | INFO     | Line   78 (run_experiment_gl.py): ##################### test rate: 
2026-02-03 23:42:38.394 CET | INFO     | Line   88 (run_experiment_gl.py): 0.8478260869565217
2026-02-03 23:42:38.397 CET | INFO     | Line   89 (run_experiment_gl.py): right classified: 117 out of 138
2026-02-03 23:42:38.408 CET | INFO     | Line   28 (run_experiment_gl.py): ##################### Loading config parameters
2026-02-03 23:42:38.410 CET | INFO     | Line   20 (logging_utils.py): Config parameters:
2026-02-03 23:42:38.412 CET | INFO     | Line   21 (logging_utils.py): 
2026-02-03 23:42:38.414 CET | INFO     | Line   27 (logging_utils.py): hidden_dim: 64
2026-02-03 23:42:38.415 CET | INFO     | Line   27 (logging_utils.py): num_layers: 3
2026-02-03 23:42:38.417 CET | INFO     | Line   27 (logging_utils.py): device: cpu
2026-02-03 23:42:38.419 CET | INFO     | Line   27 (logging_utils.py): lr: 0.001
2026-02-03 23:42:38.425 CET | INFO     | Line   27 (logging_utils.py): epochs: 50
2026-02-03 23:42:38.429 CET | INFO     | Line   27 (logging_utils.py): batch_size: 32
2026-02-03 23:42:38.433 CET | INFO     | Line   27 (logging_utils.py): dataset: MUTAG
2026-02-03 23:42:38.437 CET | INFO     | Line   27 (logging_utils.py): is_logical: True
2026-02-03 23:42:38.442 CET | INFO     | Line   27 (logging_utils.py): constrains_filepath: constrains/data/MUTAG_auto_generated_3_101_102.json
2026-02-03 23:42:38.446 CET | INFO     | Line   25 (logging_utils.py): constrains_handler: GLRuleBasedHandler
2026-02-03 23:42:38.450 CET | INFO     | Line   27 (logging_utils.py): l_factor: 0.005
2026-02-03 23:42:38.454 CET | INFO     | Line   27 (logging_utils.py): save_logs: True
2026-02-03 23:42:38.458 CET | INFO     | Line   29 (logging_utils.py): 
2026-02-03 23:42:38.462 CET | INFO     | Line   30 (logging_utils.py): Training on model: GraphOCGINLossConstrains
2026-02-03 23:42:38.465 CET | INFO     | Line   31 (logging_utils.py): 
2026-02-03 23:42:38.469 CET | INFO     | Line   41 (run_experiment_gl.py): ##################### Loading data
2026-02-03 23:42:38.534 CET | INFO     | Line   45 (run_experiment_gl.py): ##################### creating model
2026-02-03 23:42:38.539 CET | INFO     | Line   48 (run_experiment_gl.py): creating model with number of node features: 7
2026-02-03 23:42:38.550 CET | INFO     | Line   51 (run_experiment_gl.py): ##################### staring training
2026-02-03 23:42:38.554 CET | INFO     | Line   53 (run_experiment_gl.py): setting up the logical constrains
2026-02-03 23:42:38.727 CET | DEBUG    | Line   90 (gl_ocgin.py): Epoch 000 | Loss 0.000909
2026-02-03 23:42:38.931 CET | DEBUG    | Line   90 (gl_ocgin.py): Epoch 010 | Loss 0.000262
2026-02-03 23:42:39.097 CET | DEBUG    | Line   90 (gl_ocgin.py): Epoch 020 | Loss 0.000208
2026-02-03 23:42:39.264 CET | DEBUG    | Line   90 (gl_ocgin.py): Epoch 030 | Loss 0.000200
2026-02-03 23:42:39.415 CET | DEBUG    | Line   90 (gl_ocgin.py): Epoch 040 | Loss 0.000197
2026-02-03 23:42:39.536 CET | INFO     | Line   65 (run_experiment_gl.py): ##################### computing scores
2026-02-03 23:42:39.570 CET | INFO     | Line   69 (run_experiment_gl.py): computed decision boundary on anomaly scores as 95% quantile:
2026-02-03 23:42:39.574 CET | INFO     | Line   72 (run_experiment_gl.py): tensor(0.0002)
2026-02-03 23:42:39.578 CET | INFO     | Line   75 (run_experiment_gl.py): Test anomaly scores:
2026-02-03 23:42:39.581 CET | INFO     | Line   76 (run_experiment_gl.py): tensor([2.4513e-04, 1.3530e-04, 1.1891e-04, 1.2769e-04, 1.0466e-04, 2.6399e-04,
        1.2001e-04, 1.3232e-04, 9.9623e-05, 1.4323e-04])
2026-02-03 23:42:39.586 CET | INFO     | Line   78 (run_experiment_gl.py): ##################### test rate: 
2026-02-03 23:42:39.610 CET | INFO     | Line   88 (run_experiment_gl.py): 0.782608695652174
2026-02-03 23:42:39.615 CET | INFO     | Line   89 (run_experiment_gl.py): right classified: 108 out of 138
2026-02-03 23:42:39.642 CET | INFO     | Line   28 (run_experiment_gl.py): ##################### Loading config parameters
2026-02-03 23:42:39.644 CET | INFO     | Line   20 (logging_utils.py): Config parameters:
2026-02-03 23:42:39.645 CET | INFO     | Line   21 (logging_utils.py): 
2026-02-03 23:42:39.647 CET | INFO     | Line   27 (logging_utils.py): hidden_dim: 64
2026-02-03 23:42:39.649 CET | INFO     | Line   27 (logging_utils.py): num_layers: 3
2026-02-03 23:42:39.651 CET | INFO     | Line   27 (logging_utils.py): device: cpu
2026-02-03 23:42:39.652 CET | INFO     | Line   27 (logging_utils.py): lr: 0.001
2026-02-03 23:42:39.655 CET | INFO     | Line   27 (logging_utils.py): epochs: 50
2026-02-03 23:42:39.657 CET | INFO     | Line   27 (logging_utils.py): batch_size: 32
2026-02-03 23:42:39.659 CET | INFO     | Line   27 (logging_utils.py): dataset: MUTAG
2026-02-03 23:42:39.661 CET | INFO     | Line   27 (logging_utils.py): is_logical: True
2026-02-03 23:42:39.665 CET | INFO     | Line   27 (logging_utils.py): constrains_filepath: constrains/data/MUTAG_auto_generated_3_101_102.json
2026-02-03 23:42:39.669 CET | INFO     | Line   25 (logging_utils.py): constrains_handler: GLRuleBasedHandler
2026-02-03 23:42:39.672 CET | INFO     | Line   27 (logging_utils.py): l_factor: 0.001
2026-02-03 23:42:39.676 CET | INFO     | Line   27 (logging_utils.py): save_logs: True
2026-02-03 23:42:39.681 CET | INFO     | Line   29 (logging_utils.py): 
2026-02-03 23:42:39.685 CET | INFO     | Line   30 (logging_utils.py): Training on model: GraphOCGINLossConstrains
2026-02-03 23:42:39.689 CET | INFO     | Line   31 (logging_utils.py): 
2026-02-03 23:42:39.693 CET | INFO     | Line   41 (run_experiment_gl.py): ##################### Loading data
2026-02-03 23:42:39.771 CET | INFO     | Line   45 (run_experiment_gl.py): ##################### creating model
2026-02-03 23:42:39.776 CET | INFO     | Line   48 (run_experiment_gl.py): creating model with number of node features: 7
2026-02-03 23:42:39.786 CET | INFO     | Line   51 (run_experiment_gl.py): ##################### staring training
2026-02-03 23:42:39.789 CET | INFO     | Line   53 (run_experiment_gl.py): setting up the logical constrains
2026-02-03 23:42:39.884 CET | DEBUG    | Line   90 (gl_ocgin.py): Epoch 000 | Loss 0.002683
2026-02-03 23:42:40.054 CET | DEBUG    | Line   90 (gl_ocgin.py): Epoch 010 | Loss 0.000259
2026-02-03 23:42:40.206 CET | DEBUG    | Line   90 (gl_ocgin.py): Epoch 020 | Loss 0.000127
2026-02-03 23:42:40.336 CET | DEBUG    | Line   90 (gl_ocgin.py): Epoch 030 | Loss 0.000088
2026-02-03 23:42:40.496 CET | DEBUG    | Line   90 (gl_ocgin.py): Epoch 040 | Loss 0.000074
2026-02-03 23:42:40.649 CET | INFO     | Line   65 (run_experiment_gl.py): ##################### computing scores
2026-02-03 23:42:40.690 CET | INFO     | Line   69 (run_experiment_gl.py): computed decision boundary on anomaly scores as 95% quantile:
2026-02-03 23:42:40.700 CET | INFO     | Line   72 (run_experiment_gl.py): tensor(0.0007)
2026-02-03 23:42:40.705 CET | INFO     | Line   75 (run_experiment_gl.py): Test anomaly scores:
2026-02-03 23:42:40.709 CET | INFO     | Line   76 (run_experiment_gl.py): tensor([0.0001, 0.0012, 0.0011, 0.0002, 0.0001, 0.0003, 0.0004, 0.0012, 0.0002,
        0.0001])
2026-02-03 23:42:40.713 CET | INFO     | Line   78 (run_experiment_gl.py): ##################### test rate: 
2026-02-03 23:42:40.734 CET | INFO     | Line   88 (run_experiment_gl.py): 0.7463768115942029
2026-02-03 23:42:40.738 CET | INFO     | Line   89 (run_experiment_gl.py): right classified: 103 out of 138
2026-02-03 23:42:40.776 CET | INFO     | Line   28 (run_experiment_gl.py): ##################### Loading config parameters
2026-02-03 23:42:40.780 CET | INFO     | Line   20 (logging_utils.py): Config parameters:
2026-02-03 23:42:40.783 CET | INFO     | Line   21 (logging_utils.py): 
2026-02-03 23:42:40.786 CET | INFO     | Line   27 (logging_utils.py): hidden_dim: 64
2026-02-03 23:42:40.789 CET | INFO     | Line   27 (logging_utils.py): num_layers: 4
2026-02-03 23:42:40.792 CET | INFO     | Line   27 (logging_utils.py): device: cpu
2026-02-03 23:42:40.795 CET | INFO     | Line   27 (logging_utils.py): lr: 0.001
2026-02-03 23:42:40.799 CET | INFO     | Line   27 (logging_utils.py): epochs: 50
2026-02-03 23:42:40.803 CET | INFO     | Line   27 (logging_utils.py): batch_size: 32
2026-02-03 23:42:40.807 CET | INFO     | Line   27 (logging_utils.py): dataset: MUTAG
2026-02-03 23:42:40.810 CET | INFO     | Line   27 (logging_utils.py): is_logical: False
2026-02-03 23:42:40.813 CET | INFO     | Line   27 (logging_utils.py): constrains_filepath: constrains/data/MUTAG_auto_generated_2_101_102.json
2026-02-03 23:42:40.816 CET | INFO     | Line   25 (logging_utils.py): constrains_handler: GLRuleBasedHandler
2026-02-03 23:42:40.820 CET | INFO     | Line   27 (logging_utils.py): l_factor: 0.1
2026-02-03 23:42:40.823 CET | INFO     | Line   27 (logging_utils.py): save_logs: True
2026-02-03 23:42:40.827 CET | INFO     | Line   29 (logging_utils.py): 
2026-02-03 23:42:40.830 CET | INFO     | Line   30 (logging_utils.py): Training on model: GraphOCGIN
2026-02-03 23:42:40.833 CET | INFO     | Line   31 (logging_utils.py): 
2026-02-03 23:42:40.836 CET | INFO     | Line   41 (run_experiment_gl.py): ##################### Loading data
2026-02-03 23:42:40.899 CET | INFO     | Line   45 (run_experiment_gl.py): ##################### creating model
2026-02-03 23:42:40.903 CET | INFO     | Line   48 (run_experiment_gl.py): creating model with number of node features: 7
2026-02-03 23:42:40.913 CET | INFO     | Line   51 (run_experiment_gl.py): ##################### staring training
2026-02-03 23:42:40.958 CET | DEBUG    | Line   85 (graph_level_ocgin.py): Epoch 000 | Loss 0.005321
2026-02-03 23:42:40.980 CET | DEBUG    | Line   85 (graph_level_ocgin.py): Epoch 001 | Loss 0.003898
2026-02-03 23:42:41.005 CET | DEBUG    | Line   85 (graph_level_ocgin.py): Epoch 002 | Loss 0.002692
2026-02-03 23:42:41.028 CET | DEBUG    | Line   85 (graph_level_ocgin.py): Epoch 003 | Loss 0.002241
2026-02-03 23:42:41.051 CET | DEBUG    | Line   85 (graph_level_ocgin.py): Epoch 004 | Loss 0.001278
2026-02-03 23:42:41.076 CET | DEBUG    | Line   85 (graph_level_ocgin.py): Epoch 005 | Loss 0.001185
2026-02-03 23:42:41.098 CET | DEBUG    | Line   85 (graph_level_ocgin.py): Epoch 006 | Loss 0.000759
2026-02-03 23:42:41.124 CET | DEBUG    | Line   85 (graph_level_ocgin.py): Epoch 007 | Loss 0.000691
2026-02-03 23:42:41.155 CET | DEBUG    | Line   85 (graph_level_ocgin.py): Epoch 008 | Loss 0.000646
2026-02-03 23:42:41.185 CET | DEBUG    | Line   85 (graph_level_ocgin.py): Epoch 009 | Loss 0.000475
2026-02-03 23:42:41.223 CET | DEBUG    | Line   85 (graph_level_ocgin.py): Epoch 010 | Loss 0.000424
2026-02-03 23:42:41.261 CET | DEBUG    | Line   85 (graph_level_ocgin.py): Epoch 011 | Loss 0.000312
2026-02-03 23:42:41.287 CET | DEBUG    | Line   85 (graph_level_ocgin.py): Epoch 012 | Loss 0.000272
2026-02-03 23:42:41.313 CET | DEBUG    | Line   85 (graph_level_ocgin.py): Epoch 013 | Loss 0.000309
2026-02-03 23:42:41.337 CET | DEBUG    | Line   85 (graph_level_ocgin.py): Epoch 014 | Loss 0.000233
2026-02-03 23:42:41.363 CET | DEBUG    | Line   85 (graph_level_ocgin.py): Epoch 015 | Loss 0.000192
2026-02-03 23:42:41.393 CET | DEBUG    | Line   85 (graph_level_ocgin.py): Epoch 016 | Loss 0.000183
2026-02-03 23:42:41.420 CET | DEBUG    | Line   85 (graph_level_ocgin.py): Epoch 017 | Loss 0.000165
2026-02-03 23:42:41.445 CET | DEBUG    | Line   85 (graph_level_ocgin.py): Epoch 018 | Loss 0.000158
2026-02-03 23:42:41.473 CET | DEBUG    | Line   85 (graph_level_ocgin.py): Epoch 019 | Loss 0.000148
2026-02-03 23:42:41.498 CET | DEBUG    | Line   85 (graph_level_ocgin.py): Epoch 020 | Loss 0.000131
2026-02-03 23:42:41.521 CET | DEBUG    | Line   85 (graph_level_ocgin.py): Epoch 021 | Loss 0.000118
2026-02-03 23:42:41.546 CET | DEBUG    | Line   85 (graph_level_ocgin.py): Epoch 022 | Loss 0.000126
2026-02-03 23:42:41.573 CET | DEBUG    | Line   85 (graph_level_ocgin.py): Epoch 023 | Loss 0.000111
2026-02-03 23:42:41.600 CET | DEBUG    | Line   85 (graph_level_ocgin.py): Epoch 024 | Loss 0.000097
2026-02-03 23:42:41.620 CET | DEBUG    | Line   85 (graph_level_ocgin.py): Epoch 025 | Loss 0.000093
2026-02-03 23:42:41.641 CET | DEBUG    | Line   85 (graph_level_ocgin.py): Epoch 026 | Loss 0.000090
2026-02-03 23:42:41.662 CET | DEBUG    | Line   85 (graph_level_ocgin.py): Epoch 027 | Loss 0.000086
2026-02-03 23:42:41.685 CET | DEBUG    | Line   85 (graph_level_ocgin.py): Epoch 028 | Loss 0.000083
2026-02-03 23:42:41.705 CET | DEBUG    | Line   85 (graph_level_ocgin.py): Epoch 029 | Loss 0.000079
2026-02-03 23:42:41.727 CET | DEBUG    | Line   85 (graph_level_ocgin.py): Epoch 030 | Loss 0.000074
2026-02-03 23:42:41.748 CET | DEBUG    | Line   85 (graph_level_ocgin.py): Epoch 031 | Loss 0.000073
2026-02-03 23:42:41.772 CET | DEBUG    | Line   85 (graph_level_ocgin.py): Epoch 032 | Loss 0.000065
2026-02-03 23:42:41.805 CET | DEBUG    | Line   85 (graph_level_ocgin.py): Epoch 033 | Loss 0.000068
2026-02-03 23:42:41.837 CET | DEBUG    | Line   85 (graph_level_ocgin.py): Epoch 034 | Loss 0.000066
2026-02-03 23:42:41.870 CET | DEBUG    | Line   85 (graph_level_ocgin.py): Epoch 035 | Loss 0.000063
2026-02-03 23:42:41.895 CET | DEBUG    | Line   85 (graph_level_ocgin.py): Epoch 036 | Loss 0.000061
2026-02-03 23:42:41.923 CET | DEBUG    | Line   85 (graph_level_ocgin.py): Epoch 037 | Loss 0.000060
2026-02-03 23:42:41.947 CET | DEBUG    | Line   85 (graph_level_ocgin.py): Epoch 038 | Loss 0.000060
2026-02-03 23:42:41.971 CET | DEBUG    | Line   85 (graph_level_ocgin.py): Epoch 039 | Loss 0.000056
2026-02-03 23:42:41.997 CET | DEBUG    | Line   85 (graph_level_ocgin.py): Epoch 040 | Loss 0.000054
2026-02-03 23:42:42.024 CET | DEBUG    | Line   85 (graph_level_ocgin.py): Epoch 041 | Loss 0.000054
2026-02-03 23:42:42.050 CET | DEBUG    | Line   85 (graph_level_ocgin.py): Epoch 042 | Loss 0.000051
2026-02-03 23:42:42.076 CET | DEBUG    | Line   85 (graph_level_ocgin.py): Epoch 043 | Loss 0.000050
2026-02-03 23:42:42.101 CET | DEBUG    | Line   85 (graph_level_ocgin.py): Epoch 044 | Loss 0.000048
2026-02-03 23:42:42.126 CET | DEBUG    | Line   85 (graph_level_ocgin.py): Epoch 045 | Loss 0.000049
2026-02-03 23:42:42.153 CET | DEBUG    | Line   85 (graph_level_ocgin.py): Epoch 046 | Loss 0.000052
2026-02-03 23:42:42.177 CET | DEBUG    | Line   85 (graph_level_ocgin.py): Epoch 047 | Loss 0.000049
2026-02-03 23:42:42.204 CET | DEBUG    | Line   85 (graph_level_ocgin.py): Epoch 048 | Loss 0.000047
2026-02-03 23:42:42.235 CET | DEBUG    | Line   85 (graph_level_ocgin.py): Epoch 049 | Loss 0.000047
2026-02-03 23:42:42.238 CET | INFO     | Line   65 (run_experiment_gl.py): ##################### computing scores
2026-02-03 23:42:42.289 CET | INFO     | Line   69 (run_experiment_gl.py): computed decision boundary on anomaly scores as 95% quantile:
2026-02-03 23:42:42.292 CET | INFO     | Line   72 (run_experiment_gl.py): tensor(9.1738e-05)
2026-02-03 23:42:42.296 CET | INFO     | Line   75 (run_experiment_gl.py): Test anomaly scores:
2026-02-03 23:42:42.299 CET | INFO     | Line   76 (run_experiment_gl.py): tensor([1.6746e-05, 2.2094e-05, 2.7695e-05, 2.7010e-04, 8.1452e-05, 7.1792e-05,
        1.6072e-05, 2.2490e-05, 2.1984e-05, 2.9235e-05])
2026-02-03 23:42:42.303 CET | INFO     | Line   78 (run_experiment_gl.py): ##################### test rate: 
2026-02-03 23:42:42.322 CET | INFO     | Line   88 (run_experiment_gl.py): 0.7971014492753623
2026-02-03 23:42:42.326 CET | INFO     | Line   89 (run_experiment_gl.py): right classified: 110 out of 138
2026-02-03 23:42:42.345 CET | INFO     | Line   28 (run_experiment_gl.py): ##################### Loading config parameters
2026-02-03 23:42:42.348 CET | INFO     | Line   20 (logging_utils.py): Config parameters:
2026-02-03 23:42:42.351 CET | INFO     | Line   21 (logging_utils.py): 
2026-02-03 23:42:42.354 CET | INFO     | Line   27 (logging_utils.py): hidden_dim: 64
2026-02-03 23:42:42.357 CET | INFO     | Line   27 (logging_utils.py): num_layers: 4
2026-02-03 23:42:42.360 CET | INFO     | Line   27 (logging_utils.py): device: cpu
2026-02-03 23:42:42.363 CET | INFO     | Line   27 (logging_utils.py): lr: 0.001
2026-02-03 23:42:42.366 CET | INFO     | Line   27 (logging_utils.py): epochs: 50
2026-02-03 23:42:42.371 CET | INFO     | Line   27 (logging_utils.py): batch_size: 32
2026-02-03 23:42:42.374 CET | INFO     | Line   27 (logging_utils.py): dataset: MUTAG
2026-02-03 23:42:42.377 CET | INFO     | Line   27 (logging_utils.py): is_logical: True
2026-02-03 23:42:42.380 CET | INFO     | Line   27 (logging_utils.py): constrains_filepath: constrains/data/MUTAG_auto_generated_2_101_102.json
2026-02-03 23:42:42.383 CET | INFO     | Line   25 (logging_utils.py): constrains_handler: GLRuleBasedHandler
2026-02-03 23:42:42.387 CET | INFO     | Line   27 (logging_utils.py): l_factor: 0.1
2026-02-03 23:42:42.391 CET | INFO     | Line   27 (logging_utils.py): save_logs: True
2026-02-03 23:42:42.394 CET | INFO     | Line   29 (logging_utils.py): 
2026-02-03 23:42:42.397 CET | INFO     | Line   30 (logging_utils.py): Training on model: GraphOCGINLossConstrains
2026-02-03 23:42:42.400 CET | INFO     | Line   31 (logging_utils.py): 
2026-02-03 23:42:42.405 CET | INFO     | Line   41 (run_experiment_gl.py): ##################### Loading data
2026-02-03 23:42:42.469 CET | INFO     | Line   45 (run_experiment_gl.py): ##################### creating model
2026-02-03 23:42:42.473 CET | INFO     | Line   48 (run_experiment_gl.py): creating model with number of node features: 7
2026-02-03 23:42:42.485 CET | INFO     | Line   51 (run_experiment_gl.py): ##################### staring training
2026-02-03 23:42:42.488 CET | INFO     | Line   53 (run_experiment_gl.py): setting up the logical constrains
2026-02-03 23:42:42.593 CET | DEBUG    | Line   90 (gl_ocgin.py): Epoch 000 | Loss 0.003794
2026-02-03 23:42:42.744 CET | DEBUG    | Line   90 (gl_ocgin.py): Epoch 010 | Loss 0.002850
2026-02-03 23:42:42.899 CET | DEBUG    | Line   90 (gl_ocgin.py): Epoch 020 | Loss 0.002801
2026-02-03 23:42:43.066 CET | DEBUG    | Line   90 (gl_ocgin.py): Epoch 030 | Loss 0.002791
2026-02-03 23:42:43.273 CET | DEBUG    | Line   90 (gl_ocgin.py): Epoch 040 | Loss 0.002787
2026-02-03 23:42:43.438 CET | INFO     | Line   65 (run_experiment_gl.py): ##################### computing scores
2026-02-03 23:42:43.485 CET | INFO     | Line   69 (run_experiment_gl.py): computed decision boundary on anomaly scores as 95% quantile:
2026-02-03 23:42:43.489 CET | INFO     | Line   72 (run_experiment_gl.py): tensor(0.0001)
2026-02-03 23:42:43.493 CET | INFO     | Line   75 (run_experiment_gl.py): Test anomaly scores:
2026-02-03 23:42:43.495 CET | INFO     | Line   76 (run_experiment_gl.py): tensor([6.8124e-05, 2.4520e-04, 5.3281e-05, 6.1666e-05, 6.4629e-05, 8.2337e-05,
        8.7391e-05, 1.0968e-04, 8.8528e-05, 1.3978e-04])
2026-02-03 23:42:43.499 CET | INFO     | Line   78 (run_experiment_gl.py): ##################### test rate: 
2026-02-03 23:42:43.516 CET | INFO     | Line   88 (run_experiment_gl.py): 0.855072463768116
2026-02-03 23:42:43.520 CET | INFO     | Line   89 (run_experiment_gl.py): right classified: 118 out of 138
2026-02-03 23:42:43.541 CET | INFO     | Line   28 (run_experiment_gl.py): ##################### Loading config parameters
2026-02-03 23:42:43.544 CET | INFO     | Line   20 (logging_utils.py): Config parameters:
2026-02-03 23:42:43.547 CET | INFO     | Line   21 (logging_utils.py): 
2026-02-03 23:42:43.553 CET | INFO     | Line   27 (logging_utils.py): hidden_dim: 64
2026-02-03 23:42:43.558 CET | INFO     | Line   27 (logging_utils.py): num_layers: 4
2026-02-03 23:42:43.561 CET | INFO     | Line   27 (logging_utils.py): device: cpu
2026-02-03 23:42:43.565 CET | INFO     | Line   27 (logging_utils.py): lr: 0.001
2026-02-03 23:42:43.568 CET | INFO     | Line   27 (logging_utils.py): epochs: 50
2026-02-03 23:42:43.573 CET | INFO     | Line   27 (logging_utils.py): batch_size: 32
2026-02-03 23:42:43.577 CET | INFO     | Line   27 (logging_utils.py): dataset: MUTAG
2026-02-03 23:42:43.580 CET | INFO     | Line   27 (logging_utils.py): is_logical: True
2026-02-03 23:42:43.584 CET | INFO     | Line   27 (logging_utils.py): constrains_filepath: constrains/data/MUTAG_auto_generated_2_101_102.json
2026-02-03 23:42:43.589 CET | INFO     | Line   25 (logging_utils.py): constrains_handler: GLRuleBasedHandler
2026-02-03 23:42:43.593 CET | INFO     | Line   27 (logging_utils.py): l_factor: 0.01
2026-02-03 23:42:43.597 CET | INFO     | Line   27 (logging_utils.py): save_logs: True
2026-02-03 23:42:43.600 CET | INFO     | Line   29 (logging_utils.py): 
2026-02-03 23:42:43.607 CET | INFO     | Line   30 (logging_utils.py): Training on model: GraphOCGINLossConstrains
2026-02-03 23:42:43.610 CET | INFO     | Line   31 (logging_utils.py): 
2026-02-03 23:42:43.614 CET | INFO     | Line   41 (run_experiment_gl.py): ##################### Loading data
2026-02-03 23:42:43.679 CET | INFO     | Line   45 (run_experiment_gl.py): ##################### creating model
2026-02-03 23:42:43.683 CET | INFO     | Line   48 (run_experiment_gl.py): creating model with number of node features: 7
2026-02-03 23:42:43.696 CET | INFO     | Line   51 (run_experiment_gl.py): ##################### staring training
2026-02-03 23:42:43.699 CET | INFO     | Line   53 (run_experiment_gl.py): setting up the logical constrains
2026-02-03 23:42:43.849 CET | DEBUG    | Line   90 (gl_ocgin.py): Epoch 000 | Loss 0.001224
2026-02-03 23:42:44.087 CET | DEBUG    | Line   90 (gl_ocgin.py): Epoch 010 | Loss 0.000352
2026-02-03 23:42:44.293 CET | DEBUG    | Line   90 (gl_ocgin.py): Epoch 020 | Loss 0.000316
2026-02-03 23:42:44.477 CET | DEBUG    | Line   90 (gl_ocgin.py): Epoch 030 | Loss 0.000307
2026-02-03 23:42:44.685 CET | DEBUG    | Line   90 (gl_ocgin.py): Epoch 040 | Loss 0.000305
2026-02-03 23:42:44.856 CET | INFO     | Line   65 (run_experiment_gl.py): ##################### computing scores
2026-02-03 23:42:44.913 CET | INFO     | Line   69 (run_experiment_gl.py): computed decision boundary on anomaly scores as 95% quantile:
2026-02-03 23:42:44.916 CET | INFO     | Line   72 (run_experiment_gl.py): tensor(0.0003)
2026-02-03 23:42:44.920 CET | INFO     | Line   75 (run_experiment_gl.py): Test anomaly scores:
2026-02-03 23:42:44.924 CET | INFO     | Line   76 (run_experiment_gl.py): tensor([0.0003, 0.0002, 0.0002, 0.0002, 0.0002, 0.0002, 0.0002, 0.0002, 0.0002,
        0.0002])
2026-02-03 23:42:44.929 CET | INFO     | Line   78 (run_experiment_gl.py): ##################### test rate: 
2026-02-03 23:42:44.953 CET | INFO     | Line   88 (run_experiment_gl.py): 0.8115942028985508
2026-02-03 23:42:44.957 CET | INFO     | Line   89 (run_experiment_gl.py): right classified: 112 out of 138
2026-02-03 23:42:44.978 CET | INFO     | Line   28 (run_experiment_gl.py): ##################### Loading config parameters
2026-02-03 23:42:44.982 CET | INFO     | Line   20 (logging_utils.py): Config parameters:
2026-02-03 23:42:44.986 CET | INFO     | Line   21 (logging_utils.py): 
2026-02-03 23:42:44.991 CET | INFO     | Line   27 (logging_utils.py): hidden_dim: 64
2026-02-03 23:42:44.995 CET | INFO     | Line   27 (logging_utils.py): num_layers: 4
2026-02-03 23:42:44.999 CET | INFO     | Line   27 (logging_utils.py): device: cpu
2026-02-03 23:42:45.002 CET | INFO     | Line   27 (logging_utils.py): lr: 0.001
2026-02-03 23:42:45.008 CET | INFO     | Line   27 (logging_utils.py): epochs: 50
2026-02-03 23:42:45.012 CET | INFO     | Line   27 (logging_utils.py): batch_size: 32
2026-02-03 23:42:45.015 CET | INFO     | Line   27 (logging_utils.py): dataset: MUTAG
2026-02-03 23:42:45.019 CET | INFO     | Line   27 (logging_utils.py): is_logical: True
2026-02-03 23:42:45.024 CET | INFO     | Line   27 (logging_utils.py): constrains_filepath: constrains/data/MUTAG_auto_generated_2_101_102.json
2026-02-03 23:42:45.028 CET | INFO     | Line   25 (logging_utils.py): constrains_handler: GLRuleBasedHandler
2026-02-03 23:42:45.030 CET | INFO     | Line   27 (logging_utils.py): l_factor: 0.005
2026-02-03 23:42:45.033 CET | INFO     | Line   27 (logging_utils.py): save_logs: True
2026-02-03 23:42:45.034 CET | INFO     | Line   29 (logging_utils.py): 
2026-02-03 23:42:45.038 CET | INFO     | Line   30 (logging_utils.py): Training on model: GraphOCGINLossConstrains
2026-02-03 23:42:45.040 CET | INFO     | Line   31 (logging_utils.py): 
2026-02-03 23:42:45.043 CET | INFO     | Line   41 (run_experiment_gl.py): ##################### Loading data
2026-02-03 23:42:45.099 CET | INFO     | Line   45 (run_experiment_gl.py): ##################### creating model
2026-02-03 23:42:45.102 CET | INFO     | Line   48 (run_experiment_gl.py): creating model with number of node features: 7
2026-02-03 23:42:45.111 CET | INFO     | Line   51 (run_experiment_gl.py): ##################### staring training
2026-02-03 23:42:45.115 CET | INFO     | Line   53 (run_experiment_gl.py): setting up the logical constrains
2026-02-03 23:42:45.220 CET | DEBUG    | Line   90 (gl_ocgin.py): Epoch 000 | Loss 0.001167
2026-02-03 23:42:45.435 CET | DEBUG    | Line   90 (gl_ocgin.py): Epoch 010 | Loss 0.000240
2026-02-03 23:42:45.596 CET | DEBUG    | Line   90 (gl_ocgin.py): Epoch 020 | Loss 0.000173
2026-02-03 23:42:45.769 CET | DEBUG    | Line   90 (gl_ocgin.py): Epoch 030 | Loss 0.000158
2026-02-03 23:42:45.954 CET | DEBUG    | Line   90 (gl_ocgin.py): Epoch 040 | Loss 0.000155
2026-02-03 23:42:46.099 CET | INFO     | Line   65 (run_experiment_gl.py): ##################### computing scores
2026-02-03 23:42:46.139 CET | INFO     | Line   69 (run_experiment_gl.py): computed decision boundary on anomaly scores as 95% quantile:
2026-02-03 23:42:46.147 CET | INFO     | Line   72 (run_experiment_gl.py): tensor(0.0002)
2026-02-03 23:42:46.153 CET | INFO     | Line   75 (run_experiment_gl.py): Test anomaly scores:
2026-02-03 23:42:46.156 CET | INFO     | Line   76 (run_experiment_gl.py): tensor([1.2760e-04, 9.0901e-05, 9.7152e-05, 9.6163e-05, 8.2220e-05, 9.6966e-05,
        7.9683e-05, 9.2724e-05, 1.5025e-04, 8.9192e-05])
2026-02-03 23:42:46.161 CET | INFO     | Line   78 (run_experiment_gl.py): ##################### test rate: 
2026-02-03 23:42:46.189 CET | INFO     | Line   88 (run_experiment_gl.py): 0.7898550724637681
2026-02-03 23:42:46.194 CET | INFO     | Line   89 (run_experiment_gl.py): right classified: 109 out of 138
2026-02-03 23:42:46.214 CET | INFO     | Line   28 (run_experiment_gl.py): ##################### Loading config parameters
2026-02-03 23:42:46.217 CET | INFO     | Line   20 (logging_utils.py): Config parameters:
2026-02-03 23:42:46.222 CET | INFO     | Line   21 (logging_utils.py): 
2026-02-03 23:42:46.226 CET | INFO     | Line   27 (logging_utils.py): hidden_dim: 64
2026-02-03 23:42:46.229 CET | INFO     | Line   27 (logging_utils.py): num_layers: 4
2026-02-03 23:42:46.232 CET | INFO     | Line   27 (logging_utils.py): device: cpu
2026-02-03 23:42:46.237 CET | INFO     | Line   27 (logging_utils.py): lr: 0.001
2026-02-03 23:42:46.242 CET | INFO     | Line   27 (logging_utils.py): epochs: 50
2026-02-03 23:42:46.246 CET | INFO     | Line   27 (logging_utils.py): batch_size: 32
2026-02-03 23:42:46.250 CET | INFO     | Line   27 (logging_utils.py): dataset: MUTAG
2026-02-03 23:42:46.254 CET | INFO     | Line   27 (logging_utils.py): is_logical: True
2026-02-03 23:42:46.258 CET | INFO     | Line   27 (logging_utils.py): constrains_filepath: constrains/data/MUTAG_auto_generated_2_101_102.json
2026-02-03 23:42:46.261 CET | INFO     | Line   25 (logging_utils.py): constrains_handler: GLRuleBasedHandler
2026-02-03 23:42:46.265 CET | INFO     | Line   27 (logging_utils.py): l_factor: 0.001
2026-02-03 23:42:46.268 CET | INFO     | Line   27 (logging_utils.py): save_logs: True
2026-02-03 23:42:46.273 CET | INFO     | Line   29 (logging_utils.py): 
2026-02-03 23:42:46.276 CET | INFO     | Line   30 (logging_utils.py): Training on model: GraphOCGINLossConstrains
2026-02-03 23:42:46.280 CET | INFO     | Line   31 (logging_utils.py): 
2026-02-03 23:42:46.283 CET | INFO     | Line   41 (run_experiment_gl.py): ##################### Loading data
2026-02-03 23:42:46.339 CET | INFO     | Line   45 (run_experiment_gl.py): ##################### creating model
2026-02-03 23:42:46.342 CET | INFO     | Line   48 (run_experiment_gl.py): creating model with number of node features: 7
2026-02-03 23:42:46.352 CET | INFO     | Line   51 (run_experiment_gl.py): ##################### staring training
2026-02-03 23:42:46.357 CET | INFO     | Line   53 (run_experiment_gl.py): setting up the logical constrains
2026-02-03 23:42:46.442 CET | DEBUG    | Line   90 (gl_ocgin.py): Epoch 000 | Loss 0.000348
2026-02-03 23:42:46.632 CET | DEBUG    | Line   90 (gl_ocgin.py): Epoch 010 | Loss 0.000070
2026-02-03 23:42:46.870 CET | DEBUG    | Line   90 (gl_ocgin.py): Epoch 020 | Loss 0.000044
2026-02-03 23:42:47.019 CET | DEBUG    | Line   90 (gl_ocgin.py): Epoch 030 | Loss 0.000035
2026-02-03 23:42:47.213 CET | DEBUG    | Line   90 (gl_ocgin.py): Epoch 040 | Loss 0.000032
2026-02-03 23:42:47.382 CET | INFO     | Line   65 (run_experiment_gl.py): ##################### computing scores
2026-02-03 23:42:47.439 CET | INFO     | Line   69 (run_experiment_gl.py): computed decision boundary on anomaly scores as 95% quantile:
2026-02-03 23:42:47.447 CET | INFO     | Line   72 (run_experiment_gl.py): tensor(5.2785e-05)
2026-02-03 23:42:47.459 CET | INFO     | Line   75 (run_experiment_gl.py): Test anomaly scores:
2026-02-03 23:42:47.463 CET | INFO     | Line   76 (run_experiment_gl.py): tensor([1.6142e-05, 2.3151e-05, 2.0571e-05, 6.8120e-05, 1.6222e-05, 4.5404e-05,
        2.7110e-05, 1.3636e-05, 1.3524e-05, 1.1252e-05])
2026-02-03 23:42:47.470 CET | INFO     | Line   78 (run_experiment_gl.py): ##################### test rate: 
2026-02-03 23:42:47.496 CET | INFO     | Line   88 (run_experiment_gl.py): 0.8188405797101449
2026-02-03 23:42:47.502 CET | INFO     | Line   89 (run_experiment_gl.py): right classified: 113 out of 138
2026-02-03 23:42:47.522 CET | INFO     | Line   28 (run_experiment_gl.py): ##################### Loading config parameters
2026-02-03 23:42:47.528 CET | INFO     | Line   20 (logging_utils.py): Config parameters:
2026-02-03 23:42:47.532 CET | INFO     | Line   21 (logging_utils.py): 
2026-02-03 23:42:47.534 CET | INFO     | Line   27 (logging_utils.py): hidden_dim: 64
2026-02-03 23:42:47.537 CET | INFO     | Line   27 (logging_utils.py): num_layers: 4
2026-02-03 23:42:47.540 CET | INFO     | Line   27 (logging_utils.py): device: cpu
2026-02-03 23:42:47.542 CET | INFO     | Line   27 (logging_utils.py): lr: 0.001
2026-02-03 23:42:47.544 CET | INFO     | Line   27 (logging_utils.py): epochs: 50
2026-02-03 23:42:47.547 CET | INFO     | Line   27 (logging_utils.py): batch_size: 32
2026-02-03 23:42:47.549 CET | INFO     | Line   27 (logging_utils.py): dataset: MUTAG
2026-02-03 23:42:47.551 CET | INFO     | Line   27 (logging_utils.py): is_logical: True
2026-02-03 23:42:47.556 CET | INFO     | Line   27 (logging_utils.py): constrains_filepath: constrains/data/MUTAG_auto_generated_3_101_102.json
2026-02-03 23:42:47.560 CET | INFO     | Line   25 (logging_utils.py): constrains_handler: GLRuleBasedHandler
2026-02-03 23:42:47.565 CET | INFO     | Line   27 (logging_utils.py): l_factor: 0.1
2026-02-03 23:42:47.568 CET | INFO     | Line   27 (logging_utils.py): save_logs: True
2026-02-03 23:42:47.574 CET | INFO     | Line   29 (logging_utils.py): 
2026-02-03 23:42:47.578 CET | INFO     | Line   30 (logging_utils.py): Training on model: GraphOCGINLossConstrains
2026-02-03 23:42:47.582 CET | INFO     | Line   31 (logging_utils.py): 
2026-02-03 23:42:47.585 CET | INFO     | Line   41 (run_experiment_gl.py): ##################### Loading data
2026-02-03 23:42:47.651 CET | INFO     | Line   45 (run_experiment_gl.py): ##################### creating model
2026-02-03 23:42:47.655 CET | INFO     | Line   48 (run_experiment_gl.py): creating model with number of node features: 7
2026-02-03 23:42:47.677 CET | INFO     | Line   51 (run_experiment_gl.py): ##################### staring training
2026-02-03 23:42:47.683 CET | INFO     | Line   53 (run_experiment_gl.py): setting up the logical constrains
2026-02-03 23:42:48.043 CET | DEBUG    | Line   90 (gl_ocgin.py): Epoch 000 | Loss 0.005320
2026-02-03 23:42:48.234 CET | DEBUG    | Line   90 (gl_ocgin.py): Epoch 010 | Loss 0.003795
2026-02-03 23:42:48.428 CET | DEBUG    | Line   90 (gl_ocgin.py): Epoch 020 | Loss 0.003699
2026-02-03 23:42:48.593 CET | DEBUG    | Line   90 (gl_ocgin.py): Epoch 030 | Loss 0.003690
2026-02-03 23:42:48.756 CET | DEBUG    | Line   90 (gl_ocgin.py): Epoch 040 | Loss 0.003685
2026-02-03 23:42:48.893 CET | INFO     | Line   65 (run_experiment_gl.py): ##################### computing scores
2026-02-03 23:42:48.944 CET | INFO     | Line   69 (run_experiment_gl.py): computed decision boundary on anomaly scores as 95% quantile:
2026-02-03 23:42:48.947 CET | INFO     | Line   72 (run_experiment_gl.py): tensor(0.0002)
2026-02-03 23:42:48.951 CET | INFO     | Line   75 (run_experiment_gl.py): Test anomaly scores:
2026-02-03 23:42:48.954 CET | INFO     | Line   76 (run_experiment_gl.py): tensor([1.8711e-05, 1.3018e-04, 3.0267e-05, 4.1538e-05, 2.8743e-04, 2.1315e-04,
        8.8385e-05, 1.5083e-04, 2.7203e-04, 2.1905e-05])
2026-02-03 23:42:48.959 CET | INFO     | Line   78 (run_experiment_gl.py): ##################### test rate: 
2026-02-03 23:42:48.979 CET | INFO     | Line   88 (run_experiment_gl.py): 0.7463768115942029
2026-02-03 23:42:48.983 CET | INFO     | Line   89 (run_experiment_gl.py): right classified: 103 out of 138
2026-02-03 23:42:49.006 CET | INFO     | Line   28 (run_experiment_gl.py): ##################### Loading config parameters
2026-02-03 23:42:49.011 CET | INFO     | Line   20 (logging_utils.py): Config parameters:
2026-02-03 23:42:49.015 CET | INFO     | Line   21 (logging_utils.py): 
2026-02-03 23:42:49.020 CET | INFO     | Line   27 (logging_utils.py): hidden_dim: 64
2026-02-03 23:42:49.025 CET | INFO     | Line   27 (logging_utils.py): num_layers: 4
2026-02-03 23:42:49.029 CET | INFO     | Line   27 (logging_utils.py): device: cpu
2026-02-03 23:42:49.033 CET | INFO     | Line   27 (logging_utils.py): lr: 0.001
2026-02-03 23:42:49.039 CET | INFO     | Line   27 (logging_utils.py): epochs: 50
2026-02-03 23:42:49.043 CET | INFO     | Line   27 (logging_utils.py): batch_size: 32
2026-02-03 23:42:49.048 CET | INFO     | Line   27 (logging_utils.py): dataset: MUTAG
2026-02-03 23:42:49.052 CET | INFO     | Line   27 (logging_utils.py): is_logical: True
2026-02-03 23:42:49.055 CET | INFO     | Line   27 (logging_utils.py): constrains_filepath: constrains/data/MUTAG_auto_generated_3_101_102.json
2026-02-03 23:42:49.059 CET | INFO     | Line   25 (logging_utils.py): constrains_handler: GLRuleBasedHandler
2026-02-03 23:42:49.064 CET | INFO     | Line   27 (logging_utils.py): l_factor: 0.01
2026-02-03 23:42:49.069 CET | INFO     | Line   27 (logging_utils.py): save_logs: True
2026-02-03 23:42:49.074 CET | INFO     | Line   29 (logging_utils.py): 
2026-02-03 23:42:49.078 CET | INFO     | Line   30 (logging_utils.py): Training on model: GraphOCGINLossConstrains
2026-02-03 23:42:49.083 CET | INFO     | Line   31 (logging_utils.py): 
2026-02-03 23:42:49.087 CET | INFO     | Line   41 (run_experiment_gl.py): ##################### Loading data
2026-02-03 23:42:49.144 CET | INFO     | Line   45 (run_experiment_gl.py): ##################### creating model
2026-02-03 23:42:49.146 CET | INFO     | Line   48 (run_experiment_gl.py): creating model with number of node features: 7
2026-02-03 23:42:49.153 CET | INFO     | Line   51 (run_experiment_gl.py): ##################### staring training
2026-02-03 23:42:49.157 CET | INFO     | Line   53 (run_experiment_gl.py): setting up the logical constrains
2026-02-03 23:42:49.253 CET | DEBUG    | Line   90 (gl_ocgin.py): Epoch 000 | Loss 0.001709
2026-02-03 23:42:49.446 CET | DEBUG    | Line   90 (gl_ocgin.py): Epoch 010 | Loss 0.000449
2026-02-03 23:42:49.622 CET | DEBUG    | Line   90 (gl_ocgin.py): Epoch 020 | Loss 0.000400
2026-02-03 23:42:49.790 CET | DEBUG    | Line   90 (gl_ocgin.py): Epoch 030 | Loss 0.000389
2026-02-03 23:42:49.973 CET | DEBUG    | Line   90 (gl_ocgin.py): Epoch 040 | Loss 0.000388
2026-02-03 23:42:50.147 CET | INFO     | Line   65 (run_experiment_gl.py): ##################### computing scores
2026-02-03 23:42:50.196 CET | INFO     | Line   69 (run_experiment_gl.py): computed decision boundary on anomaly scores as 95% quantile:
2026-02-03 23:42:50.207 CET | INFO     | Line   72 (run_experiment_gl.py): tensor(0.0002)
2026-02-03 23:42:50.214 CET | INFO     | Line   75 (run_experiment_gl.py): Test anomaly scores:
2026-02-03 23:42:50.223 CET | INFO     | Line   76 (run_experiment_gl.py): tensor([0.0002, 0.0002, 0.0002, 0.0002, 0.0002, 0.0002, 0.0002, 0.0002, 0.0002,
        0.0002])
2026-02-03 23:42:50.230 CET | INFO     | Line   78 (run_experiment_gl.py): ##################### test rate: 
2026-02-03 23:42:50.265 CET | INFO     | Line   88 (run_experiment_gl.py): 0.7028985507246377
2026-02-03 23:42:50.270 CET | INFO     | Line   89 (run_experiment_gl.py): right classified: 97 out of 138
2026-02-03 23:42:50.285 CET | INFO     | Line   28 (run_experiment_gl.py): ##################### Loading config parameters
2026-02-03 23:42:50.290 CET | INFO     | Line   20 (logging_utils.py): Config parameters:
2026-02-03 23:42:50.294 CET | INFO     | Line   21 (logging_utils.py): 
2026-02-03 23:42:50.298 CET | INFO     | Line   27 (logging_utils.py): hidden_dim: 64
2026-02-03 23:42:50.309 CET | INFO     | Line   27 (logging_utils.py): num_layers: 4
2026-02-03 23:42:50.311 CET | INFO     | Line   27 (logging_utils.py): device: cpu
2026-02-03 23:42:50.315 CET | INFO     | Line   27 (logging_utils.py): lr: 0.001
2026-02-03 23:42:50.319 CET | INFO     | Line   27 (logging_utils.py): epochs: 50
2026-02-03 23:42:50.324 CET | INFO     | Line   27 (logging_utils.py): batch_size: 32
2026-02-03 23:42:50.327 CET | INFO     | Line   27 (logging_utils.py): dataset: MUTAG
2026-02-03 23:42:50.330 CET | INFO     | Line   27 (logging_utils.py): is_logical: True
2026-02-03 23:42:50.334 CET | INFO     | Line   27 (logging_utils.py): constrains_filepath: constrains/data/MUTAG_auto_generated_3_101_102.json
2026-02-03 23:42:50.337 CET | INFO     | Line   25 (logging_utils.py): constrains_handler: GLRuleBasedHandler
2026-02-03 23:42:50.341 CET | INFO     | Line   27 (logging_utils.py): l_factor: 0.005
2026-02-03 23:42:50.344 CET | INFO     | Line   27 (logging_utils.py): save_logs: True
2026-02-03 23:42:50.347 CET | INFO     | Line   29 (logging_utils.py): 
2026-02-03 23:42:50.350 CET | INFO     | Line   30 (logging_utils.py): Training on model: GraphOCGINLossConstrains
2026-02-03 23:42:50.354 CET | INFO     | Line   31 (logging_utils.py): 
2026-02-03 23:42:50.358 CET | INFO     | Line   41 (run_experiment_gl.py): ##################### Loading data
2026-02-03 23:42:50.405 CET | INFO     | Line   45 (run_experiment_gl.py): ##################### creating model
2026-02-03 23:42:50.407 CET | INFO     | Line   48 (run_experiment_gl.py): creating model with number of node features: 7
2026-02-03 23:42:50.413 CET | INFO     | Line   51 (run_experiment_gl.py): ##################### staring training
2026-02-03 23:42:50.415 CET | INFO     | Line   53 (run_experiment_gl.py): setting up the logical constrains
2026-02-03 23:42:50.498 CET | DEBUG    | Line   90 (gl_ocgin.py): Epoch 000 | Loss 0.000764
2026-02-03 23:42:50.761 CET | DEBUG    | Line   90 (gl_ocgin.py): Epoch 010 | Loss 0.000234
2026-02-03 23:42:50.936 CET | DEBUG    | Line   90 (gl_ocgin.py): Epoch 020 | Loss 0.000197
2026-02-03 23:42:51.131 CET | DEBUG    | Line   90 (gl_ocgin.py): Epoch 030 | Loss 0.000191
2026-02-03 23:42:51.340 CET | DEBUG    | Line   90 (gl_ocgin.py): Epoch 040 | Loss 0.000190
2026-02-03 23:42:51.483 CET | INFO     | Line   65 (run_experiment_gl.py): ##################### computing scores
2026-02-03 23:42:51.530 CET | INFO     | Line   69 (run_experiment_gl.py): computed decision boundary on anomaly scores as 95% quantile:
2026-02-03 23:42:51.533 CET | INFO     | Line   72 (run_experiment_gl.py): tensor(6.1770e-05)
2026-02-03 23:42:51.540 CET | INFO     | Line   75 (run_experiment_gl.py): Test anomaly scores:
2026-02-03 23:42:51.547 CET | INFO     | Line   76 (run_experiment_gl.py): tensor([4.1720e-05, 6.0032e-05, 4.3495e-05, 4.6649e-05, 3.9951e-05, 5.0994e-05,
        4.3722e-05, 4.0087e-05, 3.7866e-05, 4.3437e-05])
2026-02-03 23:42:51.552 CET | INFO     | Line   78 (run_experiment_gl.py): ##################### test rate: 
2026-02-03 23:42:51.573 CET | INFO     | Line   88 (run_experiment_gl.py): 0.7536231884057971
2026-02-03 23:42:51.575 CET | INFO     | Line   89 (run_experiment_gl.py): right classified: 104 out of 138
2026-02-03 23:42:51.590 CET | INFO     | Line   28 (run_experiment_gl.py): ##################### Loading config parameters
2026-02-03 23:42:51.595 CET | INFO     | Line   20 (logging_utils.py): Config parameters:
2026-02-03 23:42:51.598 CET | INFO     | Line   21 (logging_utils.py): 
2026-02-03 23:42:51.602 CET | INFO     | Line   27 (logging_utils.py): hidden_dim: 64
2026-02-03 23:42:51.604 CET | INFO     | Line   27 (logging_utils.py): num_layers: 4
2026-02-03 23:42:51.606 CET | INFO     | Line   27 (logging_utils.py): device: cpu
2026-02-03 23:42:51.609 CET | INFO     | Line   27 (logging_utils.py): lr: 0.001
2026-02-03 23:42:51.614 CET | INFO     | Line   27 (logging_utils.py): epochs: 50
2026-02-03 23:42:51.617 CET | INFO     | Line   27 (logging_utils.py): batch_size: 32
2026-02-03 23:42:51.620 CET | INFO     | Line   27 (logging_utils.py): dataset: MUTAG
2026-02-03 23:42:51.622 CET | INFO     | Line   27 (logging_utils.py): is_logical: True
2026-02-03 23:42:51.624 CET | INFO     | Line   27 (logging_utils.py): constrains_filepath: constrains/data/MUTAG_auto_generated_3_101_102.json
2026-02-03 23:42:51.628 CET | INFO     | Line   25 (logging_utils.py): constrains_handler: GLRuleBasedHandler
2026-02-03 23:42:51.630 CET | INFO     | Line   27 (logging_utils.py): l_factor: 0.001
2026-02-03 23:42:51.633 CET | INFO     | Line   27 (logging_utils.py): save_logs: True
2026-02-03 23:42:51.636 CET | INFO     | Line   29 (logging_utils.py): 
2026-02-03 23:42:51.638 CET | INFO     | Line   30 (logging_utils.py): Training on model: GraphOCGINLossConstrains
2026-02-03 23:42:51.640 CET | INFO     | Line   31 (logging_utils.py): 
2026-02-03 23:42:51.645 CET | INFO     | Line   41 (run_experiment_gl.py): ##################### Loading data
2026-02-03 23:42:51.699 CET | INFO     | Line   45 (run_experiment_gl.py): ##################### creating model
2026-02-03 23:42:51.702 CET | INFO     | Line   48 (run_experiment_gl.py): creating model with number of node features: 7
2026-02-03 23:42:51.708 CET | INFO     | Line   51 (run_experiment_gl.py): ##################### staring training
2026-02-03 23:42:51.711 CET | INFO     | Line   53 (run_experiment_gl.py): setting up the logical constrains
2026-02-03 23:42:51.800 CET | DEBUG    | Line   90 (gl_ocgin.py): Epoch 000 | Loss 0.000315
2026-02-03 23:42:51.996 CET | DEBUG    | Line   90 (gl_ocgin.py): Epoch 010 | Loss 0.000081
2026-02-03 23:42:52.205 CET | DEBUG    | Line   90 (gl_ocgin.py): Epoch 020 | Loss 0.000054
2026-02-03 23:42:52.403 CET | DEBUG    | Line   90 (gl_ocgin.py): Epoch 030 | Loss 0.000043
2026-02-03 23:42:52.584 CET | DEBUG    | Line   90 (gl_ocgin.py): Epoch 040 | Loss 0.000041
2026-02-03 23:42:52.733 CET | INFO     | Line   65 (run_experiment_gl.py): ##################### computing scores
2026-02-03 23:42:52.785 CET | INFO     | Line   69 (run_experiment_gl.py): computed decision boundary on anomaly scores as 95% quantile:
2026-02-03 23:42:52.797 CET | INFO     | Line   72 (run_experiment_gl.py): tensor(4.7430e-05)
2026-02-03 23:42:52.801 CET | INFO     | Line   75 (run_experiment_gl.py): Test anomaly scores:
2026-02-03 23:42:52.805 CET | INFO     | Line   76 (run_experiment_gl.py): tensor([1.1512e-05, 6.5817e-05, 1.7741e-05, 1.2722e-05, 9.9180e-06, 1.8123e-05,
        1.6739e-05, 2.1832e-05, 9.6388e-06, 1.5933e-05])
2026-02-03 23:42:52.810 CET | INFO     | Line   78 (run_experiment_gl.py): ##################### test rate: 
2026-02-03 23:42:52.834 CET | INFO     | Line   88 (run_experiment_gl.py): 0.8188405797101449
2026-02-03 23:42:52.838 CET | INFO     | Line   89 (run_experiment_gl.py): right classified: 113 out of 138
2026-02-03 23:42:52.861 CET | INFO     | Line   28 (run_experiment_gl.py): ##################### Loading config parameters
2026-02-03 23:42:52.864 CET | INFO     | Line   20 (logging_utils.py): Config parameters:
2026-02-03 23:42:52.870 CET | INFO     | Line   21 (logging_utils.py): 
2026-02-03 23:42:52.875 CET | INFO     | Line   27 (logging_utils.py): hidden_dim: 64
2026-02-03 23:42:52.879 CET | INFO     | Line   27 (logging_utils.py): num_layers: 5
2026-02-03 23:42:52.883 CET | INFO     | Line   27 (logging_utils.py): device: cpu
2026-02-03 23:42:52.886 CET | INFO     | Line   27 (logging_utils.py): lr: 0.001
2026-02-03 23:42:52.890 CET | INFO     | Line   27 (logging_utils.py): epochs: 50
2026-02-03 23:42:52.894 CET | INFO     | Line   27 (logging_utils.py): batch_size: 32
2026-02-03 23:42:52.899 CET | INFO     | Line   27 (logging_utils.py): dataset: MUTAG
2026-02-03 23:42:52.902 CET | INFO     | Line   27 (logging_utils.py): is_logical: False
2026-02-03 23:42:52.906 CET | INFO     | Line   27 (logging_utils.py): constrains_filepath: constrains/data/MUTAG_auto_generated_2_101_102.json
2026-02-03 23:42:52.909 CET | INFO     | Line   25 (logging_utils.py): constrains_handler: GLRuleBasedHandler
2026-02-03 23:42:52.914 CET | INFO     | Line   27 (logging_utils.py): l_factor: 0.1
2026-02-03 23:42:52.918 CET | INFO     | Line   27 (logging_utils.py): save_logs: True
2026-02-03 23:42:52.922 CET | INFO     | Line   29 (logging_utils.py): 
2026-02-03 23:42:52.926 CET | INFO     | Line   30 (logging_utils.py): Training on model: GraphOCGIN
2026-02-03 23:42:52.930 CET | INFO     | Line   31 (logging_utils.py): 
2026-02-03 23:42:52.935 CET | INFO     | Line   41 (run_experiment_gl.py): ##################### Loading data
2026-02-03 23:42:52.982 CET | INFO     | Line   45 (run_experiment_gl.py): ##################### creating model
2026-02-03 23:42:52.985 CET | INFO     | Line   48 (run_experiment_gl.py): creating model with number of node features: 7
2026-02-03 23:42:52.996 CET | INFO     | Line   51 (run_experiment_gl.py): ##################### staring training
2026-02-03 23:42:53.034 CET | DEBUG    | Line   85 (graph_level_ocgin.py): Epoch 000 | Loss 0.005599
2026-02-03 23:42:53.060 CET | DEBUG    | Line   85 (graph_level_ocgin.py): Epoch 001 | Loss 0.002657
2026-02-03 23:42:53.089 CET | DEBUG    | Line   85 (graph_level_ocgin.py): Epoch 002 | Loss 0.003183
2026-02-03 23:42:53.117 CET | DEBUG    | Line   85 (graph_level_ocgin.py): Epoch 003 | Loss 0.000768
2026-02-03 23:42:53.146 CET | DEBUG    | Line   85 (graph_level_ocgin.py): Epoch 004 | Loss 0.001360
2026-02-03 23:42:53.176 CET | DEBUG    | Line   85 (graph_level_ocgin.py): Epoch 005 | Loss 0.000804
2026-02-03 23:42:53.204 CET | DEBUG    | Line   85 (graph_level_ocgin.py): Epoch 006 | Loss 0.000459
2026-02-03 23:42:53.241 CET | DEBUG    | Line   85 (graph_level_ocgin.py): Epoch 007 | Loss 0.000595
2026-02-03 23:42:53.279 CET | DEBUG    | Line   85 (graph_level_ocgin.py): Epoch 008 | Loss 0.000367
2026-02-03 23:42:53.304 CET | DEBUG    | Line   85 (graph_level_ocgin.py): Epoch 009 | Loss 0.000326
2026-02-03 23:42:53.330 CET | DEBUG    | Line   85 (graph_level_ocgin.py): Epoch 010 | Loss 0.000368
2026-02-03 23:42:53.353 CET | DEBUG    | Line   85 (graph_level_ocgin.py): Epoch 011 | Loss 0.000284
2026-02-03 23:42:53.378 CET | DEBUG    | Line   85 (graph_level_ocgin.py): Epoch 012 | Loss 0.000216
2026-02-03 23:42:53.401 CET | DEBUG    | Line   85 (graph_level_ocgin.py): Epoch 013 | Loss 0.000222
2026-02-03 23:42:53.426 CET | DEBUG    | Line   85 (graph_level_ocgin.py): Epoch 014 | Loss 0.000179
2026-02-03 23:42:53.452 CET | DEBUG    | Line   85 (graph_level_ocgin.py): Epoch 015 | Loss 0.000143
2026-02-03 23:42:53.478 CET | DEBUG    | Line   85 (graph_level_ocgin.py): Epoch 016 | Loss 0.000161
2026-02-03 23:42:53.511 CET | DEBUG    | Line   85 (graph_level_ocgin.py): Epoch 017 | Loss 0.000142
2026-02-03 23:42:53.551 CET | DEBUG    | Line   85 (graph_level_ocgin.py): Epoch 018 | Loss 0.000117
2026-02-03 23:42:53.588 CET | DEBUG    | Line   85 (graph_level_ocgin.py): Epoch 019 | Loss 0.000121
2026-02-03 23:42:53.737 CET | DEBUG    | Line   85 (graph_level_ocgin.py): Epoch 020 | Loss 0.000106
2026-02-03 23:42:53.769 CET | DEBUG    | Line   85 (graph_level_ocgin.py): Epoch 021 | Loss 0.000103
2026-02-03 23:42:53.800 CET | DEBUG    | Line   85 (graph_level_ocgin.py): Epoch 022 | Loss 0.000106
2026-02-03 23:42:53.828 CET | DEBUG    | Line   85 (graph_level_ocgin.py): Epoch 023 | Loss 0.000091
2026-02-03 23:42:53.855 CET | DEBUG    | Line   85 (graph_level_ocgin.py): Epoch 024 | Loss 0.000086
2026-02-03 23:42:53.887 CET | DEBUG    | Line   85 (graph_level_ocgin.py): Epoch 025 | Loss 0.000085
2026-02-03 23:42:53.919 CET | DEBUG    | Line   85 (graph_level_ocgin.py): Epoch 026 | Loss 0.000084
2026-02-03 23:42:53.944 CET | DEBUG    | Line   85 (graph_level_ocgin.py): Epoch 027 | Loss 0.000076
2026-02-03 23:42:53.970 CET | DEBUG    | Line   85 (graph_level_ocgin.py): Epoch 028 | Loss 0.000074
2026-02-03 23:42:54.011 CET | DEBUG    | Line   85 (graph_level_ocgin.py): Epoch 029 | Loss 0.000077
2026-02-03 23:42:54.046 CET | DEBUG    | Line   85 (graph_level_ocgin.py): Epoch 030 | Loss 0.000072
2026-02-03 23:42:54.088 CET | DEBUG    | Line   85 (graph_level_ocgin.py): Epoch 031 | Loss 0.000071
2026-02-03 23:42:54.114 CET | DEBUG    | Line   85 (graph_level_ocgin.py): Epoch 032 | Loss 0.000067
2026-02-03 23:42:54.156 CET | DEBUG    | Line   85 (graph_level_ocgin.py): Epoch 033 | Loss 0.000067
2026-02-03 23:42:54.187 CET | DEBUG    | Line   85 (graph_level_ocgin.py): Epoch 034 | Loss 0.000065
2026-02-03 23:42:54.212 CET | DEBUG    | Line   85 (graph_level_ocgin.py): Epoch 035 | Loss 0.000062
2026-02-03 23:42:54.242 CET | DEBUG    | Line   85 (graph_level_ocgin.py): Epoch 036 | Loss 0.000061
2026-02-03 23:42:54.279 CET | DEBUG    | Line   85 (graph_level_ocgin.py): Epoch 037 | Loss 0.000061
2026-02-03 23:42:54.304 CET | DEBUG    | Line   85 (graph_level_ocgin.py): Epoch 038 | Loss 0.000061
2026-02-03 23:42:54.326 CET | DEBUG    | Line   85 (graph_level_ocgin.py): Epoch 039 | Loss 0.000059
2026-02-03 23:42:54.353 CET | DEBUG    | Line   85 (graph_level_ocgin.py): Epoch 040 | Loss 0.000061
2026-02-03 23:42:54.381 CET | DEBUG    | Line   85 (graph_level_ocgin.py): Epoch 041 | Loss 0.000058
2026-02-03 23:42:54.408 CET | DEBUG    | Line   85 (graph_level_ocgin.py): Epoch 042 | Loss 0.000055
2026-02-03 23:42:54.438 CET | DEBUG    | Line   85 (graph_level_ocgin.py): Epoch 043 | Loss 0.000055
2026-02-03 23:42:54.467 CET | DEBUG    | Line   85 (graph_level_ocgin.py): Epoch 044 | Loss 0.000054
2026-02-03 23:42:54.494 CET | DEBUG    | Line   85 (graph_level_ocgin.py): Epoch 045 | Loss 0.000054
2026-02-03 23:42:54.523 CET | DEBUG    | Line   85 (graph_level_ocgin.py): Epoch 046 | Loss 0.000052
2026-02-03 23:42:54.549 CET | DEBUG    | Line   85 (graph_level_ocgin.py): Epoch 047 | Loss 0.000048
2026-02-03 23:42:54.572 CET | DEBUG    | Line   85 (graph_level_ocgin.py): Epoch 048 | Loss 0.000049
2026-02-03 23:42:54.598 CET | DEBUG    | Line   85 (graph_level_ocgin.py): Epoch 049 | Loss 0.000049
2026-02-03 23:42:54.601 CET | INFO     | Line   65 (run_experiment_gl.py): ##################### computing scores
2026-02-03 23:42:54.641 CET | INFO     | Line   69 (run_experiment_gl.py): computed decision boundary on anomaly scores as 95% quantile:
2026-02-03 23:42:54.645 CET | INFO     | Line   72 (run_experiment_gl.py): tensor(7.3938e-05)
2026-02-03 23:42:54.648 CET | INFO     | Line   75 (run_experiment_gl.py): Test anomaly scores:
2026-02-03 23:42:54.651 CET | INFO     | Line   76 (run_experiment_gl.py): tensor([6.6586e-05, 2.9022e-05, 1.7136e-05, 2.1848e-05, 7.3021e-05, 5.9603e-05,
        3.4298e-05, 2.1547e-05, 3.2083e-05, 2.2695e-05])
2026-02-03 23:42:54.654 CET | INFO     | Line   78 (run_experiment_gl.py): ##################### test rate: 
2026-02-03 23:42:54.669 CET | INFO     | Line   88 (run_experiment_gl.py): 0.7971014492753623
2026-02-03 23:42:54.671 CET | INFO     | Line   89 (run_experiment_gl.py): right classified: 110 out of 138
2026-02-03 23:42:54.688 CET | INFO     | Line   28 (run_experiment_gl.py): ##################### Loading config parameters
2026-02-03 23:42:54.691 CET | INFO     | Line   20 (logging_utils.py): Config parameters:
2026-02-03 23:42:54.694 CET | INFO     | Line   21 (logging_utils.py): 
2026-02-03 23:42:54.698 CET | INFO     | Line   27 (logging_utils.py): hidden_dim: 64
2026-02-03 23:42:54.703 CET | INFO     | Line   27 (logging_utils.py): num_layers: 5
2026-02-03 23:42:54.708 CET | INFO     | Line   27 (logging_utils.py): device: cpu
2026-02-03 23:42:54.714 CET | INFO     | Line   27 (logging_utils.py): lr: 0.001
2026-02-03 23:42:54.718 CET | INFO     | Line   27 (logging_utils.py): epochs: 50
2026-02-03 23:42:54.723 CET | INFO     | Line   27 (logging_utils.py): batch_size: 32
2026-02-03 23:42:54.727 CET | INFO     | Line   27 (logging_utils.py): dataset: MUTAG
2026-02-03 23:42:54.730 CET | INFO     | Line   27 (logging_utils.py): is_logical: True
2026-02-03 23:42:54.732 CET | INFO     | Line   27 (logging_utils.py): constrains_filepath: constrains/data/MUTAG_auto_generated_2_101_102.json
2026-02-03 23:42:54.734 CET | INFO     | Line   25 (logging_utils.py): constrains_handler: GLRuleBasedHandler
2026-02-03 23:42:54.737 CET | INFO     | Line   27 (logging_utils.py): l_factor: 0.1
2026-02-03 23:42:54.741 CET | INFO     | Line   27 (logging_utils.py): save_logs: True
2026-02-03 23:42:54.744 CET | INFO     | Line   29 (logging_utils.py): 
2026-02-03 23:42:54.746 CET | INFO     | Line   30 (logging_utils.py): Training on model: GraphOCGINLossConstrains
2026-02-03 23:42:54.748 CET | INFO     | Line   31 (logging_utils.py): 
2026-02-03 23:42:54.751 CET | INFO     | Line   41 (run_experiment_gl.py): ##################### Loading data
2026-02-03 23:42:54.803 CET | INFO     | Line   45 (run_experiment_gl.py): ##################### creating model
2026-02-03 23:42:54.808 CET | INFO     | Line   48 (run_experiment_gl.py): creating model with number of node features: 7
2026-02-03 23:42:54.826 CET | INFO     | Line   51 (run_experiment_gl.py): ##################### staring training
2026-02-03 23:42:54.830 CET | INFO     | Line   53 (run_experiment_gl.py): setting up the logical constrains
2026-02-03 23:42:54.939 CET | DEBUG    | Line   90 (gl_ocgin.py): Epoch 000 | Loss 0.003076
2026-02-03 23:42:55.155 CET | DEBUG    | Line   90 (gl_ocgin.py): Epoch 010 | Loss 0.002800
2026-02-03 23:42:55.329 CET | DEBUG    | Line   90 (gl_ocgin.py): Epoch 020 | Loss 0.002787
2026-02-03 23:42:55.504 CET | DEBUG    | Line   90 (gl_ocgin.py): Epoch 030 | Loss 0.002784
2026-02-03 23:42:55.676 CET | DEBUG    | Line   90 (gl_ocgin.py): Epoch 040 | Loss 0.002782
2026-02-03 23:42:55.860 CET | INFO     | Line   65 (run_experiment_gl.py): ##################### computing scores
2026-02-03 23:42:55.908 CET | INFO     | Line   69 (run_experiment_gl.py): computed decision boundary on anomaly scores as 95% quantile:
2026-02-03 23:42:55.912 CET | INFO     | Line   72 (run_experiment_gl.py): tensor(6.7139e-05)
2026-02-03 23:42:55.918 CET | INFO     | Line   75 (run_experiment_gl.py): Test anomaly scores:
2026-02-03 23:42:55.922 CET | INFO     | Line   76 (run_experiment_gl.py): tensor([5.1790e-05, 3.9354e-05, 4.0221e-05, 6.1489e-05, 3.7199e-05, 6.6544e-05,
        5.9204e-05, 8.6629e-05, 3.7623e-05, 5.4688e-05])
2026-02-03 23:42:55.927 CET | INFO     | Line   78 (run_experiment_gl.py): ##################### test rate: 
2026-02-03 23:42:55.955 CET | INFO     | Line   88 (run_experiment_gl.py): 0.5579710144927537
2026-02-03 23:42:55.958 CET | INFO     | Line   89 (run_experiment_gl.py): right classified: 77 out of 138
2026-02-03 23:42:55.972 CET | INFO     | Line   28 (run_experiment_gl.py): ##################### Loading config parameters
2026-02-03 23:42:55.975 CET | INFO     | Line   20 (logging_utils.py): Config parameters:
2026-02-03 23:42:55.981 CET | INFO     | Line   21 (logging_utils.py): 
2026-02-03 23:42:55.985 CET | INFO     | Line   27 (logging_utils.py): hidden_dim: 64
2026-02-03 23:42:55.989 CET | INFO     | Line   27 (logging_utils.py): num_layers: 5
2026-02-03 23:42:55.992 CET | INFO     | Line   27 (logging_utils.py): device: cpu
2026-02-03 23:42:55.996 CET | INFO     | Line   27 (logging_utils.py): lr: 0.001
2026-02-03 23:42:56.001 CET | INFO     | Line   27 (logging_utils.py): epochs: 50
2026-02-03 23:42:56.006 CET | INFO     | Line   27 (logging_utils.py): batch_size: 32
2026-02-03 23:42:56.010 CET | INFO     | Line   27 (logging_utils.py): dataset: MUTAG
2026-02-03 23:42:56.014 CET | INFO     | Line   27 (logging_utils.py): is_logical: True
2026-02-03 23:42:56.018 CET | INFO     | Line   27 (logging_utils.py): constrains_filepath: constrains/data/MUTAG_auto_generated_2_101_102.json
2026-02-03 23:42:56.022 CET | INFO     | Line   25 (logging_utils.py): constrains_handler: GLRuleBasedHandler
2026-02-03 23:42:56.027 CET | INFO     | Line   27 (logging_utils.py): l_factor: 0.01
2026-02-03 23:42:56.030 CET | INFO     | Line   27 (logging_utils.py): save_logs: True
2026-02-03 23:42:56.035 CET | INFO     | Line   29 (logging_utils.py): 
2026-02-03 23:42:56.038 CET | INFO     | Line   30 (logging_utils.py): Training on model: GraphOCGINLossConstrains
2026-02-03 23:42:56.042 CET | INFO     | Line   31 (logging_utils.py): 
2026-02-03 23:42:56.045 CET | INFO     | Line   41 (run_experiment_gl.py): ##################### Loading data
2026-02-03 23:42:56.104 CET | INFO     | Line   45 (run_experiment_gl.py): ##################### creating model
2026-02-03 23:42:56.109 CET | INFO     | Line   48 (run_experiment_gl.py): creating model with number of node features: 7
2026-02-03 23:42:56.123 CET | INFO     | Line   51 (run_experiment_gl.py): ##################### staring training
2026-02-03 23:42:56.129 CET | INFO     | Line   53 (run_experiment_gl.py): setting up the logical constrains
2026-02-03 23:42:56.240 CET | DEBUG    | Line   90 (gl_ocgin.py): Epoch 000 | Loss 0.000768
2026-02-03 23:42:56.505 CET | DEBUG    | Line   90 (gl_ocgin.py): Epoch 010 | Loss 0.000293
2026-02-03 23:42:56.708 CET | DEBUG    | Line   90 (gl_ocgin.py): Epoch 020 | Loss 0.000281
2026-02-03 23:42:56.906 CET | DEBUG    | Line   90 (gl_ocgin.py): Epoch 030 | Loss 0.000280
2026-02-03 23:42:57.079 CET | DEBUG    | Line   90 (gl_ocgin.py): Epoch 040 | Loss 0.000279
2026-02-03 23:42:57.231 CET | INFO     | Line   65 (run_experiment_gl.py): ##################### computing scores
2026-02-03 23:42:57.285 CET | INFO     | Line   69 (run_experiment_gl.py): computed decision boundary on anomaly scores as 95% quantile:
2026-02-03 23:42:57.297 CET | INFO     | Line   72 (run_experiment_gl.py): tensor(1.6305e-05)
2026-02-03 23:42:57.302 CET | INFO     | Line   75 (run_experiment_gl.py): Test anomaly scores:
2026-02-03 23:42:57.306 CET | INFO     | Line   76 (run_experiment_gl.py): tensor([8.0610e-06, 8.0944e-06, 2.3105e-05, 8.5508e-06, 1.0573e-05, 6.9475e-06,
        1.5691e-06, 2.1188e-05, 8.1533e-06, 5.3792e-06])
2026-02-03 23:42:57.310 CET | INFO     | Line   78 (run_experiment_gl.py): ##################### test rate: 
2026-02-03 23:42:57.336 CET | INFO     | Line   88 (run_experiment_gl.py): 0.7898550724637681
2026-02-03 23:42:57.340 CET | INFO     | Line   89 (run_experiment_gl.py): right classified: 109 out of 138
2026-02-03 23:42:57.353 CET | INFO     | Line   28 (run_experiment_gl.py): ##################### Loading config parameters
2026-02-03 23:42:57.357 CET | INFO     | Line   20 (logging_utils.py): Config parameters:
2026-02-03 23:42:57.360 CET | INFO     | Line   21 (logging_utils.py): 
2026-02-03 23:42:57.365 CET | INFO     | Line   27 (logging_utils.py): hidden_dim: 64
2026-02-03 23:42:57.369 CET | INFO     | Line   27 (logging_utils.py): num_layers: 5
2026-02-03 23:42:57.373 CET | INFO     | Line   27 (logging_utils.py): device: cpu
2026-02-03 23:42:57.375 CET | INFO     | Line   27 (logging_utils.py): lr: 0.001
2026-02-03 23:42:57.377 CET | INFO     | Line   27 (logging_utils.py): epochs: 50
2026-02-03 23:42:57.379 CET | INFO     | Line   27 (logging_utils.py): batch_size: 32
2026-02-03 23:42:57.385 CET | INFO     | Line   27 (logging_utils.py): dataset: MUTAG
2026-02-03 23:42:57.389 CET | INFO     | Line   27 (logging_utils.py): is_logical: True
2026-02-03 23:42:57.391 CET | INFO     | Line   27 (logging_utils.py): constrains_filepath: constrains/data/MUTAG_auto_generated_2_101_102.json
2026-02-03 23:42:57.393 CET | INFO     | Line   25 (logging_utils.py): constrains_handler: GLRuleBasedHandler
2026-02-03 23:42:57.396 CET | INFO     | Line   27 (logging_utils.py): l_factor: 0.005
2026-02-03 23:42:57.401 CET | INFO     | Line   27 (logging_utils.py): save_logs: True
2026-02-03 23:42:57.405 CET | INFO     | Line   29 (logging_utils.py): 
2026-02-03 23:42:57.408 CET | INFO     | Line   30 (logging_utils.py): Training on model: GraphOCGINLossConstrains
2026-02-03 23:42:57.410 CET | INFO     | Line   31 (logging_utils.py): 
2026-02-03 23:42:57.412 CET | INFO     | Line   41 (run_experiment_gl.py): ##################### Loading data
2026-02-03 23:42:57.465 CET | INFO     | Line   45 (run_experiment_gl.py): ##################### creating model
2026-02-03 23:42:57.470 CET | INFO     | Line   48 (run_experiment_gl.py): creating model with number of node features: 7
2026-02-03 23:42:57.484 CET | INFO     | Line   51 (run_experiment_gl.py): ##################### staring training
2026-02-03 23:42:57.488 CET | INFO     | Line   53 (run_experiment_gl.py): setting up the logical constrains
2026-02-03 23:42:57.579 CET | DEBUG    | Line   90 (gl_ocgin.py): Epoch 000 | Loss 0.000445
2026-02-03 23:42:57.781 CET | DEBUG    | Line   90 (gl_ocgin.py): Epoch 010 | Loss 0.000167
2026-02-03 23:42:57.965 CET | DEBUG    | Line   90 (gl_ocgin.py): Epoch 020 | Loss 0.000146
2026-02-03 23:42:58.141 CET | DEBUG    | Line   90 (gl_ocgin.py): Epoch 030 | Loss 0.000143
2026-02-03 23:42:58.337 CET | DEBUG    | Line   90 (gl_ocgin.py): Epoch 040 | Loss 0.000141
2026-02-03 23:42:58.545 CET | INFO     | Line   65 (run_experiment_gl.py): ##################### computing scores
2026-02-03 23:42:58.589 CET | INFO     | Line   69 (run_experiment_gl.py): computed decision boundary on anomaly scores as 95% quantile:
2026-02-03 23:42:58.592 CET | INFO     | Line   72 (run_experiment_gl.py): tensor(3.8487e-05)
2026-02-03 23:42:58.595 CET | INFO     | Line   75 (run_experiment_gl.py): Test anomaly scores:
2026-02-03 23:42:58.598 CET | INFO     | Line   76 (run_experiment_gl.py): tensor([8.0642e-06, 3.2656e-05, 3.9877e-05, 3.7060e-05, 1.4510e-05, 1.2398e-05,
        1.1764e-05, 2.4342e-05, 2.4367e-05, 1.1679e-05])
2026-02-03 23:42:58.601 CET | INFO     | Line   78 (run_experiment_gl.py): ##################### test rate: 
2026-02-03 23:42:58.616 CET | INFO     | Line   88 (run_experiment_gl.py): 0.5797101449275363
2026-02-03 23:42:58.619 CET | INFO     | Line   89 (run_experiment_gl.py): right classified: 80 out of 138
2026-02-03 23:42:58.638 CET | INFO     | Line   28 (run_experiment_gl.py): ##################### Loading config parameters
2026-02-03 23:42:58.642 CET | INFO     | Line   20 (logging_utils.py): Config parameters:
2026-02-03 23:42:58.645 CET | INFO     | Line   21 (logging_utils.py): 
2026-02-03 23:42:58.650 CET | INFO     | Line   27 (logging_utils.py): hidden_dim: 64
2026-02-03 23:42:58.654 CET | INFO     | Line   27 (logging_utils.py): num_layers: 5
2026-02-03 23:42:58.657 CET | INFO     | Line   27 (logging_utils.py): device: cpu
2026-02-03 23:42:58.660 CET | INFO     | Line   27 (logging_utils.py): lr: 0.001
2026-02-03 23:42:58.664 CET | INFO     | Line   27 (logging_utils.py): epochs: 50
2026-02-03 23:42:58.670 CET | INFO     | Line   27 (logging_utils.py): batch_size: 32
2026-02-03 23:42:58.672 CET | INFO     | Line   27 (logging_utils.py): dataset: MUTAG
2026-02-03 23:42:58.675 CET | INFO     | Line   27 (logging_utils.py): is_logical: True
2026-02-03 23:42:58.678 CET | INFO     | Line   27 (logging_utils.py): constrains_filepath: constrains/data/MUTAG_auto_generated_2_101_102.json
2026-02-03 23:42:58.682 CET | INFO     | Line   25 (logging_utils.py): constrains_handler: GLRuleBasedHandler
2026-02-03 23:42:58.684 CET | INFO     | Line   27 (logging_utils.py): l_factor: 0.001
2026-02-03 23:42:58.687 CET | INFO     | Line   27 (logging_utils.py): save_logs: True
2026-02-03 23:42:58.690 CET | INFO     | Line   29 (logging_utils.py): 
2026-02-03 23:42:58.692 CET | INFO     | Line   30 (logging_utils.py): Training on model: GraphOCGINLossConstrains
2026-02-03 23:42:58.694 CET | INFO     | Line   31 (logging_utils.py): 
2026-02-03 23:42:58.698 CET | INFO     | Line   41 (run_experiment_gl.py): ##################### Loading data
2026-02-03 23:42:58.754 CET | INFO     | Line   45 (run_experiment_gl.py): ##################### creating model
2026-02-03 23:42:58.758 CET | INFO     | Line   48 (run_experiment_gl.py): creating model with number of node features: 7
2026-02-03 23:42:58.773 CET | INFO     | Line   51 (run_experiment_gl.py): ##################### staring training
2026-02-03 23:42:58.776 CET | INFO     | Line   53 (run_experiment_gl.py): setting up the logical constrains
2026-02-03 23:42:58.882 CET | DEBUG    | Line   90 (gl_ocgin.py): Epoch 000 | Loss 0.000403
2026-02-03 23:42:59.199 CET | DEBUG    | Line   90 (gl_ocgin.py): Epoch 010 | Loss 0.000059
2026-02-03 23:42:59.459 CET | DEBUG    | Line   90 (gl_ocgin.py): Epoch 020 | Loss 0.000037
2026-02-03 23:42:59.661 CET | DEBUG    | Line   90 (gl_ocgin.py): Epoch 030 | Loss 0.000035
2026-02-03 23:42:59.857 CET | DEBUG    | Line   90 (gl_ocgin.py): Epoch 040 | Loss 0.000034
2026-02-03 23:43:00.093 CET | INFO     | Line   65 (run_experiment_gl.py): ##################### computing scores
2026-02-03 23:43:00.132 CET | INFO     | Line   69 (run_experiment_gl.py): computed decision boundary on anomaly scores as 95% quantile:
2026-02-03 23:43:00.136 CET | INFO     | Line   72 (run_experiment_gl.py): tensor(6.4690e-05)
2026-02-03 23:43:00.141 CET | INFO     | Line   75 (run_experiment_gl.py): Test anomaly scores:
2026-02-03 23:43:00.147 CET | INFO     | Line   76 (run_experiment_gl.py): tensor([4.1489e-05, 4.8898e-05, 4.3240e-05, 4.2306e-05, 4.5223e-05, 4.2004e-05,
        4.1751e-05, 5.6079e-05, 5.2536e-05, 6.2416e-05])
2026-02-03 23:43:00.152 CET | INFO     | Line   78 (run_experiment_gl.py): ##################### test rate: 
2026-02-03 23:43:00.175 CET | INFO     | Line   88 (run_experiment_gl.py): 0.7463768115942029
2026-02-03 23:43:00.180 CET | INFO     | Line   89 (run_experiment_gl.py): right classified: 103 out of 138
2026-02-03 23:43:00.200 CET | INFO     | Line   28 (run_experiment_gl.py): ##################### Loading config parameters
2026-02-03 23:43:00.203 CET | INFO     | Line   20 (logging_utils.py): Config parameters:
2026-02-03 23:43:00.206 CET | INFO     | Line   21 (logging_utils.py): 
2026-02-03 23:43:00.208 CET | INFO     | Line   27 (logging_utils.py): hidden_dim: 64
2026-02-03 23:43:00.210 CET | INFO     | Line   27 (logging_utils.py): num_layers: 5
2026-02-03 23:43:00.214 CET | INFO     | Line   27 (logging_utils.py): device: cpu
2026-02-03 23:43:00.220 CET | INFO     | Line   27 (logging_utils.py): lr: 0.001
2026-02-03 23:43:00.224 CET | INFO     | Line   27 (logging_utils.py): epochs: 50
2026-02-03 23:43:00.227 CET | INFO     | Line   27 (logging_utils.py): batch_size: 32
2026-02-03 23:43:00.231 CET | INFO     | Line   27 (logging_utils.py): dataset: MUTAG
2026-02-03 23:43:00.235 CET | INFO     | Line   27 (logging_utils.py): is_logical: True
2026-02-03 23:43:00.240 CET | INFO     | Line   27 (logging_utils.py): constrains_filepath: constrains/data/MUTAG_auto_generated_3_101_102.json
2026-02-03 23:43:00.243 CET | INFO     | Line   25 (logging_utils.py): constrains_handler: GLRuleBasedHandler
2026-02-03 23:43:00.246 CET | INFO     | Line   27 (logging_utils.py): l_factor: 0.1
2026-02-03 23:43:00.251 CET | INFO     | Line   27 (logging_utils.py): save_logs: True
2026-02-03 23:43:00.256 CET | INFO     | Line   29 (logging_utils.py): 
2026-02-03 23:43:00.261 CET | INFO     | Line   30 (logging_utils.py): Training on model: GraphOCGINLossConstrains
2026-02-03 23:43:00.266 CET | INFO     | Line   31 (logging_utils.py): 
2026-02-03 23:43:00.271 CET | INFO     | Line   41 (run_experiment_gl.py): ##################### Loading data
2026-02-03 23:43:00.318 CET | INFO     | Line   45 (run_experiment_gl.py): ##################### creating model
2026-02-03 23:43:00.322 CET | INFO     | Line   48 (run_experiment_gl.py): creating model with number of node features: 7
2026-02-03 23:43:00.335 CET | INFO     | Line   51 (run_experiment_gl.py): ##################### staring training
2026-02-03 23:43:00.339 CET | INFO     | Line   53 (run_experiment_gl.py): setting up the logical constrains
2026-02-03 23:43:00.426 CET | DEBUG    | Line   90 (gl_ocgin.py): Epoch 000 | Loss 0.004639
2026-02-03 23:43:00.720 CET | DEBUG    | Line   90 (gl_ocgin.py): Epoch 010 | Loss 0.003721
2026-02-03 23:43:00.923 CET | DEBUG    | Line   90 (gl_ocgin.py): Epoch 020 | Loss 0.003679
2026-02-03 23:43:01.103 CET | DEBUG    | Line   90 (gl_ocgin.py): Epoch 030 | Loss 0.003674
2026-02-03 23:43:01.313 CET | DEBUG    | Line   90 (gl_ocgin.py): Epoch 040 | Loss 0.003672
2026-02-03 23:43:01.532 CET | INFO     | Line   65 (run_experiment_gl.py): ##################### computing scores
2026-02-03 23:43:01.586 CET | INFO     | Line   69 (run_experiment_gl.py): computed decision boundary on anomaly scores as 95% quantile:
2026-02-03 23:43:01.590 CET | INFO     | Line   72 (run_experiment_gl.py): tensor(5.5157e-05)
2026-02-03 23:43:01.595 CET | INFO     | Line   75 (run_experiment_gl.py): Test anomaly scores:
2026-02-03 23:43:01.599 CET | INFO     | Line   76 (run_experiment_gl.py): tensor([1.9035e-05, 7.7431e-06, 1.0557e-05, 1.9856e-05, 3.9260e-05, 2.9142e-05,
        3.2365e-05, 8.8050e-06, 4.5186e-05, 3.0779e-05])
2026-02-03 23:43:01.603 CET | INFO     | Line   78 (run_experiment_gl.py): ##################### test rate: 
2026-02-03 23:43:01.628 CET | INFO     | Line   88 (run_experiment_gl.py): 0.7681159420289855
2026-02-03 23:43:01.632 CET | INFO     | Line   89 (run_experiment_gl.py): right classified: 106 out of 138
2026-02-03 23:43:01.655 CET | INFO     | Line   28 (run_experiment_gl.py): ##################### Loading config parameters
2026-02-03 23:43:01.659 CET | INFO     | Line   20 (logging_utils.py): Config parameters:
2026-02-03 23:43:01.664 CET | INFO     | Line   21 (logging_utils.py): 
2026-02-03 23:43:01.669 CET | INFO     | Line   27 (logging_utils.py): hidden_dim: 64
2026-02-03 23:43:01.673 CET | INFO     | Line   27 (logging_utils.py): num_layers: 5
2026-02-03 23:43:01.677 CET | INFO     | Line   27 (logging_utils.py): device: cpu
2026-02-03 23:43:01.682 CET | INFO     | Line   27 (logging_utils.py): lr: 0.001
2026-02-03 23:43:01.686 CET | INFO     | Line   27 (logging_utils.py): epochs: 50
2026-02-03 23:43:01.690 CET | INFO     | Line   27 (logging_utils.py): batch_size: 32
2026-02-03 23:43:01.694 CET | INFO     | Line   27 (logging_utils.py): dataset: MUTAG
2026-02-03 23:43:01.699 CET | INFO     | Line   27 (logging_utils.py): is_logical: True
2026-02-03 23:43:01.704 CET | INFO     | Line   27 (logging_utils.py): constrains_filepath: constrains/data/MUTAG_auto_generated_3_101_102.json
2026-02-03 23:43:01.708 CET | INFO     | Line   25 (logging_utils.py): constrains_handler: GLRuleBasedHandler
2026-02-03 23:43:01.712 CET | INFO     | Line   27 (logging_utils.py): l_factor: 0.01
2026-02-03 23:43:01.718 CET | INFO     | Line   27 (logging_utils.py): save_logs: True
2026-02-03 23:43:01.722 CET | INFO     | Line   29 (logging_utils.py): 
2026-02-03 23:43:01.726 CET | INFO     | Line   30 (logging_utils.py): Training on model: GraphOCGINLossConstrains
2026-02-03 23:43:01.732 CET | INFO     | Line   31 (logging_utils.py): 
2026-02-03 23:43:01.736 CET | INFO     | Line   41 (run_experiment_gl.py): ##################### Loading data
2026-02-03 23:43:01.794 CET | INFO     | Line   45 (run_experiment_gl.py): ##################### creating model
2026-02-03 23:43:01.797 CET | INFO     | Line   48 (run_experiment_gl.py): creating model with number of node features: 7
2026-02-03 23:43:01.813 CET | INFO     | Line   51 (run_experiment_gl.py): ##################### staring training
2026-02-03 23:43:01.818 CET | INFO     | Line   53 (run_experiment_gl.py): setting up the logical constrains
2026-02-03 23:43:01.944 CET | DEBUG    | Line   90 (gl_ocgin.py): Epoch 000 | Loss 0.001547
2026-02-03 23:43:02.144 CET | DEBUG    | Line   90 (gl_ocgin.py): Epoch 010 | Loss 0.000418
2026-02-03 23:43:02.338 CET | DEBUG    | Line   90 (gl_ocgin.py): Epoch 020 | Loss 0.000378
2026-02-03 23:43:02.519 CET | DEBUG    | Line   90 (gl_ocgin.py): Epoch 030 | Loss 0.000373
2026-02-03 23:43:02.685 CET | DEBUG    | Line   90 (gl_ocgin.py): Epoch 040 | Loss 0.000372
2026-02-03 23:43:02.837 CET | INFO     | Line   65 (run_experiment_gl.py): ##################### computing scores
2026-02-03 23:43:02.876 CET | INFO     | Line   69 (run_experiment_gl.py): computed decision boundary on anomaly scores as 95% quantile:
2026-02-03 23:43:02.880 CET | INFO     | Line   72 (run_experiment_gl.py): tensor(6.9676e-05)
2026-02-03 23:43:02.884 CET | INFO     | Line   75 (run_experiment_gl.py): Test anomaly scores:
2026-02-03 23:43:02.887 CET | INFO     | Line   76 (run_experiment_gl.py): tensor([2.8970e-05, 8.4894e-05, 3.8915e-05, 5.5904e-05, 3.2921e-05, 7.1605e-05,
        5.5093e-05, 3.3977e-05, 3.5116e-05, 4.7407e-05])
2026-02-03 23:43:02.893 CET | INFO     | Line   78 (run_experiment_gl.py): ##################### test rate: 
2026-02-03 23:43:02.918 CET | INFO     | Line   88 (run_experiment_gl.py): 0.6739130434782609
2026-02-03 23:43:02.922 CET | INFO     | Line   89 (run_experiment_gl.py): right classified: 93 out of 138
2026-02-03 23:43:02.943 CET | INFO     | Line   28 (run_experiment_gl.py): ##################### Loading config parameters
2026-02-03 23:43:02.948 CET | INFO     | Line   20 (logging_utils.py): Config parameters:
2026-02-03 23:43:02.953 CET | INFO     | Line   21 (logging_utils.py): 
2026-02-03 23:43:02.957 CET | INFO     | Line   27 (logging_utils.py): hidden_dim: 64
2026-02-03 23:43:02.961 CET | INFO     | Line   27 (logging_utils.py): num_layers: 5
2026-02-03 23:43:02.966 CET | INFO     | Line   27 (logging_utils.py): device: cpu
2026-02-03 23:43:02.970 CET | INFO     | Line   27 (logging_utils.py): lr: 0.001
2026-02-03 23:43:02.974 CET | INFO     | Line   27 (logging_utils.py): epochs: 50
2026-02-03 23:43:02.978 CET | INFO     | Line   27 (logging_utils.py): batch_size: 32
2026-02-03 23:43:02.981 CET | INFO     | Line   27 (logging_utils.py): dataset: MUTAG
2026-02-03 23:43:02.985 CET | INFO     | Line   27 (logging_utils.py): is_logical: True
2026-02-03 23:43:02.990 CET | INFO     | Line   27 (logging_utils.py): constrains_filepath: constrains/data/MUTAG_auto_generated_3_101_102.json
2026-02-03 23:43:02.994 CET | INFO     | Line   25 (logging_utils.py): constrains_handler: GLRuleBasedHandler
2026-02-03 23:43:02.998 CET | INFO     | Line   27 (logging_utils.py): l_factor: 0.005
2026-02-03 23:43:03.003 CET | INFO     | Line   27 (logging_utils.py): save_logs: True
2026-02-03 23:43:03.007 CET | INFO     | Line   29 (logging_utils.py): 
2026-02-03 23:43:03.011 CET | INFO     | Line   30 (logging_utils.py): Training on model: GraphOCGINLossConstrains
2026-02-03 23:43:03.015 CET | INFO     | Line   31 (logging_utils.py): 
2026-02-03 23:43:03.019 CET | INFO     | Line   41 (run_experiment_gl.py): ##################### Loading data
2026-02-03 23:43:03.081 CET | INFO     | Line   45 (run_experiment_gl.py): ##################### creating model
2026-02-03 23:43:03.086 CET | INFO     | Line   48 (run_experiment_gl.py): creating model with number of node features: 7
2026-02-03 23:43:03.100 CET | INFO     | Line   51 (run_experiment_gl.py): ##################### staring training
2026-02-03 23:43:03.104 CET | INFO     | Line   53 (run_experiment_gl.py): setting up the logical constrains
2026-02-03 23:43:03.243 CET | DEBUG    | Line   90 (gl_ocgin.py): Epoch 000 | Loss 0.000731
2026-02-03 23:43:03.470 CET | DEBUG    | Line   90 (gl_ocgin.py): Epoch 010 | Loss 0.000241
2026-02-03 23:43:03.694 CET | DEBUG    | Line   90 (gl_ocgin.py): Epoch 020 | Loss 0.000208
2026-02-03 23:43:03.900 CET | DEBUG    | Line   90 (gl_ocgin.py): Epoch 030 | Loss 0.000202
2026-02-03 23:43:04.077 CET | DEBUG    | Line   90 (gl_ocgin.py): Epoch 040 | Loss 0.000193
2026-02-03 23:43:04.232 CET | INFO     | Line   65 (run_experiment_gl.py): ##################### computing scores
2026-02-03 23:43:04.275 CET | INFO     | Line   69 (run_experiment_gl.py): computed decision boundary on anomaly scores as 95% quantile:
2026-02-03 23:43:04.279 CET | INFO     | Line   72 (run_experiment_gl.py): tensor(0.0001)
2026-02-03 23:43:04.283 CET | INFO     | Line   75 (run_experiment_gl.py): Test anomaly scores:
2026-02-03 23:43:04.289 CET | INFO     | Line   76 (run_experiment_gl.py): tensor([6.0536e-05, 9.3639e-05, 5.7647e-05, 5.4559e-05, 6.4488e-05, 1.3708e-04,
        7.0292e-05, 6.9879e-05, 5.2076e-05, 5.6552e-05])
2026-02-03 23:43:04.295 CET | INFO     | Line   78 (run_experiment_gl.py): ##################### test rate: 
2026-02-03 23:43:04.310 CET | INFO     | Line   88 (run_experiment_gl.py): 0.6376811594202898
2026-02-03 23:43:04.312 CET | INFO     | Line   89 (run_experiment_gl.py): right classified: 88 out of 138
2026-02-03 23:43:04.327 CET | INFO     | Line   28 (run_experiment_gl.py): ##################### Loading config parameters
2026-02-03 23:43:04.330 CET | INFO     | Line   20 (logging_utils.py): Config parameters:
2026-02-03 23:43:04.332 CET | INFO     | Line   21 (logging_utils.py): 
2026-02-03 23:43:04.334 CET | INFO     | Line   27 (logging_utils.py): hidden_dim: 64
2026-02-03 23:43:04.336 CET | INFO     | Line   27 (logging_utils.py): num_layers: 5
2026-02-03 23:43:04.338 CET | INFO     | Line   27 (logging_utils.py): device: cpu
2026-02-03 23:43:04.340 CET | INFO     | Line   27 (logging_utils.py): lr: 0.001
2026-02-03 23:43:04.343 CET | INFO     | Line   27 (logging_utils.py): epochs: 50
2026-02-03 23:43:04.345 CET | INFO     | Line   27 (logging_utils.py): batch_size: 32
2026-02-03 23:43:04.350 CET | INFO     | Line   27 (logging_utils.py): dataset: MUTAG
2026-02-03 23:43:04.354 CET | INFO     | Line   27 (logging_utils.py): is_logical: True
2026-02-03 23:43:04.357 CET | INFO     | Line   27 (logging_utils.py): constrains_filepath: constrains/data/MUTAG_auto_generated_3_101_102.json
2026-02-03 23:43:04.359 CET | INFO     | Line   25 (logging_utils.py): constrains_handler: GLRuleBasedHandler
2026-02-03 23:43:04.361 CET | INFO     | Line   27 (logging_utils.py): l_factor: 0.001
2026-02-03 23:43:04.366 CET | INFO     | Line   27 (logging_utils.py): save_logs: True
2026-02-03 23:43:04.370 CET | INFO     | Line   29 (logging_utils.py): 
2026-02-03 23:43:04.373 CET | INFO     | Line   30 (logging_utils.py): Training on model: GraphOCGINLossConstrains
2026-02-03 23:43:04.375 CET | INFO     | Line   31 (logging_utils.py): 
2026-02-03 23:43:04.378 CET | INFO     | Line   41 (run_experiment_gl.py): ##################### Loading data
2026-02-03 23:43:04.421 CET | INFO     | Line   45 (run_experiment_gl.py): ##################### creating model
2026-02-03 23:43:04.425 CET | INFO     | Line   48 (run_experiment_gl.py): creating model with number of node features: 7
2026-02-03 23:43:04.439 CET | INFO     | Line   51 (run_experiment_gl.py): ##################### staring training
2026-02-03 23:43:04.443 CET | INFO     | Line   53 (run_experiment_gl.py): setting up the logical constrains
2026-02-03 23:43:04.542 CET | DEBUG    | Line   90 (gl_ocgin.py): Epoch 000 | Loss 0.000379
2026-02-03 23:43:04.769 CET | DEBUG    | Line   90 (gl_ocgin.py): Epoch 010 | Loss 0.000052
2026-02-03 23:43:04.953 CET | DEBUG    | Line   90 (gl_ocgin.py): Epoch 020 | Loss 0.000041
2026-02-03 23:43:05.132 CET | DEBUG    | Line   90 (gl_ocgin.py): Epoch 030 | Loss 0.000039
2026-02-03 23:43:05.357 CET | DEBUG    | Line   90 (gl_ocgin.py): Epoch 040 | Loss 0.000038
2026-02-03 23:43:05.570 CET | INFO     | Line   65 (run_experiment_gl.py): ##################### computing scores
2026-02-03 23:43:05.715 CET | INFO     | Line   69 (run_experiment_gl.py): computed decision boundary on anomaly scores as 95% quantile:
2026-02-03 23:43:05.719 CET | INFO     | Line   72 (run_experiment_gl.py): tensor(1.9636e-05)
2026-02-03 23:43:05.724 CET | INFO     | Line   75 (run_experiment_gl.py): Test anomaly scores:
2026-02-03 23:43:05.727 CET | INFO     | Line   76 (run_experiment_gl.py): tensor([1.1333e-05, 3.1682e-05, 3.3086e-05, 2.3685e-05, 1.2625e-05, 1.2967e-05,
        1.2641e-05, 1.6685e-05, 1.2385e-05, 1.5997e-05])
2026-02-03 23:43:05.732 CET | INFO     | Line   78 (run_experiment_gl.py): ##################### test rate: 
2026-02-03 23:43:05.758 CET | INFO     | Line   88 (run_experiment_gl.py): 0.6811594202898551
2026-02-03 23:43:05.763 CET | INFO     | Line   89 (run_experiment_gl.py): right classified: 94 out of 138
2026-02-03 23:43:05.798 CET | INFO     | Line   28 (run_experiment_gl.py): ##################### Loading config parameters
2026-02-03 23:43:05.802 CET | INFO     | Line   20 (logging_utils.py): Config parameters:
2026-02-03 23:43:05.806 CET | INFO     | Line   21 (logging_utils.py): 
2026-02-03 23:43:05.810 CET | INFO     | Line   27 (logging_utils.py): hidden_dim: 128
2026-02-03 23:43:05.813 CET | INFO     | Line   27 (logging_utils.py): num_layers: 2
2026-02-03 23:43:05.817 CET | INFO     | Line   27 (logging_utils.py): device: cpu
2026-02-03 23:43:05.821 CET | INFO     | Line   27 (logging_utils.py): lr: 0.001
2026-02-03 23:43:05.826 CET | INFO     | Line   27 (logging_utils.py): epochs: 50
2026-02-03 23:43:05.830 CET | INFO     | Line   27 (logging_utils.py): batch_size: 32
2026-02-03 23:43:05.834 CET | INFO     | Line   27 (logging_utils.py): dataset: MUTAG
2026-02-03 23:43:05.838 CET | INFO     | Line   27 (logging_utils.py): is_logical: False
2026-02-03 23:43:05.842 CET | INFO     | Line   27 (logging_utils.py): constrains_filepath: constrains/data/MUTAG_auto_generated_2_101_102.json
2026-02-03 23:43:05.846 CET | INFO     | Line   25 (logging_utils.py): constrains_handler: GLRuleBasedHandler
2026-02-03 23:43:05.854 CET | INFO     | Line   27 (logging_utils.py): l_factor: 0.1
2026-02-03 23:43:05.861 CET | INFO     | Line   27 (logging_utils.py): save_logs: True
2026-02-03 23:43:05.867 CET | INFO     | Line   29 (logging_utils.py): 
2026-02-03 23:43:05.873 CET | INFO     | Line   30 (logging_utils.py): Training on model: GraphOCGIN
2026-02-03 23:43:05.877 CET | INFO     | Line   31 (logging_utils.py): 
2026-02-03 23:43:05.882 CET | INFO     | Line   41 (run_experiment_gl.py): ##################### Loading data
2026-02-03 23:43:05.936 CET | INFO     | Line   45 (run_experiment_gl.py): ##################### creating model
2026-02-03 23:43:05.942 CET | INFO     | Line   48 (run_experiment_gl.py): creating model with number of node features: 7
2026-02-03 23:43:05.952 CET | INFO     | Line   51 (run_experiment_gl.py): ##################### staring training
2026-02-03 23:43:05.992 CET | DEBUG    | Line   85 (graph_level_ocgin.py): Epoch 000 | Loss 0.045783
2026-02-03 23:43:06.024 CET | DEBUG    | Line   85 (graph_level_ocgin.py): Epoch 001 | Loss 0.037921
2026-02-03 23:43:06.062 CET | DEBUG    | Line   85 (graph_level_ocgin.py): Epoch 002 | Loss 0.030239
2026-02-03 23:43:06.090 CET | DEBUG    | Line   85 (graph_level_ocgin.py): Epoch 003 | Loss 0.021235
2026-02-03 23:43:06.130 CET | DEBUG    | Line   85 (graph_level_ocgin.py): Epoch 004 | Loss 0.016510
2026-02-03 23:43:06.170 CET | DEBUG    | Line   85 (graph_level_ocgin.py): Epoch 005 | Loss 0.011861
2026-02-03 23:43:06.200 CET | DEBUG    | Line   85 (graph_level_ocgin.py): Epoch 006 | Loss 0.011754
2026-02-03 23:43:06.230 CET | DEBUG    | Line   85 (graph_level_ocgin.py): Epoch 007 | Loss 0.009776
2026-02-03 23:43:06.259 CET | DEBUG    | Line   85 (graph_level_ocgin.py): Epoch 008 | Loss 0.007727
2026-02-03 23:43:06.282 CET | DEBUG    | Line   85 (graph_level_ocgin.py): Epoch 009 | Loss 0.008344
2026-02-03 23:43:06.312 CET | DEBUG    | Line   85 (graph_level_ocgin.py): Epoch 010 | Loss 0.006421
2026-02-03 23:43:06.349 CET | DEBUG    | Line   85 (graph_level_ocgin.py): Epoch 011 | Loss 0.005689
2026-02-03 23:43:06.374 CET | DEBUG    | Line   85 (graph_level_ocgin.py): Epoch 012 | Loss 0.005769
2026-02-03 23:43:06.395 CET | DEBUG    | Line   85 (graph_level_ocgin.py): Epoch 013 | Loss 0.004847
2026-02-03 23:43:06.418 CET | DEBUG    | Line   85 (graph_level_ocgin.py): Epoch 014 | Loss 0.004631
2026-02-03 23:43:06.438 CET | DEBUG    | Line   85 (graph_level_ocgin.py): Epoch 015 | Loss 0.004133
2026-02-03 23:43:06.459 CET | DEBUG    | Line   85 (graph_level_ocgin.py): Epoch 016 | Loss 0.003862
2026-02-03 23:43:06.479 CET | DEBUG    | Line   85 (graph_level_ocgin.py): Epoch 017 | Loss 0.003782
2026-02-03 23:43:06.503 CET | DEBUG    | Line   85 (graph_level_ocgin.py): Epoch 018 | Loss 0.003470
2026-02-03 23:43:06.525 CET | DEBUG    | Line   85 (graph_level_ocgin.py): Epoch 019 | Loss 0.003263
2026-02-03 23:43:06.545 CET | DEBUG    | Line   85 (graph_level_ocgin.py): Epoch 020 | Loss 0.003114
2026-02-03 23:43:06.566 CET | DEBUG    | Line   85 (graph_level_ocgin.py): Epoch 021 | Loss 0.003037
2026-02-03 23:43:06.587 CET | DEBUG    | Line   85 (graph_level_ocgin.py): Epoch 022 | Loss 0.002828
2026-02-03 23:43:06.607 CET | DEBUG    | Line   85 (graph_level_ocgin.py): Epoch 023 | Loss 0.002706
2026-02-03 23:43:06.627 CET | DEBUG    | Line   85 (graph_level_ocgin.py): Epoch 024 | Loss 0.002750
2026-02-03 23:43:06.647 CET | DEBUG    | Line   85 (graph_level_ocgin.py): Epoch 025 | Loss 0.002506
2026-02-03 23:43:06.665 CET | DEBUG    | Line   85 (graph_level_ocgin.py): Epoch 026 | Loss 0.002459
2026-02-03 23:43:06.687 CET | DEBUG    | Line   85 (graph_level_ocgin.py): Epoch 027 | Loss 0.002286
2026-02-03 23:43:06.708 CET | DEBUG    | Line   85 (graph_level_ocgin.py): Epoch 028 | Loss 0.002152
2026-02-03 23:43:06.731 CET | DEBUG    | Line   85 (graph_level_ocgin.py): Epoch 029 | Loss 0.002188
2026-02-03 23:43:06.752 CET | DEBUG    | Line   85 (graph_level_ocgin.py): Epoch 030 | Loss 0.002096
2026-02-03 23:43:06.773 CET | DEBUG    | Line   85 (graph_level_ocgin.py): Epoch 031 | Loss 0.002110
2026-02-03 23:43:06.796 CET | DEBUG    | Line   85 (graph_level_ocgin.py): Epoch 032 | Loss 0.001997
2026-02-03 23:43:06.836 CET | DEBUG    | Line   85 (graph_level_ocgin.py): Epoch 033 | Loss 0.001897
2026-02-03 23:43:06.858 CET | DEBUG    | Line   85 (graph_level_ocgin.py): Epoch 034 | Loss 0.001961
2026-02-03 23:43:06.874 CET | DEBUG    | Line   85 (graph_level_ocgin.py): Epoch 035 | Loss 0.001875
2026-02-03 23:43:06.900 CET | DEBUG    | Line   85 (graph_level_ocgin.py): Epoch 036 | Loss 0.001855
2026-02-03 23:43:06.921 CET | DEBUG    | Line   85 (graph_level_ocgin.py): Epoch 037 | Loss 0.001804
2026-02-03 23:43:06.943 CET | DEBUG    | Line   85 (graph_level_ocgin.py): Epoch 038 | Loss 0.001727
2026-02-03 23:43:06.961 CET | DEBUG    | Line   85 (graph_level_ocgin.py): Epoch 039 | Loss 0.001753
2026-02-03 23:43:06.981 CET | DEBUG    | Line   85 (graph_level_ocgin.py): Epoch 040 | Loss 0.001722
2026-02-03 23:43:07.000 CET | DEBUG    | Line   85 (graph_level_ocgin.py): Epoch 041 | Loss 0.001686
2026-02-03 23:43:07.021 CET | DEBUG    | Line   85 (graph_level_ocgin.py): Epoch 042 | Loss 0.001599
2026-02-03 23:43:07.045 CET | DEBUG    | Line   85 (graph_level_ocgin.py): Epoch 043 | Loss 0.001646
2026-02-03 23:43:07.061 CET | DEBUG    | Line   85 (graph_level_ocgin.py): Epoch 044 | Loss 0.001647
2026-02-03 23:43:07.082 CET | DEBUG    | Line   85 (graph_level_ocgin.py): Epoch 045 | Loss 0.001547
2026-02-03 23:43:07.101 CET | DEBUG    | Line   85 (graph_level_ocgin.py): Epoch 046 | Loss 0.001574
2026-02-03 23:43:07.122 CET | DEBUG    | Line   85 (graph_level_ocgin.py): Epoch 047 | Loss 0.001525
2026-02-03 23:43:07.144 CET | DEBUG    | Line   85 (graph_level_ocgin.py): Epoch 048 | Loss 0.001515
2026-02-03 23:43:07.160 CET | DEBUG    | Line   85 (graph_level_ocgin.py): Epoch 049 | Loss 0.001579
2026-02-03 23:43:07.165 CET | INFO     | Line   65 (run_experiment_gl.py): ##################### computing scores
2026-02-03 23:43:07.204 CET | INFO     | Line   69 (run_experiment_gl.py): computed decision boundary on anomaly scores as 95% quantile:
2026-02-03 23:43:07.207 CET | INFO     | Line   72 (run_experiment_gl.py): tensor(0.0023)
2026-02-03 23:43:07.210 CET | INFO     | Line   75 (run_experiment_gl.py): Test anomaly scores:
2026-02-03 23:43:07.213 CET | INFO     | Line   76 (run_experiment_gl.py): tensor([0.0012, 0.0023, 0.0011, 0.0011, 0.0014, 0.0011, 0.0012, 0.0012, 0.0012,
        0.0024])
2026-02-03 23:43:07.215 CET | INFO     | Line   78 (run_experiment_gl.py): ##################### test rate: 
2026-02-03 23:43:07.232 CET | INFO     | Line   88 (run_experiment_gl.py): 0.7028985507246377
2026-02-03 23:43:07.234 CET | INFO     | Line   89 (run_experiment_gl.py): right classified: 97 out of 138
2026-02-03 23:43:07.249 CET | INFO     | Line   28 (run_experiment_gl.py): ##################### Loading config parameters
2026-02-03 23:43:07.253 CET | INFO     | Line   20 (logging_utils.py): Config parameters:
2026-02-03 23:43:07.256 CET | INFO     | Line   21 (logging_utils.py): 
2026-02-03 23:43:07.258 CET | INFO     | Line   27 (logging_utils.py): hidden_dim: 128
2026-02-03 23:43:07.264 CET | INFO     | Line   27 (logging_utils.py): num_layers: 2
2026-02-03 23:43:07.267 CET | INFO     | Line   27 (logging_utils.py): device: cpu
2026-02-03 23:43:07.269 CET | INFO     | Line   27 (logging_utils.py): lr: 0.001
2026-02-03 23:43:07.272 CET | INFO     | Line   27 (logging_utils.py): epochs: 50
2026-02-03 23:43:07.274 CET | INFO     | Line   27 (logging_utils.py): batch_size: 32
2026-02-03 23:43:07.276 CET | INFO     | Line   27 (logging_utils.py): dataset: MUTAG
2026-02-03 23:43:07.279 CET | INFO     | Line   27 (logging_utils.py): is_logical: True
2026-02-03 23:43:07.284 CET | INFO     | Line   27 (logging_utils.py): constrains_filepath: constrains/data/MUTAG_auto_generated_2_101_102.json
2026-02-03 23:43:07.288 CET | INFO     | Line   25 (logging_utils.py): constrains_handler: GLRuleBasedHandler
2026-02-03 23:43:07.290 CET | INFO     | Line   27 (logging_utils.py): l_factor: 0.1
2026-02-03 23:43:07.295 CET | INFO     | Line   27 (logging_utils.py): save_logs: True
2026-02-03 23:43:07.297 CET | INFO     | Line   29 (logging_utils.py): 
2026-02-03 23:43:07.300 CET | INFO     | Line   30 (logging_utils.py): Training on model: GraphOCGINLossConstrains
2026-02-03 23:43:07.302 CET | INFO     | Line   31 (logging_utils.py): 
2026-02-03 23:43:07.305 CET | INFO     | Line   41 (run_experiment_gl.py): ##################### Loading data
2026-02-03 23:43:07.348 CET | INFO     | Line   45 (run_experiment_gl.py): ##################### creating model
2026-02-03 23:43:07.352 CET | INFO     | Line   48 (run_experiment_gl.py): creating model with number of node features: 7
2026-02-03 23:43:07.362 CET | INFO     | Line   51 (run_experiment_gl.py): ##################### staring training
2026-02-03 23:43:07.365 CET | INFO     | Line   53 (run_experiment_gl.py): setting up the logical constrains
2026-02-03 23:43:07.457 CET | DEBUG    | Line   90 (gl_ocgin.py): Epoch 000 | Loss 0.009174
2026-02-03 23:43:07.678 CET | DEBUG    | Line   90 (gl_ocgin.py): Epoch 010 | Loss 0.003472
2026-02-03 23:43:07.835 CET | DEBUG    | Line   90 (gl_ocgin.py): Epoch 020 | Loss 0.003019
2026-02-03 23:43:07.987 CET | DEBUG    | Line   90 (gl_ocgin.py): Epoch 030 | Loss 0.002934
2026-02-03 23:43:08.148 CET | DEBUG    | Line   90 (gl_ocgin.py): Epoch 040 | Loss 0.002899
2026-02-03 23:43:08.328 CET | INFO     | Line   65 (run_experiment_gl.py): ##################### computing scores
2026-02-03 23:43:08.370 CET | INFO     | Line   69 (run_experiment_gl.py): computed decision boundary on anomaly scores as 95% quantile:
2026-02-03 23:43:08.374 CET | INFO     | Line   72 (run_experiment_gl.py): tensor(0.0018)
2026-02-03 23:43:08.377 CET | INFO     | Line   75 (run_experiment_gl.py): Test anomaly scores:
2026-02-03 23:43:08.380 CET | INFO     | Line   76 (run_experiment_gl.py): tensor([0.0026, 0.0008, 0.0005, 0.0012, 0.0039, 0.0004, 0.0009, 0.0005, 0.0039,
        0.0010])
2026-02-03 23:43:08.384 CET | INFO     | Line   78 (run_experiment_gl.py): ##################### test rate: 
2026-02-03 23:43:08.404 CET | INFO     | Line   88 (run_experiment_gl.py): 0.7463768115942029
2026-02-03 23:43:08.410 CET | INFO     | Line   89 (run_experiment_gl.py): right classified: 103 out of 138
2026-02-03 23:43:08.430 CET | INFO     | Line   28 (run_experiment_gl.py): ##################### Loading config parameters
2026-02-03 23:43:08.432 CET | INFO     | Line   20 (logging_utils.py): Config parameters:
2026-02-03 23:43:08.435 CET | INFO     | Line   21 (logging_utils.py): 
2026-02-03 23:43:08.438 CET | INFO     | Line   27 (logging_utils.py): hidden_dim: 128
2026-02-03 23:43:08.441 CET | INFO     | Line   27 (logging_utils.py): num_layers: 2
2026-02-03 23:43:08.444 CET | INFO     | Line   27 (logging_utils.py): device: cpu
2026-02-03 23:43:08.449 CET | INFO     | Line   27 (logging_utils.py): lr: 0.001
2026-02-03 23:43:08.453 CET | INFO     | Line   27 (logging_utils.py): epochs: 50
2026-02-03 23:43:08.458 CET | INFO     | Line   27 (logging_utils.py): batch_size: 32
2026-02-03 23:43:08.463 CET | INFO     | Line   27 (logging_utils.py): dataset: MUTAG
2026-02-03 23:43:08.467 CET | INFO     | Line   27 (logging_utils.py): is_logical: True
2026-02-03 23:43:08.472 CET | INFO     | Line   27 (logging_utils.py): constrains_filepath: constrains/data/MUTAG_auto_generated_2_101_102.json
2026-02-03 23:43:08.475 CET | INFO     | Line   25 (logging_utils.py): constrains_handler: GLRuleBasedHandler
2026-02-03 23:43:08.481 CET | INFO     | Line   27 (logging_utils.py): l_factor: 0.01
2026-02-03 23:43:08.485 CET | INFO     | Line   27 (logging_utils.py): save_logs: True
2026-02-03 23:43:08.489 CET | INFO     | Line   29 (logging_utils.py): 
2026-02-03 23:43:08.491 CET | INFO     | Line   30 (logging_utils.py): Training on model: GraphOCGINLossConstrains
2026-02-03 23:43:08.496 CET | INFO     | Line   31 (logging_utils.py): 
2026-02-03 23:43:08.498 CET | INFO     | Line   41 (run_experiment_gl.py): ##################### Loading data
2026-02-03 23:43:08.541 CET | INFO     | Line   45 (run_experiment_gl.py): ##################### creating model
2026-02-03 23:43:08.544 CET | INFO     | Line   48 (run_experiment_gl.py): creating model with number of node features: 7
2026-02-03 23:43:08.549 CET | INFO     | Line   51 (run_experiment_gl.py): ##################### staring training
2026-02-03 23:43:08.553 CET | INFO     | Line   53 (run_experiment_gl.py): setting up the logical constrains
2026-02-03 23:43:08.636 CET | DEBUG    | Line   90 (gl_ocgin.py): Epoch 000 | Loss 0.012024
2026-02-03 23:43:08.781 CET | DEBUG    | Line   90 (gl_ocgin.py): Epoch 010 | Loss 0.001798
2026-02-03 23:43:08.935 CET | DEBUG    | Line   90 (gl_ocgin.py): Epoch 020 | Loss 0.000969
2026-02-03 23:43:09.079 CET | DEBUG    | Line   90 (gl_ocgin.py): Epoch 030 | Loss 0.000745
2026-02-03 23:43:09.215 CET | DEBUG    | Line   90 (gl_ocgin.py): Epoch 040 | Loss 0.000648
2026-02-03 23:43:09.337 CET | INFO     | Line   65 (run_experiment_gl.py): ##################### computing scores
2026-02-03 23:43:09.373 CET | INFO     | Line   69 (run_experiment_gl.py): computed decision boundary on anomaly scores as 95% quantile:
2026-02-03 23:43:09.378 CET | INFO     | Line   72 (run_experiment_gl.py): tensor(0.0064)
2026-02-03 23:43:09.381 CET | INFO     | Line   75 (run_experiment_gl.py): Test anomaly scores:
2026-02-03 23:43:09.384 CET | INFO     | Line   76 (run_experiment_gl.py): tensor([0.0038, 0.0055, 0.0023, 0.0039, 0.0017, 0.0070, 0.0046, 0.0023, 0.0104,
        0.0017])
2026-02-03 23:43:09.387 CET | INFO     | Line   78 (run_experiment_gl.py): ##################### test rate: 
2026-02-03 23:43:09.406 CET | INFO     | Line   88 (run_experiment_gl.py): 0.7463768115942029
2026-02-03 23:43:09.409 CET | INFO     | Line   89 (run_experiment_gl.py): right classified: 103 out of 138
2026-02-03 23:43:09.420 CET | INFO     | Line   28 (run_experiment_gl.py): ##################### Loading config parameters
2026-02-03 23:43:09.423 CET | INFO     | Line   20 (logging_utils.py): Config parameters:
2026-02-03 23:43:09.427 CET | INFO     | Line   21 (logging_utils.py): 
2026-02-03 23:43:09.431 CET | INFO     | Line   27 (logging_utils.py): hidden_dim: 128
2026-02-03 23:43:09.434 CET | INFO     | Line   27 (logging_utils.py): num_layers: 2
2026-02-03 23:43:09.436 CET | INFO     | Line   27 (logging_utils.py): device: cpu
2026-02-03 23:43:09.438 CET | INFO     | Line   27 (logging_utils.py): lr: 0.001
2026-02-03 23:43:09.440 CET | INFO     | Line   27 (logging_utils.py): epochs: 50
2026-02-03 23:43:09.443 CET | INFO     | Line   27 (logging_utils.py): batch_size: 32
2026-02-03 23:43:09.448 CET | INFO     | Line   27 (logging_utils.py): dataset: MUTAG
2026-02-03 23:43:09.452 CET | INFO     | Line   27 (logging_utils.py): is_logical: True
2026-02-03 23:43:09.456 CET | INFO     | Line   27 (logging_utils.py): constrains_filepath: constrains/data/MUTAG_auto_generated_2_101_102.json
2026-02-03 23:43:09.458 CET | INFO     | Line   25 (logging_utils.py): constrains_handler: GLRuleBasedHandler
2026-02-03 23:43:09.461 CET | INFO     | Line   27 (logging_utils.py): l_factor: 0.005
2026-02-03 23:43:09.465 CET | INFO     | Line   27 (logging_utils.py): save_logs: True
2026-02-03 23:43:09.467 CET | INFO     | Line   29 (logging_utils.py): 
2026-02-03 23:43:09.470 CET | INFO     | Line   30 (logging_utils.py): Training on model: GraphOCGINLossConstrains
2026-02-03 23:43:09.473 CET | INFO     | Line   31 (logging_utils.py): 
2026-02-03 23:43:09.476 CET | INFO     | Line   41 (run_experiment_gl.py): ##################### Loading data
2026-02-03 23:43:09.523 CET | INFO     | Line   45 (run_experiment_gl.py): ##################### creating model
2026-02-03 23:43:09.525 CET | INFO     | Line   48 (run_experiment_gl.py): creating model with number of node features: 7
2026-02-03 23:43:09.530 CET | INFO     | Line   51 (run_experiment_gl.py): ##################### staring training
2026-02-03 23:43:09.535 CET | INFO     | Line   53 (run_experiment_gl.py): setting up the logical constrains
2026-02-03 23:43:09.624 CET | DEBUG    | Line   90 (gl_ocgin.py): Epoch 000 | Loss 0.004961
2026-02-03 23:43:09.787 CET | DEBUG    | Line   90 (gl_ocgin.py): Epoch 010 | Loss 0.000793
2026-02-03 23:43:09.962 CET | DEBUG    | Line   90 (gl_ocgin.py): Epoch 020 | Loss 0.000363
2026-02-03 23:43:10.127 CET | DEBUG    | Line   90 (gl_ocgin.py): Epoch 030 | Loss 0.000280
2026-02-03 23:43:10.301 CET | DEBUG    | Line   90 (gl_ocgin.py): Epoch 040 | Loss 0.000249
2026-02-03 23:43:10.433 CET | INFO     | Line   65 (run_experiment_gl.py): ##################### computing scores
2026-02-03 23:43:10.475 CET | INFO     | Line   69 (run_experiment_gl.py): computed decision boundary on anomaly scores as 95% quantile:
2026-02-03 23:43:10.480 CET | INFO     | Line   72 (run_experiment_gl.py): tensor(0.0019)
2026-02-03 23:43:10.484 CET | INFO     | Line   75 (run_experiment_gl.py): Test anomaly scores:
2026-02-03 23:43:10.489 CET | INFO     | Line   76 (run_experiment_gl.py): tensor([0.0004, 0.0014, 0.0003, 0.0018, 0.0007, 0.0003, 0.0003, 0.0006, 0.0006,
        0.0019])
2026-02-03 23:43:10.494 CET | INFO     | Line   78 (run_experiment_gl.py): ##################### test rate: 
2026-02-03 23:43:10.513 CET | INFO     | Line   88 (run_experiment_gl.py): 0.7608695652173914
2026-02-03 23:43:10.517 CET | INFO     | Line   89 (run_experiment_gl.py): right classified: 105 out of 138
2026-02-03 23:43:10.540 CET | INFO     | Line   28 (run_experiment_gl.py): ##################### Loading config parameters
2026-02-03 23:43:10.545 CET | INFO     | Line   20 (logging_utils.py): Config parameters:
2026-02-03 23:43:10.549 CET | INFO     | Line   21 (logging_utils.py): 
2026-02-03 23:43:10.554 CET | INFO     | Line   27 (logging_utils.py): hidden_dim: 128
2026-02-03 23:43:10.557 CET | INFO     | Line   27 (logging_utils.py): num_layers: 2
2026-02-03 23:43:10.563 CET | INFO     | Line   27 (logging_utils.py): device: cpu
2026-02-03 23:43:10.567 CET | INFO     | Line   27 (logging_utils.py): lr: 0.001
2026-02-03 23:43:10.571 CET | INFO     | Line   27 (logging_utils.py): epochs: 50
2026-02-03 23:43:10.574 CET | INFO     | Line   27 (logging_utils.py): batch_size: 32
2026-02-03 23:43:10.580 CET | INFO     | Line   27 (logging_utils.py): dataset: MUTAG
2026-02-03 23:43:10.584 CET | INFO     | Line   27 (logging_utils.py): is_logical: True
2026-02-03 23:43:10.588 CET | INFO     | Line   27 (logging_utils.py): constrains_filepath: constrains/data/MUTAG_auto_generated_2_101_102.json
2026-02-03 23:43:10.592 CET | INFO     | Line   25 (logging_utils.py): constrains_handler: GLRuleBasedHandler
2026-02-03 23:43:10.597 CET | INFO     | Line   27 (logging_utils.py): l_factor: 0.001
2026-02-03 23:43:10.602 CET | INFO     | Line   27 (logging_utils.py): save_logs: True
2026-02-03 23:43:10.605 CET | INFO     | Line   29 (logging_utils.py): 
2026-02-03 23:43:10.609 CET | INFO     | Line   30 (logging_utils.py): Training on model: GraphOCGINLossConstrains
2026-02-03 23:43:10.614 CET | INFO     | Line   31 (logging_utils.py): 
2026-02-03 23:43:10.619 CET | INFO     | Line   41 (run_experiment_gl.py): ##################### Loading data
2026-02-03 23:43:10.672 CET | INFO     | Line   45 (run_experiment_gl.py): ##################### creating model
2026-02-03 23:43:10.676 CET | INFO     | Line   48 (run_experiment_gl.py): creating model with number of node features: 7
2026-02-03 23:43:10.685 CET | INFO     | Line   51 (run_experiment_gl.py): ##################### staring training
2026-02-03 23:43:10.688 CET | INFO     | Line   53 (run_experiment_gl.py): setting up the logical constrains
2026-02-03 23:43:10.838 CET | DEBUG    | Line   90 (gl_ocgin.py): Epoch 000 | Loss 0.006429
2026-02-03 23:43:11.149 CET | DEBUG    | Line   90 (gl_ocgin.py): Epoch 010 | Loss 0.000957
2026-02-03 23:43:11.326 CET | DEBUG    | Line   90 (gl_ocgin.py): Epoch 020 | Loss 0.000468
2026-02-03 23:43:11.514 CET | DEBUG    | Line   90 (gl_ocgin.py): Epoch 030 | Loss 0.000348
2026-02-03 23:43:11.677 CET | DEBUG    | Line   90 (gl_ocgin.py): Epoch 040 | Loss 0.000307
2026-02-03 23:43:11.842 CET | INFO     | Line   65 (run_experiment_gl.py): ##################### computing scores
2026-02-03 23:43:11.883 CET | INFO     | Line   69 (run_experiment_gl.py): computed decision boundary on anomaly scores as 95% quantile:
2026-02-03 23:43:11.887 CET | INFO     | Line   72 (run_experiment_gl.py): tensor(0.0036)
2026-02-03 23:43:11.892 CET | INFO     | Line   75 (run_experiment_gl.py): Test anomaly scores:
2026-02-03 23:43:11.899 CET | INFO     | Line   76 (run_experiment_gl.py): tensor([0.0070, 0.0051, 0.0018, 0.0040, 0.0021, 0.0020, 0.0029, 0.0024, 0.0034,
        0.0030])
2026-02-03 23:43:11.904 CET | INFO     | Line   78 (run_experiment_gl.py): ##################### test rate: 
2026-02-03 23:43:11.924 CET | INFO     | Line   88 (run_experiment_gl.py): 0.8043478260869565
2026-02-03 23:43:11.927 CET | INFO     | Line   89 (run_experiment_gl.py): right classified: 111 out of 138
2026-02-03 23:43:11.945 CET | INFO     | Line   28 (run_experiment_gl.py): ##################### Loading config parameters
2026-02-03 23:43:11.950 CET | INFO     | Line   20 (logging_utils.py): Config parameters:
2026-02-03 23:43:11.952 CET | INFO     | Line   21 (logging_utils.py): 
2026-02-03 23:43:11.956 CET | INFO     | Line   27 (logging_utils.py): hidden_dim: 128
2026-02-03 23:43:11.959 CET | INFO     | Line   27 (logging_utils.py): num_layers: 2
2026-02-03 23:43:11.963 CET | INFO     | Line   27 (logging_utils.py): device: cpu
2026-02-03 23:43:11.968 CET | INFO     | Line   27 (logging_utils.py): lr: 0.001
2026-02-03 23:43:11.972 CET | INFO     | Line   27 (logging_utils.py): epochs: 50
2026-02-03 23:43:11.974 CET | INFO     | Line   27 (logging_utils.py): batch_size: 32
2026-02-03 23:43:11.978 CET | INFO     | Line   27 (logging_utils.py): dataset: MUTAG
2026-02-03 23:43:11.984 CET | INFO     | Line   27 (logging_utils.py): is_logical: True
2026-02-03 23:43:11.989 CET | INFO     | Line   27 (logging_utils.py): constrains_filepath: constrains/data/MUTAG_auto_generated_3_101_102.json
2026-02-03 23:43:11.993 CET | INFO     | Line   25 (logging_utils.py): constrains_handler: GLRuleBasedHandler
2026-02-03 23:43:12.001 CET | INFO     | Line   27 (logging_utils.py): l_factor: 0.1
2026-02-03 23:43:12.009 CET | INFO     | Line   27 (logging_utils.py): save_logs: True
2026-02-03 23:43:12.014 CET | INFO     | Line   29 (logging_utils.py): 
2026-02-03 23:43:12.019 CET | INFO     | Line   30 (logging_utils.py): Training on model: GraphOCGINLossConstrains
2026-02-03 23:43:12.023 CET | INFO     | Line   31 (logging_utils.py): 
2026-02-03 23:43:12.028 CET | INFO     | Line   41 (run_experiment_gl.py): ##################### Loading data
2026-02-03 23:43:12.086 CET | INFO     | Line   45 (run_experiment_gl.py): ##################### creating model
2026-02-03 23:43:12.091 CET | INFO     | Line   48 (run_experiment_gl.py): creating model with number of node features: 7
2026-02-03 23:43:12.101 CET | INFO     | Line   51 (run_experiment_gl.py): ##################### staring training
2026-02-03 23:43:12.105 CET | INFO     | Line   53 (run_experiment_gl.py): setting up the logical constrains
2026-02-03 23:43:12.191 CET | DEBUG    | Line   90 (gl_ocgin.py): Epoch 000 | Loss 0.006306
2026-02-03 23:43:12.416 CET | DEBUG    | Line   90 (gl_ocgin.py): Epoch 010 | Loss 0.004099
2026-02-03 23:43:12.598 CET | DEBUG    | Line   90 (gl_ocgin.py): Epoch 020 | Loss 0.003854
2026-02-03 23:43:12.743 CET | DEBUG    | Line   90 (gl_ocgin.py): Epoch 030 | Loss 0.003808
2026-02-03 23:43:12.873 CET | DEBUG    | Line   90 (gl_ocgin.py): Epoch 040 | Loss 0.003772
2026-02-03 23:43:12.994 CET | INFO     | Line   65 (run_experiment_gl.py): ##################### computing scores
2026-02-03 23:43:13.032 CET | INFO     | Line   69 (run_experiment_gl.py): computed decision boundary on anomaly scores as 95% quantile:
2026-02-03 23:43:13.037 CET | INFO     | Line   72 (run_experiment_gl.py): tensor(0.0013)
2026-02-03 23:43:13.041 CET | INFO     | Line   75 (run_experiment_gl.py): Test anomaly scores:
2026-02-03 23:43:13.045 CET | INFO     | Line   76 (run_experiment_gl.py): tensor([0.0004, 0.0004, 0.0007, 0.0004, 0.0007, 0.0011, 0.0012, 0.0005, 0.0004,
        0.0006])
2026-02-03 23:43:13.050 CET | INFO     | Line   78 (run_experiment_gl.py): ##################### test rate: 
2026-02-03 23:43:13.074 CET | INFO     | Line   88 (run_experiment_gl.py): 0.8115942028985508
2026-02-03 23:43:13.078 CET | INFO     | Line   89 (run_experiment_gl.py): right classified: 112 out of 138
2026-02-03 23:43:13.098 CET | INFO     | Line   28 (run_experiment_gl.py): ##################### Loading config parameters
2026-02-03 23:43:13.102 CET | INFO     | Line   20 (logging_utils.py): Config parameters:
2026-02-03 23:43:13.106 CET | INFO     | Line   21 (logging_utils.py): 
2026-02-03 23:43:13.112 CET | INFO     | Line   27 (logging_utils.py): hidden_dim: 128
2026-02-03 23:43:13.116 CET | INFO     | Line   27 (logging_utils.py): num_layers: 2
2026-02-03 23:43:13.120 CET | INFO     | Line   27 (logging_utils.py): device: cpu
2026-02-03 23:43:13.124 CET | INFO     | Line   27 (logging_utils.py): lr: 0.001
2026-02-03 23:43:13.130 CET | INFO     | Line   27 (logging_utils.py): epochs: 50
2026-02-03 23:43:13.134 CET | INFO     | Line   27 (logging_utils.py): batch_size: 32
2026-02-03 23:43:13.137 CET | INFO     | Line   27 (logging_utils.py): dataset: MUTAG
2026-02-03 23:43:13.143 CET | INFO     | Line   27 (logging_utils.py): is_logical: True
2026-02-03 23:43:13.148 CET | INFO     | Line   27 (logging_utils.py): constrains_filepath: constrains/data/MUTAG_auto_generated_3_101_102.json
2026-02-03 23:43:13.152 CET | INFO     | Line   25 (logging_utils.py): constrains_handler: GLRuleBasedHandler
2026-02-03 23:43:13.154 CET | INFO     | Line   27 (logging_utils.py): l_factor: 0.01
2026-02-03 23:43:13.156 CET | INFO     | Line   27 (logging_utils.py): save_logs: True
2026-02-03 23:43:13.161 CET | INFO     | Line   29 (logging_utils.py): 
2026-02-03 23:43:13.165 CET | INFO     | Line   30 (logging_utils.py): Training on model: GraphOCGINLossConstrains
2026-02-03 23:43:13.168 CET | INFO     | Line   31 (logging_utils.py): 
2026-02-03 23:43:13.171 CET | INFO     | Line   41 (run_experiment_gl.py): ##################### Loading data
2026-02-03 23:43:13.211 CET | INFO     | Line   45 (run_experiment_gl.py): ##################### creating model
2026-02-03 23:43:13.216 CET | INFO     | Line   48 (run_experiment_gl.py): creating model with number of node features: 7
2026-02-03 23:43:13.223 CET | INFO     | Line   51 (run_experiment_gl.py): ##################### staring training
2026-02-03 23:43:13.229 CET | INFO     | Line   53 (run_experiment_gl.py): setting up the logical constrains
2026-02-03 23:43:13.345 CET | DEBUG    | Line   90 (gl_ocgin.py): Epoch 000 | Loss 0.006389
2026-02-03 23:43:13.517 CET | DEBUG    | Line   90 (gl_ocgin.py): Epoch 010 | Loss 0.001132
2026-02-03 23:43:13.659 CET | DEBUG    | Line   90 (gl_ocgin.py): Epoch 020 | Loss 0.000641
2026-02-03 23:43:13.795 CET | DEBUG    | Line   90 (gl_ocgin.py): Epoch 030 | Loss 0.000511
2026-02-03 23:43:13.929 CET | DEBUG    | Line   90 (gl_ocgin.py): Epoch 040 | Loss 0.000466
2026-02-03 23:43:14.065 CET | INFO     | Line   65 (run_experiment_gl.py): ##################### computing scores
2026-02-03 23:43:14.116 CET | INFO     | Line   69 (run_experiment_gl.py): computed decision boundary on anomaly scores as 95% quantile:
2026-02-03 23:43:14.121 CET | INFO     | Line   72 (run_experiment_gl.py): tensor(0.0018)
2026-02-03 23:43:14.126 CET | INFO     | Line   75 (run_experiment_gl.py): Test anomaly scores:
2026-02-03 23:43:14.130 CET | INFO     | Line   76 (run_experiment_gl.py): tensor([0.0006, 0.0043, 0.0006, 0.0003, 0.0012, 0.0017, 0.0009, 0.0019, 0.0015,
        0.0006])
2026-02-03 23:43:14.134 CET | INFO     | Line   78 (run_experiment_gl.py): ##################### test rate: 
2026-02-03 23:43:14.150 CET | INFO     | Line   88 (run_experiment_gl.py): 0.7971014492753623
2026-02-03 23:43:14.153 CET | INFO     | Line   89 (run_experiment_gl.py): right classified: 110 out of 138
2026-02-03 23:43:14.170 CET | INFO     | Line   28 (run_experiment_gl.py): ##################### Loading config parameters
2026-02-03 23:43:14.177 CET | INFO     | Line   20 (logging_utils.py): Config parameters:
2026-02-03 23:43:14.181 CET | INFO     | Line   21 (logging_utils.py): 
2026-02-03 23:43:14.185 CET | INFO     | Line   27 (logging_utils.py): hidden_dim: 128
2026-02-03 23:43:14.188 CET | INFO     | Line   27 (logging_utils.py): num_layers: 2
2026-02-03 23:43:14.193 CET | INFO     | Line   27 (logging_utils.py): device: cpu
2026-02-03 23:43:14.196 CET | INFO     | Line   27 (logging_utils.py): lr: 0.001
2026-02-03 23:43:14.198 CET | INFO     | Line   27 (logging_utils.py): epochs: 50
2026-02-03 23:43:14.201 CET | INFO     | Line   27 (logging_utils.py): batch_size: 32
2026-02-03 23:43:14.204 CET | INFO     | Line   27 (logging_utils.py): dataset: MUTAG
2026-02-03 23:43:14.210 CET | INFO     | Line   27 (logging_utils.py): is_logical: True
2026-02-03 23:43:14.214 CET | INFO     | Line   27 (logging_utils.py): constrains_filepath: constrains/data/MUTAG_auto_generated_3_101_102.json
2026-02-03 23:43:14.219 CET | INFO     | Line   25 (logging_utils.py): constrains_handler: GLRuleBasedHandler
2026-02-03 23:43:14.222 CET | INFO     | Line   27 (logging_utils.py): l_factor: 0.005
2026-02-03 23:43:14.228 CET | INFO     | Line   27 (logging_utils.py): save_logs: True
2026-02-03 23:43:14.232 CET | INFO     | Line   29 (logging_utils.py): 
2026-02-03 23:43:14.236 CET | INFO     | Line   30 (logging_utils.py): Training on model: GraphOCGINLossConstrains
2026-02-03 23:43:14.239 CET | INFO     | Line   31 (logging_utils.py): 
2026-02-03 23:43:14.245 CET | INFO     | Line   41 (run_experiment_gl.py): ##################### Loading data
2026-02-03 23:43:14.294 CET | INFO     | Line   45 (run_experiment_gl.py): ##################### creating model
2026-02-03 23:43:14.299 CET | INFO     | Line   48 (run_experiment_gl.py): creating model with number of node features: 7
2026-02-03 23:43:14.309 CET | INFO     | Line   51 (run_experiment_gl.py): ##################### staring training
2026-02-03 23:43:14.314 CET | INFO     | Line   53 (run_experiment_gl.py): setting up the logical constrains
2026-02-03 23:43:14.399 CET | DEBUG    | Line   90 (gl_ocgin.py): Epoch 000 | Loss 0.011580
2026-02-03 23:43:14.606 CET | DEBUG    | Line   90 (gl_ocgin.py): Epoch 010 | Loss 0.001324
2026-02-03 23:43:14.787 CET | DEBUG    | Line   90 (gl_ocgin.py): Epoch 020 | Loss 0.000548
2026-02-03 23:43:14.937 CET | DEBUG    | Line   90 (gl_ocgin.py): Epoch 030 | Loss 0.000404
2026-02-03 23:43:15.069 CET | DEBUG    | Line   90 (gl_ocgin.py): Epoch 040 | Loss 0.000343
2026-02-03 23:43:15.190 CET | INFO     | Line   65 (run_experiment_gl.py): ##################### computing scores
2026-02-03 23:43:15.231 CET | INFO     | Line   69 (run_experiment_gl.py): computed decision boundary on anomaly scores as 95% quantile:
2026-02-03 23:43:15.236 CET | INFO     | Line   72 (run_experiment_gl.py): tensor(0.0027)
2026-02-03 23:43:15.241 CET | INFO     | Line   75 (run_experiment_gl.py): Test anomaly scores:
2026-02-03 23:43:15.247 CET | INFO     | Line   76 (run_experiment_gl.py): tensor([0.0005, 0.0008, 0.0024, 0.0021, 0.0026, 0.0039, 0.0014, 0.0005, 0.0028,
        0.0020])
2026-02-03 23:43:15.252 CET | INFO     | Line   78 (run_experiment_gl.py): ##################### test rate: 
2026-02-03 23:43:15.274 CET | INFO     | Line   88 (run_experiment_gl.py): 0.7536231884057971
2026-02-03 23:43:15.278 CET | INFO     | Line   89 (run_experiment_gl.py): right classified: 104 out of 138
2026-02-03 23:43:15.299 CET | INFO     | Line   28 (run_experiment_gl.py): ##################### Loading config parameters
2026-02-03 23:43:15.303 CET | INFO     | Line   20 (logging_utils.py): Config parameters:
2026-02-03 23:43:15.308 CET | INFO     | Line   21 (logging_utils.py): 
2026-02-03 23:43:15.313 CET | INFO     | Line   27 (logging_utils.py): hidden_dim: 128
2026-02-03 23:43:15.317 CET | INFO     | Line   27 (logging_utils.py): num_layers: 2
2026-02-03 23:43:15.321 CET | INFO     | Line   27 (logging_utils.py): device: cpu
2026-02-03 23:43:15.327 CET | INFO     | Line   27 (logging_utils.py): lr: 0.001
2026-02-03 23:43:15.332 CET | INFO     | Line   27 (logging_utils.py): epochs: 50
2026-02-03 23:43:15.335 CET | INFO     | Line   27 (logging_utils.py): batch_size: 32
2026-02-03 23:43:15.341 CET | INFO     | Line   27 (logging_utils.py): dataset: MUTAG
2026-02-03 23:43:15.346 CET | INFO     | Line   27 (logging_utils.py): is_logical: True
2026-02-03 23:43:15.350 CET | INFO     | Line   27 (logging_utils.py): constrains_filepath: constrains/data/MUTAG_auto_generated_3_101_102.json
2026-02-03 23:43:15.354 CET | INFO     | Line   25 (logging_utils.py): constrains_handler: GLRuleBasedHandler
2026-02-03 23:43:15.360 CET | INFO     | Line   27 (logging_utils.py): l_factor: 0.001
2026-02-03 23:43:15.365 CET | INFO     | Line   27 (logging_utils.py): save_logs: True
2026-02-03 23:43:15.368 CET | INFO     | Line   29 (logging_utils.py): 
2026-02-03 23:43:15.373 CET | INFO     | Line   30 (logging_utils.py): Training on model: GraphOCGINLossConstrains
2026-02-03 23:43:15.379 CET | INFO     | Line   31 (logging_utils.py): 
2026-02-03 23:43:15.383 CET | INFO     | Line   41 (run_experiment_gl.py): ##################### Loading data
2026-02-03 23:43:15.431 CET | INFO     | Line   45 (run_experiment_gl.py): ##################### creating model
2026-02-03 23:43:15.436 CET | INFO     | Line   48 (run_experiment_gl.py): creating model with number of node features: 7
2026-02-03 23:43:15.447 CET | INFO     | Line   51 (run_experiment_gl.py): ##################### staring training
2026-02-03 23:43:15.451 CET | INFO     | Line   53 (run_experiment_gl.py): setting up the logical constrains
2026-02-03 23:43:15.559 CET | DEBUG    | Line   90 (gl_ocgin.py): Epoch 000 | Loss 0.005805
2026-02-03 23:43:15.765 CET | DEBUG    | Line   90 (gl_ocgin.py): Epoch 010 | Loss 0.000965
2026-02-03 23:43:15.934 CET | DEBUG    | Line   90 (gl_ocgin.py): Epoch 020 | Loss 0.000448
2026-02-03 23:43:16.103 CET | DEBUG    | Line   90 (gl_ocgin.py): Epoch 030 | Loss 0.000353
2026-02-03 23:43:16.241 CET | DEBUG    | Line   90 (gl_ocgin.py): Epoch 040 | Loss 0.000330
2026-02-03 23:43:16.358 CET | INFO     | Line   65 (run_experiment_gl.py): ##################### computing scores
2026-02-03 23:43:16.392 CET | INFO     | Line   69 (run_experiment_gl.py): computed decision boundary on anomaly scores as 95% quantile:
2026-02-03 23:43:16.397 CET | INFO     | Line   72 (run_experiment_gl.py): tensor(0.0036)
2026-02-03 23:43:16.402 CET | INFO     | Line   75 (run_experiment_gl.py): Test anomaly scores:
2026-02-03 23:43:16.408 CET | INFO     | Line   76 (run_experiment_gl.py): tensor([0.0020, 0.0029, 0.0031, 0.0019, 0.0018, 0.0018, 0.0046, 0.0018, 0.0037,
        0.0040])
2026-02-03 23:43:16.415 CET | INFO     | Line   78 (run_experiment_gl.py): ##################### test rate: 
2026-02-03 23:43:16.436 CET | INFO     | Line   88 (run_experiment_gl.py): 0.7971014492753623
2026-02-03 23:43:16.440 CET | INFO     | Line   89 (run_experiment_gl.py): right classified: 110 out of 138
2026-02-03 23:43:16.469 CET | INFO     | Line   28 (run_experiment_gl.py): ##################### Loading config parameters
2026-02-03 23:43:16.472 CET | INFO     | Line   20 (logging_utils.py): Config parameters:
2026-02-03 23:43:16.477 CET | INFO     | Line   21 (logging_utils.py): 
2026-02-03 23:43:16.480 CET | INFO     | Line   27 (logging_utils.py): hidden_dim: 128
2026-02-03 23:43:16.482 CET | INFO     | Line   27 (logging_utils.py): num_layers: 3
2026-02-03 23:43:16.485 CET | INFO     | Line   27 (logging_utils.py): device: cpu
2026-02-03 23:43:16.488 CET | INFO     | Line   27 (logging_utils.py): lr: 0.001
2026-02-03 23:43:16.493 CET | INFO     | Line   27 (logging_utils.py): epochs: 50
2026-02-03 23:43:16.496 CET | INFO     | Line   27 (logging_utils.py): batch_size: 32
2026-02-03 23:43:16.498 CET | INFO     | Line   27 (logging_utils.py): dataset: MUTAG
2026-02-03 23:43:16.502 CET | INFO     | Line   27 (logging_utils.py): is_logical: False
2026-02-03 23:43:16.505 CET | INFO     | Line   27 (logging_utils.py): constrains_filepath: constrains/data/MUTAG_auto_generated_2_101_102.json
2026-02-03 23:43:16.511 CET | INFO     | Line   25 (logging_utils.py): constrains_handler: GLRuleBasedHandler
2026-02-03 23:43:16.515 CET | INFO     | Line   27 (logging_utils.py): l_factor: 0.1
2026-02-03 23:43:16.519 CET | INFO     | Line   27 (logging_utils.py): save_logs: True
2026-02-03 23:43:16.523 CET | INFO     | Line   29 (logging_utils.py): 
2026-02-03 23:43:16.529 CET | INFO     | Line   30 (logging_utils.py): Training on model: GraphOCGIN
2026-02-03 23:43:16.533 CET | INFO     | Line   31 (logging_utils.py): 
2026-02-03 23:43:16.536 CET | INFO     | Line   41 (run_experiment_gl.py): ##################### Loading data
2026-02-03 23:43:16.596 CET | INFO     | Line   45 (run_experiment_gl.py): ##################### creating model
2026-02-03 23:43:16.600 CET | INFO     | Line   48 (run_experiment_gl.py): creating model with number of node features: 7
2026-02-03 23:43:16.613 CET | INFO     | Line   51 (run_experiment_gl.py): ##################### staring training
2026-02-03 23:43:16.656 CET | DEBUG    | Line   85 (graph_level_ocgin.py): Epoch 000 | Loss 0.024177
2026-02-03 23:43:16.684 CET | DEBUG    | Line   85 (graph_level_ocgin.py): Epoch 001 | Loss 0.019649
2026-02-03 23:43:16.722 CET | DEBUG    | Line   85 (graph_level_ocgin.py): Epoch 002 | Loss 0.010922
2026-02-03 23:43:16.776 CET | DEBUG    | Line   85 (graph_level_ocgin.py): Epoch 003 | Loss 0.007668
2026-02-03 23:43:16.816 CET | DEBUG    | Line   85 (graph_level_ocgin.py): Epoch 004 | Loss 0.005815
2026-02-03 23:43:16.845 CET | DEBUG    | Line   85 (graph_level_ocgin.py): Epoch 005 | Loss 0.004627
2026-02-03 23:43:16.872 CET | DEBUG    | Line   85 (graph_level_ocgin.py): Epoch 006 | Loss 0.003427
2026-02-03 23:43:16.900 CET | DEBUG    | Line   85 (graph_level_ocgin.py): Epoch 007 | Loss 0.002898
2026-02-03 23:43:16.932 CET | DEBUG    | Line   85 (graph_level_ocgin.py): Epoch 008 | Loss 0.002579
2026-02-03 23:43:16.958 CET | DEBUG    | Line   85 (graph_level_ocgin.py): Epoch 009 | Loss 0.001948
2026-02-03 23:43:16.986 CET | DEBUG    | Line   85 (graph_level_ocgin.py): Epoch 010 | Loss 0.001740
2026-02-03 23:43:17.016 CET | DEBUG    | Line   85 (graph_level_ocgin.py): Epoch 011 | Loss 0.001682
2026-02-03 23:43:17.046 CET | DEBUG    | Line   85 (graph_level_ocgin.py): Epoch 012 | Loss 0.001490
2026-02-03 23:43:17.078 CET | DEBUG    | Line   85 (graph_level_ocgin.py): Epoch 013 | Loss 0.001323
2026-02-03 23:43:17.109 CET | DEBUG    | Line   85 (graph_level_ocgin.py): Epoch 014 | Loss 0.001252
2026-02-03 23:43:17.141 CET | DEBUG    | Line   85 (graph_level_ocgin.py): Epoch 015 | Loss 0.001172
2026-02-03 23:43:17.173 CET | DEBUG    | Line   85 (graph_level_ocgin.py): Epoch 016 | Loss 0.001099
2026-02-03 23:43:17.202 CET | DEBUG    | Line   85 (graph_level_ocgin.py): Epoch 017 | Loss 0.001058
2026-02-03 23:43:17.228 CET | DEBUG    | Line   85 (graph_level_ocgin.py): Epoch 018 | Loss 0.001011
2026-02-03 23:43:17.255 CET | DEBUG    | Line   85 (graph_level_ocgin.py): Epoch 019 | Loss 0.000928
2026-02-03 23:43:17.282 CET | DEBUG    | Line   85 (graph_level_ocgin.py): Epoch 020 | Loss 0.000876
2026-02-03 23:43:17.309 CET | DEBUG    | Line   85 (graph_level_ocgin.py): Epoch 021 | Loss 0.000858
2026-02-03 23:43:17.337 CET | DEBUG    | Line   85 (graph_level_ocgin.py): Epoch 022 | Loss 0.000834
2026-02-03 23:43:17.363 CET | DEBUG    | Line   85 (graph_level_ocgin.py): Epoch 023 | Loss 0.000809
2026-02-03 23:43:17.391 CET | DEBUG    | Line   85 (graph_level_ocgin.py): Epoch 024 | Loss 0.000759
2026-02-03 23:43:17.420 CET | DEBUG    | Line   85 (graph_level_ocgin.py): Epoch 025 | Loss 0.000753
2026-02-03 23:43:17.452 CET | DEBUG    | Line   85 (graph_level_ocgin.py): Epoch 026 | Loss 0.000733
2026-02-03 23:43:17.481 CET | DEBUG    | Line   85 (graph_level_ocgin.py): Epoch 027 | Loss 0.000716
2026-02-03 23:43:17.508 CET | DEBUG    | Line   85 (graph_level_ocgin.py): Epoch 028 | Loss 0.000700
2026-02-03 23:43:17.535 CET | DEBUG    | Line   85 (graph_level_ocgin.py): Epoch 029 | Loss 0.000690
2026-02-03 23:43:17.561 CET | DEBUG    | Line   85 (graph_level_ocgin.py): Epoch 030 | Loss 0.000679
2026-02-03 23:43:17.586 CET | DEBUG    | Line   85 (graph_level_ocgin.py): Epoch 031 | Loss 0.000669
2026-02-03 23:43:17.612 CET | DEBUG    | Line   85 (graph_level_ocgin.py): Epoch 032 | Loss 0.000655
2026-02-03 23:43:17.639 CET | DEBUG    | Line   85 (graph_level_ocgin.py): Epoch 033 | Loss 0.000657
2026-02-03 23:43:17.665 CET | DEBUG    | Line   85 (graph_level_ocgin.py): Epoch 034 | Loss 0.000647
2026-02-03 23:43:17.691 CET | DEBUG    | Line   85 (graph_level_ocgin.py): Epoch 035 | Loss 0.000644
2026-02-03 23:43:17.720 CET | DEBUG    | Line   85 (graph_level_ocgin.py): Epoch 036 | Loss 0.000641
2026-02-03 23:43:17.755 CET | DEBUG    | Line   85 (graph_level_ocgin.py): Epoch 037 | Loss 0.000642
2026-02-03 23:43:17.780 CET | DEBUG    | Line   85 (graph_level_ocgin.py): Epoch 038 | Loss 0.000628
2026-02-03 23:43:17.808 CET | DEBUG    | Line   85 (graph_level_ocgin.py): Epoch 039 | Loss 0.000631
2026-02-03 23:43:17.834 CET | DEBUG    | Line   85 (graph_level_ocgin.py): Epoch 040 | Loss 0.000631
2026-02-03 23:43:17.861 CET | DEBUG    | Line   85 (graph_level_ocgin.py): Epoch 041 | Loss 0.000629
2026-02-03 23:43:17.892 CET | DEBUG    | Line   85 (graph_level_ocgin.py): Epoch 042 | Loss 0.000624
2026-02-03 23:43:17.919 CET | DEBUG    | Line   85 (graph_level_ocgin.py): Epoch 043 | Loss 0.000622
2026-02-03 23:43:17.946 CET | DEBUG    | Line   85 (graph_level_ocgin.py): Epoch 044 | Loss 0.000618
2026-02-03 23:43:17.976 CET | DEBUG    | Line   85 (graph_level_ocgin.py): Epoch 045 | Loss 0.000619
2026-02-03 23:43:18.004 CET | DEBUG    | Line   85 (graph_level_ocgin.py): Epoch 046 | Loss 0.000618
2026-02-03 23:43:18.032 CET | DEBUG    | Line   85 (graph_level_ocgin.py): Epoch 047 | Loss 0.000617
2026-02-03 23:43:18.061 CET | DEBUG    | Line   85 (graph_level_ocgin.py): Epoch 048 | Loss 0.000617
2026-02-03 23:43:18.089 CET | DEBUG    | Line   85 (graph_level_ocgin.py): Epoch 049 | Loss 0.000610
2026-02-03 23:43:18.093 CET | INFO     | Line   65 (run_experiment_gl.py): ##################### computing scores
2026-02-03 23:43:18.157 CET | INFO     | Line   69 (run_experiment_gl.py): computed decision boundary on anomaly scores as 95% quantile:
2026-02-03 23:43:18.160 CET | INFO     | Line   72 (run_experiment_gl.py): tensor(0.0007)
2026-02-03 23:43:18.164 CET | INFO     | Line   75 (run_experiment_gl.py): Test anomaly scores:
2026-02-03 23:43:18.167 CET | INFO     | Line   76 (run_experiment_gl.py): tensor([0.0006, 0.0006, 0.0006, 0.0010, 0.0006, 0.0008, 0.0007, 0.0006, 0.0006,
        0.0006])
2026-02-03 23:43:18.171 CET | INFO     | Line   78 (run_experiment_gl.py): ##################### test rate: 
2026-02-03 23:43:18.191 CET | INFO     | Line   88 (run_experiment_gl.py): 0.8188405797101449
2026-02-03 23:43:18.195 CET | INFO     | Line   89 (run_experiment_gl.py): right classified: 113 out of 138
2026-02-03 23:43:18.207 CET | INFO     | Line   28 (run_experiment_gl.py): ##################### Loading config parameters
2026-02-03 23:43:18.211 CET | INFO     | Line   20 (logging_utils.py): Config parameters:
2026-02-03 23:43:18.214 CET | INFO     | Line   21 (logging_utils.py): 
2026-02-03 23:43:18.218 CET | INFO     | Line   27 (logging_utils.py): hidden_dim: 128
2026-02-03 23:43:18.221 CET | INFO     | Line   27 (logging_utils.py): num_layers: 3
2026-02-03 23:43:18.223 CET | INFO     | Line   27 (logging_utils.py): device: cpu
2026-02-03 23:43:18.226 CET | INFO     | Line   27 (logging_utils.py): lr: 0.001
2026-02-03 23:43:18.229 CET | INFO     | Line   27 (logging_utils.py): epochs: 50
2026-02-03 23:43:18.232 CET | INFO     | Line   27 (logging_utils.py): batch_size: 32
2026-02-03 23:43:18.236 CET | INFO     | Line   27 (logging_utils.py): dataset: MUTAG
2026-02-03 23:43:18.239 CET | INFO     | Line   27 (logging_utils.py): is_logical: True
2026-02-03 23:43:18.242 CET | INFO     | Line   27 (logging_utils.py): constrains_filepath: constrains/data/MUTAG_auto_generated_2_101_102.json
2026-02-03 23:43:18.245 CET | INFO     | Line   25 (logging_utils.py): constrains_handler: GLRuleBasedHandler
2026-02-03 23:43:18.247 CET | INFO     | Line   27 (logging_utils.py): l_factor: 0.1
2026-02-03 23:43:18.250 CET | INFO     | Line   27 (logging_utils.py): save_logs: True
2026-02-03 23:43:18.254 CET | INFO     | Line   29 (logging_utils.py): 
2026-02-03 23:43:18.256 CET | INFO     | Line   30 (logging_utils.py): Training on model: GraphOCGINLossConstrains
2026-02-03 23:43:18.262 CET | INFO     | Line   31 (logging_utils.py): 
2026-02-03 23:43:18.265 CET | INFO     | Line   41 (run_experiment_gl.py): ##################### Loading data
2026-02-03 23:43:18.303 CET | INFO     | Line   45 (run_experiment_gl.py): ##################### creating model
2026-02-03 23:43:18.306 CET | INFO     | Line   48 (run_experiment_gl.py): creating model with number of node features: 7
2026-02-03 23:43:18.314 CET | INFO     | Line   51 (run_experiment_gl.py): ##################### staring training
2026-02-03 23:43:18.318 CET | INFO     | Line   53 (run_experiment_gl.py): setting up the logical constrains
2026-02-03 23:43:18.407 CET | DEBUG    | Line   90 (gl_ocgin.py): Epoch 000 | Loss 0.006529
2026-02-03 23:43:18.629 CET | DEBUG    | Line   90 (gl_ocgin.py): Epoch 010 | Loss 0.003120
2026-02-03 23:43:18.843 CET | DEBUG    | Line   90 (gl_ocgin.py): Epoch 020 | Loss 0.002917
2026-02-03 23:43:19.053 CET | DEBUG    | Line   90 (gl_ocgin.py): Epoch 030 | Loss 0.002886
2026-02-03 23:43:19.254 CET | DEBUG    | Line   90 (gl_ocgin.py): Epoch 040 | Loss 0.002875
2026-02-03 23:43:19.458 CET | INFO     | Line   65 (run_experiment_gl.py): ##################### computing scores
2026-02-03 23:43:19.507 CET | INFO     | Line   69 (run_experiment_gl.py): computed decision boundary on anomaly scores as 95% quantile:
2026-02-03 23:43:19.512 CET | INFO     | Line   72 (run_experiment_gl.py): tensor(0.0012)
2026-02-03 23:43:19.517 CET | INFO     | Line   75 (run_experiment_gl.py): Test anomaly scores:
2026-02-03 23:43:19.522 CET | INFO     | Line   76 (run_experiment_gl.py): tensor([0.0022, 0.0008, 0.0007, 0.0015, 0.0008, 0.0007, 0.0007, 0.0007, 0.0009,
        0.0009])
2026-02-03 23:43:19.527 CET | INFO     | Line   78 (run_experiment_gl.py): ##################### test rate: 
2026-02-03 23:43:19.548 CET | INFO     | Line   88 (run_experiment_gl.py): 0.7536231884057971
2026-02-03 23:43:19.552 CET | INFO     | Line   89 (run_experiment_gl.py): right classified: 104 out of 138
2026-02-03 23:43:19.574 CET | INFO     | Line   28 (run_experiment_gl.py): ##################### Loading config parameters
2026-02-03 23:43:19.578 CET | INFO     | Line   20 (logging_utils.py): Config parameters:
2026-02-03 23:43:19.582 CET | INFO     | Line   21 (logging_utils.py): 
2026-02-03 23:43:19.586 CET | INFO     | Line   27 (logging_utils.py): hidden_dim: 128
2026-02-03 23:43:19.590 CET | INFO     | Line   27 (logging_utils.py): num_layers: 3
2026-02-03 23:43:19.595 CET | INFO     | Line   27 (logging_utils.py): device: cpu
2026-02-03 23:43:19.599 CET | INFO     | Line   27 (logging_utils.py): lr: 0.001
2026-02-03 23:43:19.603 CET | INFO     | Line   27 (logging_utils.py): epochs: 50
2026-02-03 23:43:19.608 CET | INFO     | Line   27 (logging_utils.py): batch_size: 32
2026-02-03 23:43:19.612 CET | INFO     | Line   27 (logging_utils.py): dataset: MUTAG
2026-02-03 23:43:19.617 CET | INFO     | Line   27 (logging_utils.py): is_logical: True
2026-02-03 23:43:19.621 CET | INFO     | Line   27 (logging_utils.py): constrains_filepath: constrains/data/MUTAG_auto_generated_2_101_102.json
2026-02-03 23:43:19.626 CET | INFO     | Line   25 (logging_utils.py): constrains_handler: GLRuleBasedHandler
2026-02-03 23:43:19.630 CET | INFO     | Line   27 (logging_utils.py): l_factor: 0.01
2026-02-03 23:43:19.634 CET | INFO     | Line   27 (logging_utils.py): save_logs: True
2026-02-03 23:43:19.640 CET | INFO     | Line   29 (logging_utils.py): 
2026-02-03 23:43:19.644 CET | INFO     | Line   30 (logging_utils.py): Training on model: GraphOCGINLossConstrains
2026-02-03 23:43:19.648 CET | INFO     | Line   31 (logging_utils.py): 
2026-02-03 23:43:19.652 CET | INFO     | Line   41 (run_experiment_gl.py): ##################### Loading data
2026-02-03 23:43:19.711 CET | INFO     | Line   45 (run_experiment_gl.py): ##################### creating model
2026-02-03 23:43:19.716 CET | INFO     | Line   48 (run_experiment_gl.py): creating model with number of node features: 7
2026-02-03 23:43:19.729 CET | INFO     | Line   51 (run_experiment_gl.py): ##################### staring training
2026-02-03 23:43:19.733 CET | INFO     | Line   53 (run_experiment_gl.py): setting up the logical constrains
2026-02-03 23:43:19.847 CET | DEBUG    | Line   90 (gl_ocgin.py): Epoch 000 | Loss 0.010975
2026-02-03 23:43:20.059 CET | DEBUG    | Line   90 (gl_ocgin.py): Epoch 010 | Loss 0.000978
2026-02-03 23:43:20.312 CET | DEBUG    | Line   90 (gl_ocgin.py): Epoch 020 | Loss 0.000559
2026-02-03 23:43:20.504 CET | DEBUG    | Line   90 (gl_ocgin.py): Epoch 030 | Loss 0.000450
2026-02-03 23:43:20.675 CET | DEBUG    | Line   90 (gl_ocgin.py): Epoch 040 | Loss 0.000421
2026-02-03 23:43:20.829 CET | INFO     | Line   65 (run_experiment_gl.py): ##################### computing scores
2026-02-03 23:43:20.872 CET | INFO     | Line   69 (run_experiment_gl.py): computed decision boundary on anomaly scores as 95% quantile:
2026-02-03 23:43:20.876 CET | INFO     | Line   72 (run_experiment_gl.py): tensor(0.0023)
2026-02-03 23:43:20.882 CET | INFO     | Line   75 (run_experiment_gl.py): Test anomaly scores:
2026-02-03 23:43:20.887 CET | INFO     | Line   76 (run_experiment_gl.py): tensor([0.0009, 0.0007, 0.0007, 0.0007, 0.0011, 0.0007, 0.0008, 0.0024, 0.0020,
        0.0021])
2026-02-03 23:43:20.893 CET | INFO     | Line   78 (run_experiment_gl.py): ##################### test rate: 
2026-02-03 23:43:20.912 CET | INFO     | Line   88 (run_experiment_gl.py): 0.7898550724637681
2026-02-03 23:43:20.916 CET | INFO     | Line   89 (run_experiment_gl.py): right classified: 109 out of 138
2026-02-03 23:43:20.937 CET | INFO     | Line   28 (run_experiment_gl.py): ##################### Loading config parameters
2026-02-03 23:43:20.943 CET | INFO     | Line   20 (logging_utils.py): Config parameters:
2026-02-03 23:43:20.948 CET | INFO     | Line   21 (logging_utils.py): 
2026-02-03 23:43:20.951 CET | INFO     | Line   27 (logging_utils.py): hidden_dim: 128
2026-02-03 23:43:20.957 CET | INFO     | Line   27 (logging_utils.py): num_layers: 3
2026-02-03 23:43:20.961 CET | INFO     | Line   27 (logging_utils.py): device: cpu
2026-02-03 23:43:20.966 CET | INFO     | Line   27 (logging_utils.py): lr: 0.001
2026-02-03 23:43:20.970 CET | INFO     | Line   27 (logging_utils.py): epochs: 50
2026-02-03 23:43:20.976 CET | INFO     | Line   27 (logging_utils.py): batch_size: 32
2026-02-03 23:43:20.980 CET | INFO     | Line   27 (logging_utils.py): dataset: MUTAG
2026-02-03 23:43:20.985 CET | INFO     | Line   27 (logging_utils.py): is_logical: True
2026-02-03 23:43:20.989 CET | INFO     | Line   27 (logging_utils.py): constrains_filepath: constrains/data/MUTAG_auto_generated_2_101_102.json
2026-02-03 23:43:20.993 CET | INFO     | Line   25 (logging_utils.py): constrains_handler: GLRuleBasedHandler
2026-02-03 23:43:20.997 CET | INFO     | Line   27 (logging_utils.py): l_factor: 0.005
2026-02-03 23:43:21.001 CET | INFO     | Line   27 (logging_utils.py): save_logs: True
2026-02-03 23:43:21.006 CET | INFO     | Line   29 (logging_utils.py): 
2026-02-03 23:43:21.011 CET | INFO     | Line   30 (logging_utils.py): Training on model: GraphOCGINLossConstrains
2026-02-03 23:43:21.016 CET | INFO     | Line   31 (logging_utils.py): 
2026-02-03 23:43:21.022 CET | INFO     | Line   41 (run_experiment_gl.py): ##################### Loading data
2026-02-03 23:43:21.076 CET | INFO     | Line   45 (run_experiment_gl.py): ##################### creating model
2026-02-03 23:43:21.080 CET | INFO     | Line   48 (run_experiment_gl.py): creating model with number of node features: 7
2026-02-03 23:43:21.091 CET | INFO     | Line   51 (run_experiment_gl.py): ##################### staring training
2026-02-03 23:43:21.094 CET | INFO     | Line   53 (run_experiment_gl.py): setting up the logical constrains
2026-02-03 23:43:21.204 CET | DEBUG    | Line   90 (gl_ocgin.py): Epoch 000 | Loss 0.002935
2026-02-03 23:43:21.451 CET | DEBUG    | Line   90 (gl_ocgin.py): Epoch 010 | Loss 0.000498
2026-02-03 23:43:21.673 CET | DEBUG    | Line   90 (gl_ocgin.py): Epoch 020 | Loss 0.000274
2026-02-03 23:43:21.858 CET | DEBUG    | Line   90 (gl_ocgin.py): Epoch 030 | Loss 0.000239
2026-02-03 23:43:22.061 CET | DEBUG    | Line   90 (gl_ocgin.py): Epoch 040 | Loss 0.000216
2026-02-03 23:43:22.232 CET | INFO     | Line   65 (run_experiment_gl.py): ##################### computing scores
2026-02-03 23:43:22.281 CET | INFO     | Line   69 (run_experiment_gl.py): computed decision boundary on anomaly scores as 95% quantile:
2026-02-03 23:43:22.286 CET | INFO     | Line   72 (run_experiment_gl.py): tensor(0.0011)
2026-02-03 23:43:22.291 CET | INFO     | Line   75 (run_experiment_gl.py): Test anomaly scores:
2026-02-03 23:43:22.296 CET | INFO     | Line   76 (run_experiment_gl.py): tensor([0.0004, 0.0023, 0.0004, 0.0004, 0.0006, 0.0004, 0.0004, 0.0004, 0.0004,
        0.0009])
2026-02-03 23:43:22.302 CET | INFO     | Line   78 (run_experiment_gl.py): ##################### test rate: 
2026-02-03 23:43:22.326 CET | INFO     | Line   88 (run_experiment_gl.py): 0.7101449275362319
2026-02-03 23:43:22.331 CET | INFO     | Line   89 (run_experiment_gl.py): right classified: 98 out of 138
2026-02-03 23:43:22.352 CET | INFO     | Line   28 (run_experiment_gl.py): ##################### Loading config parameters
2026-02-03 23:43:22.361 CET | INFO     | Line   20 (logging_utils.py): Config parameters:
2026-02-03 23:43:22.365 CET | INFO     | Line   21 (logging_utils.py): 
2026-02-03 23:43:22.369 CET | INFO     | Line   27 (logging_utils.py): hidden_dim: 128
2026-02-03 23:43:22.375 CET | INFO     | Line   27 (logging_utils.py): num_layers: 3
2026-02-03 23:43:22.384 CET | INFO     | Line   27 (logging_utils.py): device: cpu
2026-02-03 23:43:22.394 CET | INFO     | Line   27 (logging_utils.py): lr: 0.001
2026-02-03 23:43:22.403 CET | INFO     | Line   27 (logging_utils.py): epochs: 50
2026-02-03 23:43:22.413 CET | INFO     | Line   27 (logging_utils.py): batch_size: 32
2026-02-03 23:43:22.423 CET | INFO     | Line   27 (logging_utils.py): dataset: MUTAG
2026-02-03 23:43:22.437 CET | INFO     | Line   27 (logging_utils.py): is_logical: True
2026-02-03 23:43:22.448 CET | INFO     | Line   27 (logging_utils.py): constrains_filepath: constrains/data/MUTAG_auto_generated_2_101_102.json
2026-02-03 23:43:22.456 CET | INFO     | Line   25 (logging_utils.py): constrains_handler: GLRuleBasedHandler
2026-02-03 23:43:22.465 CET | INFO     | Line   27 (logging_utils.py): l_factor: 0.001
2026-02-03 23:43:22.476 CET | INFO     | Line   27 (logging_utils.py): save_logs: True
2026-02-03 23:43:22.487 CET | INFO     | Line   29 (logging_utils.py): 
2026-02-03 23:43:22.491 CET | INFO     | Line   30 (logging_utils.py): Training on model: GraphOCGINLossConstrains
2026-02-03 23:43:22.496 CET | INFO     | Line   31 (logging_utils.py): 
2026-02-03 23:43:22.500 CET | INFO     | Line   41 (run_experiment_gl.py): ##################### Loading data
2026-02-03 23:43:22.596 CET | INFO     | Line   45 (run_experiment_gl.py): ##################### creating model
2026-02-03 23:43:22.605 CET | INFO     | Line   48 (run_experiment_gl.py): creating model with number of node features: 7
2026-02-03 23:43:22.620 CET | INFO     | Line   51 (run_experiment_gl.py): ##################### staring training
2026-02-03 23:43:22.624 CET | INFO     | Line   53 (run_experiment_gl.py): setting up the logical constrains
2026-02-03 23:43:22.805 CET | DEBUG    | Line   90 (gl_ocgin.py): Epoch 000 | Loss 0.003229
2026-02-03 23:43:23.054 CET | DEBUG    | Line   90 (gl_ocgin.py): Epoch 010 | Loss 0.000255
2026-02-03 23:43:23.290 CET | DEBUG    | Line   90 (gl_ocgin.py): Epoch 020 | Loss 0.000104
2026-02-03 23:43:23.480 CET | DEBUG    | Line   90 (gl_ocgin.py): Epoch 030 | Loss 0.000080
2026-02-03 23:43:23.656 CET | DEBUG    | Line   90 (gl_ocgin.py): Epoch 040 | Loss 0.000072
2026-02-03 23:43:23.811 CET | INFO     | Line   65 (run_experiment_gl.py): ##################### computing scores
2026-02-03 23:43:23.858 CET | INFO     | Line   69 (run_experiment_gl.py): computed decision boundary on anomaly scores as 95% quantile:
2026-02-03 23:43:23.863 CET | INFO     | Line   72 (run_experiment_gl.py): tensor(0.0008)
2026-02-03 23:43:23.868 CET | INFO     | Line   75 (run_experiment_gl.py): Test anomaly scores:
2026-02-03 23:43:23.875 CET | INFO     | Line   76 (run_experiment_gl.py): tensor([0.0006, 0.0003, 0.0007, 0.0003, 0.0007, 0.0008, 0.0002, 0.0003, 0.0006,
        0.0002])
2026-02-03 23:43:23.880 CET | INFO     | Line   78 (run_experiment_gl.py): ##################### test rate: 
2026-02-03 23:43:23.899 CET | INFO     | Line   88 (run_experiment_gl.py): 0.7753623188405797
2026-02-03 23:43:23.902 CET | INFO     | Line   89 (run_experiment_gl.py): right classified: 107 out of 138
2026-02-03 23:43:23.919 CET | INFO     | Line   28 (run_experiment_gl.py): ##################### Loading config parameters
2026-02-03 23:43:23.926 CET | INFO     | Line   20 (logging_utils.py): Config parameters:
2026-02-03 23:43:23.930 CET | INFO     | Line   21 (logging_utils.py): 
2026-02-03 23:43:23.935 CET | INFO     | Line   27 (logging_utils.py): hidden_dim: 128
2026-02-03 23:43:23.943 CET | INFO     | Line   27 (logging_utils.py): num_layers: 3
2026-02-03 23:43:23.947 CET | INFO     | Line   27 (logging_utils.py): device: cpu
2026-02-03 23:43:23.952 CET | INFO     | Line   27 (logging_utils.py): lr: 0.001
2026-02-03 23:43:23.959 CET | INFO     | Line   27 (logging_utils.py): epochs: 50
2026-02-03 23:43:23.963 CET | INFO     | Line   27 (logging_utils.py): batch_size: 32
2026-02-03 23:43:23.967 CET | INFO     | Line   27 (logging_utils.py): dataset: MUTAG
2026-02-03 23:43:23.973 CET | INFO     | Line   27 (logging_utils.py): is_logical: True
2026-02-03 23:43:23.978 CET | INFO     | Line   27 (logging_utils.py): constrains_filepath: constrains/data/MUTAG_auto_generated_3_101_102.json
2026-02-03 23:43:23.982 CET | INFO     | Line   25 (logging_utils.py): constrains_handler: GLRuleBasedHandler
2026-02-03 23:43:23.985 CET | INFO     | Line   27 (logging_utils.py): l_factor: 0.1
2026-02-03 23:43:23.992 CET | INFO     | Line   27 (logging_utils.py): save_logs: True
2026-02-03 23:43:23.996 CET | INFO     | Line   29 (logging_utils.py): 
2026-02-03 23:43:24.001 CET | INFO     | Line   30 (logging_utils.py): Training on model: GraphOCGINLossConstrains
2026-02-03 23:43:24.008 CET | INFO     | Line   31 (logging_utils.py): 
2026-02-03 23:43:24.013 CET | INFO     | Line   41 (run_experiment_gl.py): ##################### Loading data
2026-02-03 23:43:24.065 CET | INFO     | Line   45 (run_experiment_gl.py): ##################### creating model
2026-02-03 23:43:24.069 CET | INFO     | Line   48 (run_experiment_gl.py): creating model with number of node features: 7
2026-02-03 23:43:24.077 CET | INFO     | Line   51 (run_experiment_gl.py): ##################### staring training
2026-02-03 23:43:24.080 CET | INFO     | Line   53 (run_experiment_gl.py): setting up the logical constrains
2026-02-03 23:43:24.181 CET | DEBUG    | Line   90 (gl_ocgin.py): Epoch 000 | Loss 0.007382
2026-02-03 23:43:24.393 CET | DEBUG    | Line   90 (gl_ocgin.py): Epoch 010 | Loss 0.003983
2026-02-03 23:43:24.598 CET | DEBUG    | Line   90 (gl_ocgin.py): Epoch 020 | Loss 0.003822
2026-02-03 23:43:24.775 CET | DEBUG    | Line   90 (gl_ocgin.py): Epoch 030 | Loss 0.003766
2026-02-03 23:43:25.096 CET | DEBUG    | Line   90 (gl_ocgin.py): Epoch 040 | Loss 0.003751
2026-02-03 23:43:25.300 CET | INFO     | Line   65 (run_experiment_gl.py): ##################### computing scores
2026-02-03 23:43:25.348 CET | INFO     | Line   69 (run_experiment_gl.py): computed decision boundary on anomaly scores as 95% quantile:
2026-02-03 23:43:25.355 CET | INFO     | Line   72 (run_experiment_gl.py): tensor(0.0010)
2026-02-03 23:43:25.362 CET | INFO     | Line   75 (run_experiment_gl.py): Test anomaly scores:
2026-02-03 23:43:25.365 CET | INFO     | Line   76 (run_experiment_gl.py): tensor([0.0007, 0.0008, 0.0010, 0.0006, 0.0006, 0.0007, 0.0006, 0.0006, 0.0007,
        0.0010])
2026-02-03 23:43:25.368 CET | INFO     | Line   78 (run_experiment_gl.py): ##################### test rate: 
2026-02-03 23:43:25.384 CET | INFO     | Line   88 (run_experiment_gl.py): 0.6739130434782609
2026-02-03 23:43:25.390 CET | INFO     | Line   89 (run_experiment_gl.py): right classified: 93 out of 138
2026-02-03 23:43:25.402 CET | INFO     | Line   28 (run_experiment_gl.py): ##################### Loading config parameters
2026-02-03 23:43:25.407 CET | INFO     | Line   20 (logging_utils.py): Config parameters:
2026-02-03 23:43:25.410 CET | INFO     | Line   21 (logging_utils.py): 
2026-02-03 23:43:25.412 CET | INFO     | Line   27 (logging_utils.py): hidden_dim: 128
2026-02-03 23:43:25.416 CET | INFO     | Line   27 (logging_utils.py): num_layers: 3
2026-02-03 23:43:25.419 CET | INFO     | Line   27 (logging_utils.py): device: cpu
2026-02-03 23:43:25.423 CET | INFO     | Line   27 (logging_utils.py): lr: 0.001
2026-02-03 23:43:25.426 CET | INFO     | Line   27 (logging_utils.py): epochs: 50
2026-02-03 23:43:25.429 CET | INFO     | Line   27 (logging_utils.py): batch_size: 32
2026-02-03 23:43:25.432 CET | INFO     | Line   27 (logging_utils.py): dataset: MUTAG
2026-02-03 23:43:25.435 CET | INFO     | Line   27 (logging_utils.py): is_logical: True
2026-02-03 23:43:25.438 CET | INFO     | Line   27 (logging_utils.py): constrains_filepath: constrains/data/MUTAG_auto_generated_3_101_102.json
2026-02-03 23:43:25.442 CET | INFO     | Line   25 (logging_utils.py): constrains_handler: GLRuleBasedHandler
2026-02-03 23:43:25.445 CET | INFO     | Line   27 (logging_utils.py): l_factor: 0.01
2026-02-03 23:43:25.448 CET | INFO     | Line   27 (logging_utils.py): save_logs: True
2026-02-03 23:43:25.450 CET | INFO     | Line   29 (logging_utils.py): 
2026-02-03 23:43:25.453 CET | INFO     | Line   30 (logging_utils.py): Training on model: GraphOCGINLossConstrains
2026-02-03 23:43:25.457 CET | INFO     | Line   31 (logging_utils.py): 
2026-02-03 23:43:25.460 CET | INFO     | Line   41 (run_experiment_gl.py): ##################### Loading data
2026-02-03 23:43:25.514 CET | INFO     | Line   45 (run_experiment_gl.py): ##################### creating model
2026-02-03 23:43:25.519 CET | INFO     | Line   48 (run_experiment_gl.py): creating model with number of node features: 7
2026-02-03 23:43:25.532 CET | INFO     | Line   51 (run_experiment_gl.py): ##################### staring training
2026-02-03 23:43:25.536 CET | INFO     | Line   53 (run_experiment_gl.py): setting up the logical constrains
2026-02-03 23:43:25.636 CET | DEBUG    | Line   90 (gl_ocgin.py): Epoch 000 | Loss 0.004095
2026-02-03 23:43:25.847 CET | DEBUG    | Line   90 (gl_ocgin.py): Epoch 010 | Loss 0.000639
2026-02-03 23:43:26.026 CET | DEBUG    | Line   90 (gl_ocgin.py): Epoch 020 | Loss 0.000487
2026-02-03 23:43:26.205 CET | DEBUG    | Line   90 (gl_ocgin.py): Epoch 030 | Loss 0.000451
2026-02-03 23:43:26.382 CET | DEBUG    | Line   90 (gl_ocgin.py): Epoch 040 | Loss 0.000441
2026-02-03 23:43:26.532 CET | INFO     | Line   65 (run_experiment_gl.py): ##################### computing scores
2026-02-03 23:43:26.575 CET | INFO     | Line   69 (run_experiment_gl.py): computed decision boundary on anomaly scores as 95% quantile:
2026-02-03 23:43:26.580 CET | INFO     | Line   72 (run_experiment_gl.py): tensor(0.0010)
2026-02-03 23:43:26.585 CET | INFO     | Line   75 (run_experiment_gl.py): Test anomaly scores:
2026-02-03 23:43:26.590 CET | INFO     | Line   76 (run_experiment_gl.py): tensor([0.0006, 0.0006, 0.0003, 0.0007, 0.0003, 0.0006, 0.0004, 0.0003, 0.0003,
        0.0007])
2026-02-03 23:43:26.597 CET | INFO     | Line   78 (run_experiment_gl.py): ##################### test rate: 
2026-02-03 23:43:26.616 CET | INFO     | Line   88 (run_experiment_gl.py): 0.7898550724637681
2026-02-03 23:43:26.620 CET | INFO     | Line   89 (run_experiment_gl.py): right classified: 109 out of 138
2026-02-03 23:43:26.641 CET | INFO     | Line   28 (run_experiment_gl.py): ##################### Loading config parameters
2026-02-03 23:43:26.646 CET | INFO     | Line   20 (logging_utils.py): Config parameters:
2026-02-03 23:43:26.650 CET | INFO     | Line   21 (logging_utils.py): 
2026-02-03 23:43:26.654 CET | INFO     | Line   27 (logging_utils.py): hidden_dim: 128
2026-02-03 23:43:26.659 CET | INFO     | Line   27 (logging_utils.py): num_layers: 3
2026-02-03 23:43:26.662 CET | INFO     | Line   27 (logging_utils.py): device: cpu
2026-02-03 23:43:26.668 CET | INFO     | Line   27 (logging_utils.py): lr: 0.001
2026-02-03 23:43:26.672 CET | INFO     | Line   27 (logging_utils.py): epochs: 50
2026-02-03 23:43:26.675 CET | INFO     | Line   27 (logging_utils.py): batch_size: 32
2026-02-03 23:43:26.677 CET | INFO     | Line   27 (logging_utils.py): dataset: MUTAG
2026-02-03 23:43:26.680 CET | INFO     | Line   27 (logging_utils.py): is_logical: True
2026-02-03 23:43:26.682 CET | INFO     | Line   27 (logging_utils.py): constrains_filepath: constrains/data/MUTAG_auto_generated_3_101_102.json
2026-02-03 23:43:26.685 CET | INFO     | Line   25 (logging_utils.py): constrains_handler: GLRuleBasedHandler
2026-02-03 23:43:26.690 CET | INFO     | Line   27 (logging_utils.py): l_factor: 0.005
2026-02-03 23:43:26.694 CET | INFO     | Line   27 (logging_utils.py): save_logs: True
2026-02-03 23:43:26.699 CET | INFO     | Line   29 (logging_utils.py): 
2026-02-03 23:43:26.703 CET | INFO     | Line   30 (logging_utils.py): Training on model: GraphOCGINLossConstrains
2026-02-03 23:43:26.708 CET | INFO     | Line   31 (logging_utils.py): 
2026-02-03 23:43:26.712 CET | INFO     | Line   41 (run_experiment_gl.py): ##################### Loading data
2026-02-03 23:43:26.766 CET | INFO     | Line   45 (run_experiment_gl.py): ##################### creating model
2026-02-03 23:43:26.771 CET | INFO     | Line   48 (run_experiment_gl.py): creating model with number of node features: 7
2026-02-03 23:43:26.785 CET | INFO     | Line   51 (run_experiment_gl.py): ##################### staring training
2026-02-03 23:43:26.790 CET | INFO     | Line   53 (run_experiment_gl.py): setting up the logical constrains
2026-02-03 23:43:26.898 CET | DEBUG    | Line   90 (gl_ocgin.py): Epoch 000 | Loss 0.010527
2026-02-03 23:43:27.114 CET | DEBUG    | Line   90 (gl_ocgin.py): Epoch 010 | Loss 0.000808
2026-02-03 23:43:27.315 CET | DEBUG    | Line   90 (gl_ocgin.py): Epoch 020 | Loss 0.000383
2026-02-03 23:43:27.490 CET | DEBUG    | Line   90 (gl_ocgin.py): Epoch 030 | Loss 0.000313
2026-02-03 23:43:27.657 CET | DEBUG    | Line   90 (gl_ocgin.py): Epoch 040 | Loss 0.000285
2026-02-03 23:43:27.816 CET | INFO     | Line   65 (run_experiment_gl.py): ##################### computing scores
2026-02-03 23:43:27.861 CET | INFO     | Line   69 (run_experiment_gl.py): computed decision boundary on anomaly scores as 95% quantile:
2026-02-03 23:43:27.866 CET | INFO     | Line   72 (run_experiment_gl.py): tensor(0.0015)
2026-02-03 23:43:27.871 CET | INFO     | Line   75 (run_experiment_gl.py): Test anomaly scores:
2026-02-03 23:43:27.876 CET | INFO     | Line   76 (run_experiment_gl.py): tensor([0.0005, 0.0006, 0.0004, 0.0015, 0.0017, 0.0012, 0.0004, 0.0004, 0.0005,
        0.0004])
2026-02-03 23:43:27.881 CET | INFO     | Line   78 (run_experiment_gl.py): ##################### test rate: 
2026-02-03 23:43:27.902 CET | INFO     | Line   88 (run_experiment_gl.py): 0.7898550724637681
2026-02-03 23:43:27.908 CET | INFO     | Line   89 (run_experiment_gl.py): right classified: 109 out of 138
2026-02-03 23:43:27.928 CET | INFO     | Line   28 (run_experiment_gl.py): ##################### Loading config parameters
2026-02-03 23:43:27.933 CET | INFO     | Line   20 (logging_utils.py): Config parameters:
2026-02-03 23:43:27.937 CET | INFO     | Line   21 (logging_utils.py): 
2026-02-03 23:43:27.942 CET | INFO     | Line   27 (logging_utils.py): hidden_dim: 128
2026-02-03 23:43:27.947 CET | INFO     | Line   27 (logging_utils.py): num_layers: 3
2026-02-03 23:43:27.951 CET | INFO     | Line   27 (logging_utils.py): device: cpu
2026-02-03 23:43:27.956 CET | INFO     | Line   27 (logging_utils.py): lr: 0.001
2026-02-03 23:43:27.961 CET | INFO     | Line   27 (logging_utils.py): epochs: 50
2026-02-03 23:43:27.965 CET | INFO     | Line   27 (logging_utils.py): batch_size: 32
2026-02-03 23:43:27.970 CET | INFO     | Line   27 (logging_utils.py): dataset: MUTAG
2026-02-03 23:43:27.976 CET | INFO     | Line   27 (logging_utils.py): is_logical: True
2026-02-03 23:43:27.980 CET | INFO     | Line   27 (logging_utils.py): constrains_filepath: constrains/data/MUTAG_auto_generated_3_101_102.json
2026-02-03 23:43:27.984 CET | INFO     | Line   25 (logging_utils.py): constrains_handler: GLRuleBasedHandler
2026-02-03 23:43:27.990 CET | INFO     | Line   27 (logging_utils.py): l_factor: 0.001
2026-02-03 23:43:27.994 CET | INFO     | Line   27 (logging_utils.py): save_logs: True
2026-02-03 23:43:27.999 CET | INFO     | Line   29 (logging_utils.py): 
2026-02-03 23:43:28.003 CET | INFO     | Line   30 (logging_utils.py): Training on model: GraphOCGINLossConstrains
2026-02-03 23:43:28.009 CET | INFO     | Line   31 (logging_utils.py): 
2026-02-03 23:43:28.013 CET | INFO     | Line   41 (run_experiment_gl.py): ##################### Loading data
2026-02-03 23:43:28.072 CET | INFO     | Line   45 (run_experiment_gl.py): ##################### creating model
2026-02-03 23:43:28.076 CET | INFO     | Line   48 (run_experiment_gl.py): creating model with number of node features: 7
2026-02-03 23:43:28.088 CET | INFO     | Line   51 (run_experiment_gl.py): ##################### staring training
2026-02-03 23:43:28.092 CET | INFO     | Line   53 (run_experiment_gl.py): setting up the logical constrains
2026-02-03 23:43:28.196 CET | DEBUG    | Line   90 (gl_ocgin.py): Epoch 000 | Loss 0.003970
2026-02-03 23:43:28.420 CET | DEBUG    | Line   90 (gl_ocgin.py): Epoch 010 | Loss 0.000296
2026-02-03 23:43:28.637 CET | DEBUG    | Line   90 (gl_ocgin.py): Epoch 020 | Loss 0.000125
2026-02-03 23:43:28.831 CET | DEBUG    | Line   90 (gl_ocgin.py): Epoch 030 | Loss 0.000097
2026-02-03 23:43:29.004 CET | DEBUG    | Line   90 (gl_ocgin.py): Epoch 040 | Loss 0.000088
2026-02-03 23:43:29.152 CET | INFO     | Line   65 (run_experiment_gl.py): ##################### computing scores
2026-02-03 23:43:29.196 CET | INFO     | Line   69 (run_experiment_gl.py): computed decision boundary on anomaly scores as 95% quantile:
2026-02-03 23:43:29.201 CET | INFO     | Line   72 (run_experiment_gl.py): tensor(0.0007)
2026-02-03 23:43:29.206 CET | INFO     | Line   75 (run_experiment_gl.py): Test anomaly scores:
2026-02-03 23:43:29.213 CET | INFO     | Line   76 (run_experiment_gl.py): tensor([0.0008, 0.0006, 0.0008, 0.0003, 0.0003, 0.0004, 0.0003, 0.0005, 0.0003,
        0.0004])
2026-02-03 23:43:29.218 CET | INFO     | Line   78 (run_experiment_gl.py): ##################### test rate: 
2026-02-03 23:43:29.240 CET | INFO     | Line   88 (run_experiment_gl.py): 0.7608695652173914
2026-02-03 23:43:29.243 CET | INFO     | Line   89 (run_experiment_gl.py): right classified: 105 out of 138
2026-02-03 23:43:29.269 CET | INFO     | Line   28 (run_experiment_gl.py): ##################### Loading config parameters
2026-02-03 23:43:29.273 CET | INFO     | Line   20 (logging_utils.py): Config parameters:
2026-02-03 23:43:29.277 CET | INFO     | Line   21 (logging_utils.py): 
2026-02-03 23:43:29.280 CET | INFO     | Line   27 (logging_utils.py): hidden_dim: 128
2026-02-03 23:43:29.283 CET | INFO     | Line   27 (logging_utils.py): num_layers: 4
2026-02-03 23:43:29.285 CET | INFO     | Line   27 (logging_utils.py): device: cpu
2026-02-03 23:43:29.290 CET | INFO     | Line   27 (logging_utils.py): lr: 0.001
2026-02-03 23:43:29.293 CET | INFO     | Line   27 (logging_utils.py): epochs: 50
2026-02-03 23:43:29.296 CET | INFO     | Line   27 (logging_utils.py): batch_size: 32
2026-02-03 23:43:29.299 CET | INFO     | Line   27 (logging_utils.py): dataset: MUTAG
2026-02-03 23:43:29.302 CET | INFO     | Line   27 (logging_utils.py): is_logical: False
2026-02-03 23:43:29.306 CET | INFO     | Line   27 (logging_utils.py): constrains_filepath: constrains/data/MUTAG_auto_generated_2_101_102.json
2026-02-03 23:43:29.312 CET | INFO     | Line   25 (logging_utils.py): constrains_handler: GLRuleBasedHandler
2026-02-03 23:43:29.316 CET | INFO     | Line   27 (logging_utils.py): l_factor: 0.1
2026-02-03 23:43:29.320 CET | INFO     | Line   27 (logging_utils.py): save_logs: True
2026-02-03 23:43:29.326 CET | INFO     | Line   29 (logging_utils.py): 
2026-02-03 23:43:29.331 CET | INFO     | Line   30 (logging_utils.py): Training on model: GraphOCGIN
2026-02-03 23:43:29.335 CET | INFO     | Line   31 (logging_utils.py): 
2026-02-03 23:43:29.340 CET | INFO     | Line   41 (run_experiment_gl.py): ##################### Loading data
2026-02-03 23:43:29.400 CET | INFO     | Line   45 (run_experiment_gl.py): ##################### creating model
2026-02-03 23:43:29.405 CET | INFO     | Line   48 (run_experiment_gl.py): creating model with number of node features: 7
2026-02-03 23:43:29.423 CET | INFO     | Line   51 (run_experiment_gl.py): ##################### staring training
2026-02-03 23:43:29.483 CET | DEBUG    | Line   85 (graph_level_ocgin.py): Epoch 000 | Loss 0.051089
2026-02-03 23:43:29.515 CET | DEBUG    | Line   85 (graph_level_ocgin.py): Epoch 001 | Loss 0.021349
2026-02-03 23:43:29.549 CET | DEBUG    | Line   85 (graph_level_ocgin.py): Epoch 002 | Loss 0.024281
2026-02-03 23:43:29.588 CET | DEBUG    | Line   85 (graph_level_ocgin.py): Epoch 003 | Loss 0.013397
2026-02-03 23:43:29.621 CET | DEBUG    | Line   85 (graph_level_ocgin.py): Epoch 004 | Loss 0.008355
2026-02-03 23:43:29.657 CET | DEBUG    | Line   85 (graph_level_ocgin.py): Epoch 005 | Loss 0.005602
2026-02-03 23:43:29.687 CET | DEBUG    | Line   85 (graph_level_ocgin.py): Epoch 006 | Loss 0.004590
2026-02-03 23:43:29.717 CET | DEBUG    | Line   85 (graph_level_ocgin.py): Epoch 007 | Loss 0.004140
2026-02-03 23:43:29.749 CET | DEBUG    | Line   85 (graph_level_ocgin.py): Epoch 008 | Loss 0.003293
2026-02-03 23:43:29.780 CET | DEBUG    | Line   85 (graph_level_ocgin.py): Epoch 009 | Loss 0.002567
2026-02-03 23:43:29.810 CET | DEBUG    | Line   85 (graph_level_ocgin.py): Epoch 010 | Loss 0.001931
2026-02-03 23:43:29.841 CET | DEBUG    | Line   85 (graph_level_ocgin.py): Epoch 011 | Loss 0.001715
2026-02-03 23:43:29.869 CET | DEBUG    | Line   85 (graph_level_ocgin.py): Epoch 012 | Loss 0.001625
2026-02-03 23:43:29.901 CET | DEBUG    | Line   85 (graph_level_ocgin.py): Epoch 013 | Loss 0.001312
2026-02-03 23:43:29.932 CET | DEBUG    | Line   85 (graph_level_ocgin.py): Epoch 014 | Loss 0.001217
2026-02-03 23:43:29.965 CET | DEBUG    | Line   85 (graph_level_ocgin.py): Epoch 015 | Loss 0.001188
2026-02-03 23:43:29.997 CET | DEBUG    | Line   85 (graph_level_ocgin.py): Epoch 016 | Loss 0.001018
2026-02-03 23:43:30.029 CET | DEBUG    | Line   85 (graph_level_ocgin.py): Epoch 017 | Loss 0.000904
2026-02-03 23:43:30.064 CET | DEBUG    | Line   85 (graph_level_ocgin.py): Epoch 018 | Loss 0.000852
2026-02-03 23:43:30.096 CET | DEBUG    | Line   85 (graph_level_ocgin.py): Epoch 019 | Loss 0.000847
2026-02-03 23:43:30.128 CET | DEBUG    | Line   85 (graph_level_ocgin.py): Epoch 020 | Loss 0.000807
2026-02-03 23:43:30.160 CET | DEBUG    | Line   85 (graph_level_ocgin.py): Epoch 021 | Loss 0.000759
2026-02-03 23:43:30.190 CET | DEBUG    | Line   85 (graph_level_ocgin.py): Epoch 022 | Loss 0.000715
2026-02-03 23:43:30.221 CET | DEBUG    | Line   85 (graph_level_ocgin.py): Epoch 023 | Loss 0.000704
2026-02-03 23:43:30.256 CET | DEBUG    | Line   85 (graph_level_ocgin.py): Epoch 024 | Loss 0.000680
2026-02-03 23:43:30.311 CET | DEBUG    | Line   85 (graph_level_ocgin.py): Epoch 025 | Loss 0.000672
2026-02-03 23:43:30.361 CET | DEBUG    | Line   85 (graph_level_ocgin.py): Epoch 026 | Loss 0.000660
2026-02-03 23:43:30.407 CET | DEBUG    | Line   85 (graph_level_ocgin.py): Epoch 027 | Loss 0.000646
2026-02-03 23:43:30.441 CET | DEBUG    | Line   85 (graph_level_ocgin.py): Epoch 028 | Loss 0.000639
2026-02-03 23:43:30.483 CET | DEBUG    | Line   85 (graph_level_ocgin.py): Epoch 029 | Loss 0.000620
2026-02-03 23:43:30.534 CET | DEBUG    | Line   85 (graph_level_ocgin.py): Epoch 030 | Loss 0.000626
2026-02-03 23:43:30.580 CET | DEBUG    | Line   85 (graph_level_ocgin.py): Epoch 031 | Loss 0.000615
2026-02-03 23:43:30.623 CET | DEBUG    | Line   85 (graph_level_ocgin.py): Epoch 032 | Loss 0.000616
2026-02-03 23:43:30.663 CET | DEBUG    | Line   85 (graph_level_ocgin.py): Epoch 033 | Loss 0.000609
2026-02-03 23:43:30.699 CET | DEBUG    | Line   85 (graph_level_ocgin.py): Epoch 034 | Loss 0.000596
2026-02-03 23:43:30.741 CET | DEBUG    | Line   85 (graph_level_ocgin.py): Epoch 035 | Loss 0.000601
2026-02-03 23:43:30.779 CET | DEBUG    | Line   85 (graph_level_ocgin.py): Epoch 036 | Loss 0.000587
2026-02-03 23:43:30.814 CET | DEBUG    | Line   85 (graph_level_ocgin.py): Epoch 037 | Loss 0.000584
2026-02-03 23:43:30.849 CET | DEBUG    | Line   85 (graph_level_ocgin.py): Epoch 038 | Loss 0.000589
2026-02-03 23:43:30.883 CET | DEBUG    | Line   85 (graph_level_ocgin.py): Epoch 039 | Loss 0.000582
2026-02-03 23:43:30.917 CET | DEBUG    | Line   85 (graph_level_ocgin.py): Epoch 040 | Loss 0.000578
2026-02-03 23:43:30.950 CET | DEBUG    | Line   85 (graph_level_ocgin.py): Epoch 041 | Loss 0.000583
2026-02-03 23:43:30.985 CET | DEBUG    | Line   85 (graph_level_ocgin.py): Epoch 042 | Loss 0.000576
2026-02-03 23:43:31.019 CET | DEBUG    | Line   85 (graph_level_ocgin.py): Epoch 043 | Loss 0.000577
2026-02-03 23:43:31.053 CET | DEBUG    | Line   85 (graph_level_ocgin.py): Epoch 044 | Loss 0.000571
2026-02-03 23:43:31.087 CET | DEBUG    | Line   85 (graph_level_ocgin.py): Epoch 045 | Loss 0.000573
2026-02-03 23:43:31.123 CET | DEBUG    | Line   85 (graph_level_ocgin.py): Epoch 046 | Loss 0.000573
2026-02-03 23:43:31.159 CET | DEBUG    | Line   85 (graph_level_ocgin.py): Epoch 047 | Loss 0.000575
2026-02-03 23:43:31.194 CET | DEBUG    | Line   85 (graph_level_ocgin.py): Epoch 048 | Loss 0.000572
2026-02-03 23:43:31.235 CET | DEBUG    | Line   85 (graph_level_ocgin.py): Epoch 049 | Loss 0.000574
2026-02-03 23:43:31.240 CET | INFO     | Line   65 (run_experiment_gl.py): ##################### computing scores
2026-02-03 23:43:31.305 CET | INFO     | Line   69 (run_experiment_gl.py): computed decision boundary on anomaly scores as 95% quantile:
2026-02-03 23:43:31.309 CET | INFO     | Line   72 (run_experiment_gl.py): tensor(0.0006)
2026-02-03 23:43:31.315 CET | INFO     | Line   75 (run_experiment_gl.py): Test anomaly scores:
2026-02-03 23:43:31.319 CET | INFO     | Line   76 (run_experiment_gl.py): tensor([0.0006, 0.0008, 0.0005, 0.0005, 0.0006, 0.0007, 0.0006, 0.0006, 0.0008,
        0.0006])
2026-02-03 23:43:31.324 CET | INFO     | Line   78 (run_experiment_gl.py): ##################### test rate: 
2026-02-03 23:43:31.343 CET | INFO     | Line   88 (run_experiment_gl.py): 0.8115942028985508
2026-02-03 23:43:31.348 CET | INFO     | Line   89 (run_experiment_gl.py): right classified: 112 out of 138
2026-02-03 23:43:31.365 CET | INFO     | Line   28 (run_experiment_gl.py): ##################### Loading config parameters
2026-02-03 23:43:31.368 CET | INFO     | Line   20 (logging_utils.py): Config parameters:
2026-02-03 23:43:31.374 CET | INFO     | Line   21 (logging_utils.py): 
2026-02-03 23:43:31.378 CET | INFO     | Line   27 (logging_utils.py): hidden_dim: 128
2026-02-03 23:43:31.382 CET | INFO     | Line   27 (logging_utils.py): num_layers: 4
2026-02-03 23:43:31.384 CET | INFO     | Line   27 (logging_utils.py): device: cpu
2026-02-03 23:43:31.390 CET | INFO     | Line   27 (logging_utils.py): lr: 0.001
2026-02-03 23:43:31.395 CET | INFO     | Line   27 (logging_utils.py): epochs: 50
2026-02-03 23:43:31.399 CET | INFO     | Line   27 (logging_utils.py): batch_size: 32
2026-02-03 23:43:31.401 CET | INFO     | Line   27 (logging_utils.py): dataset: MUTAG
2026-02-03 23:43:31.406 CET | INFO     | Line   27 (logging_utils.py): is_logical: True
2026-02-03 23:43:31.410 CET | INFO     | Line   27 (logging_utils.py): constrains_filepath: constrains/data/MUTAG_auto_generated_2_101_102.json
2026-02-03 23:43:31.413 CET | INFO     | Line   25 (logging_utils.py): constrains_handler: GLRuleBasedHandler
2026-02-03 23:43:31.416 CET | INFO     | Line   27 (logging_utils.py): l_factor: 0.1
2026-02-03 23:43:31.419 CET | INFO     | Line   27 (logging_utils.py): save_logs: True
2026-02-03 23:43:31.423 CET | INFO     | Line   29 (logging_utils.py): 
2026-02-03 23:43:31.427 CET | INFO     | Line   30 (logging_utils.py): Training on model: GraphOCGINLossConstrains
2026-02-03 23:43:31.430 CET | INFO     | Line   31 (logging_utils.py): 
2026-02-03 23:43:31.433 CET | INFO     | Line   41 (run_experiment_gl.py): ##################### Loading data
2026-02-03 23:43:31.474 CET | INFO     | Line   45 (run_experiment_gl.py): ##################### creating model
2026-02-03 23:43:31.479 CET | INFO     | Line   48 (run_experiment_gl.py): creating model with number of node features: 7
2026-02-03 23:43:31.492 CET | INFO     | Line   51 (run_experiment_gl.py): ##################### staring training
2026-02-03 23:43:31.495 CET | INFO     | Line   53 (run_experiment_gl.py): setting up the logical constrains
2026-02-03 23:43:31.590 CET | DEBUG    | Line   90 (gl_ocgin.py): Epoch 000 | Loss 0.008595
2026-02-03 23:43:31.841 CET | DEBUG    | Line   90 (gl_ocgin.py): Epoch 010 | Loss 0.003047
2026-02-03 23:43:32.090 CET | DEBUG    | Line   90 (gl_ocgin.py): Epoch 020 | Loss 0.002876
2026-02-03 23:43:32.349 CET | DEBUG    | Line   90 (gl_ocgin.py): Epoch 030 | Loss 0.002854
2026-02-03 23:43:32.574 CET | DEBUG    | Line   90 (gl_ocgin.py): Epoch 040 | Loss 0.002834
2026-02-03 23:43:32.787 CET | INFO     | Line   65 (run_experiment_gl.py): ##################### computing scores
2026-02-03 23:43:32.835 CET | INFO     | Line   69 (run_experiment_gl.py): computed decision boundary on anomaly scores as 95% quantile:
2026-02-03 23:43:32.840 CET | INFO     | Line   72 (run_experiment_gl.py): tensor(0.0009)
2026-02-03 23:43:32.847 CET | INFO     | Line   75 (run_experiment_gl.py): Test anomaly scores:
2026-02-03 23:43:32.852 CET | INFO     | Line   76 (run_experiment_gl.py): tensor([0.0004, 0.0011, 0.0006, 0.0011, 0.0004, 0.0009, 0.0005, 0.0006, 0.0005,
        0.0004])
2026-02-03 23:43:32.858 CET | INFO     | Line   78 (run_experiment_gl.py): ##################### test rate: 
2026-02-03 23:43:32.873 CET | INFO     | Line   88 (run_experiment_gl.py): 0.8695652173913043
2026-02-03 23:43:32.876 CET | INFO     | Line   89 (run_experiment_gl.py): right classified: 120 out of 138
2026-02-03 23:43:32.889 CET | INFO     | Line   28 (run_experiment_gl.py): ##################### Loading config parameters
2026-02-03 23:43:32.893 CET | INFO     | Line   20 (logging_utils.py): Config parameters:
2026-02-03 23:43:32.896 CET | INFO     | Line   21 (logging_utils.py): 
2026-02-03 23:43:32.899 CET | INFO     | Line   27 (logging_utils.py): hidden_dim: 128
2026-02-03 23:43:32.902 CET | INFO     | Line   27 (logging_utils.py): num_layers: 4
2026-02-03 23:43:32.906 CET | INFO     | Line   27 (logging_utils.py): device: cpu
2026-02-03 23:43:32.909 CET | INFO     | Line   27 (logging_utils.py): lr: 0.001
2026-02-03 23:43:32.913 CET | INFO     | Line   27 (logging_utils.py): epochs: 50
2026-02-03 23:43:32.916 CET | INFO     | Line   27 (logging_utils.py): batch_size: 32
2026-02-03 23:43:32.920 CET | INFO     | Line   27 (logging_utils.py): dataset: MUTAG
2026-02-03 23:43:32.926 CET | INFO     | Line   27 (logging_utils.py): is_logical: True
2026-02-03 23:43:32.931 CET | INFO     | Line   27 (logging_utils.py): constrains_filepath: constrains/data/MUTAG_auto_generated_2_101_102.json
2026-02-03 23:43:32.933 CET | INFO     | Line   25 (logging_utils.py): constrains_handler: GLRuleBasedHandler
2026-02-03 23:43:32.937 CET | INFO     | Line   27 (logging_utils.py): l_factor: 0.01
2026-02-03 23:43:32.941 CET | INFO     | Line   27 (logging_utils.py): save_logs: True
2026-02-03 23:43:32.944 CET | INFO     | Line   29 (logging_utils.py): 
2026-02-03 23:43:32.948 CET | INFO     | Line   30 (logging_utils.py): Training on model: GraphOCGINLossConstrains
2026-02-03 23:43:32.951 CET | INFO     | Line   31 (logging_utils.py): 
2026-02-03 23:43:32.958 CET | INFO     | Line   41 (run_experiment_gl.py): ##################### Loading data
2026-02-03 23:43:33.005 CET | INFO     | Line   45 (run_experiment_gl.py): ##################### creating model
2026-02-03 23:43:33.008 CET | INFO     | Line   48 (run_experiment_gl.py): creating model with number of node features: 7
2026-02-03 23:43:33.017 CET | INFO     | Line   51 (run_experiment_gl.py): ##################### staring training
2026-02-03 23:43:33.021 CET | INFO     | Line   53 (run_experiment_gl.py): setting up the logical constrains
2026-02-03 23:43:33.115 CET | DEBUG    | Line   90 (gl_ocgin.py): Epoch 000 | Loss 0.003291
2026-02-03 23:43:33.372 CET | DEBUG    | Line   90 (gl_ocgin.py): Epoch 010 | Loss 0.000525
2026-02-03 23:43:33.611 CET | DEBUG    | Line   90 (gl_ocgin.py): Epoch 020 | Loss 0.000463
2026-02-03 23:43:33.825 CET | DEBUG    | Line   90 (gl_ocgin.py): Epoch 030 | Loss 0.000447
2026-02-03 23:43:34.027 CET | DEBUG    | Line   90 (gl_ocgin.py): Epoch 040 | Loss 0.000443
2026-02-03 23:43:34.237 CET | INFO     | Line   65 (run_experiment_gl.py): ##################### computing scores
2026-02-03 23:43:34.285 CET | INFO     | Line   69 (run_experiment_gl.py): computed decision boundary on anomaly scores as 95% quantile:
2026-02-03 23:43:34.297 CET | INFO     | Line   72 (run_experiment_gl.py): tensor(0.0016)
2026-02-03 23:43:34.302 CET | INFO     | Line   75 (run_experiment_gl.py): Test anomaly scores:
2026-02-03 23:43:34.306 CET | INFO     | Line   76 (run_experiment_gl.py): tensor([0.0015, 0.0015, 0.0016, 0.0015, 0.0015, 0.0016, 0.0016, 0.0015, 0.0015,
        0.0016])
2026-02-03 23:43:34.311 CET | INFO     | Line   78 (run_experiment_gl.py): ##################### test rate: 
2026-02-03 23:43:34.330 CET | INFO     | Line   88 (run_experiment_gl.py): 0.8405797101449275
2026-02-03 23:43:34.334 CET | INFO     | Line   89 (run_experiment_gl.py): right classified: 116 out of 138
2026-02-03 23:43:34.355 CET | INFO     | Line   28 (run_experiment_gl.py): ##################### Loading config parameters
2026-02-03 23:43:34.360 CET | INFO     | Line   20 (logging_utils.py): Config parameters:
2026-02-03 23:43:34.364 CET | INFO     | Line   21 (logging_utils.py): 
2026-02-03 23:43:34.368 CET | INFO     | Line   27 (logging_utils.py): hidden_dim: 128
2026-02-03 23:43:34.372 CET | INFO     | Line   27 (logging_utils.py): num_layers: 4
2026-02-03 23:43:34.376 CET | INFO     | Line   27 (logging_utils.py): device: cpu
2026-02-03 23:43:34.382 CET | INFO     | Line   27 (logging_utils.py): lr: 0.001
2026-02-03 23:43:34.387 CET | INFO     | Line   27 (logging_utils.py): epochs: 50
2026-02-03 23:43:34.391 CET | INFO     | Line   27 (logging_utils.py): batch_size: 32
2026-02-03 23:43:34.395 CET | INFO     | Line   27 (logging_utils.py): dataset: MUTAG
2026-02-03 23:43:34.399 CET | INFO     | Line   27 (logging_utils.py): is_logical: True
2026-02-03 23:43:34.405 CET | INFO     | Line   27 (logging_utils.py): constrains_filepath: constrains/data/MUTAG_auto_generated_2_101_102.json
2026-02-03 23:43:34.409 CET | INFO     | Line   25 (logging_utils.py): constrains_handler: GLRuleBasedHandler
2026-02-03 23:43:34.414 CET | INFO     | Line   27 (logging_utils.py): l_factor: 0.005
2026-02-03 23:43:34.418 CET | INFO     | Line   27 (logging_utils.py): save_logs: True
2026-02-03 23:43:34.424 CET | INFO     | Line   29 (logging_utils.py): 
2026-02-03 23:43:34.428 CET | INFO     | Line   30 (logging_utils.py): Training on model: GraphOCGINLossConstrains
2026-02-03 23:43:34.432 CET | INFO     | Line   31 (logging_utils.py): 
2026-02-03 23:43:34.438 CET | INFO     | Line   41 (run_experiment_gl.py): ##################### Loading data
2026-02-03 23:43:34.493 CET | INFO     | Line   45 (run_experiment_gl.py): ##################### creating model
2026-02-03 23:43:34.496 CET | INFO     | Line   48 (run_experiment_gl.py): creating model with number of node features: 7
2026-02-03 23:43:34.505 CET | INFO     | Line   51 (run_experiment_gl.py): ##################### staring training
2026-02-03 23:43:34.509 CET | INFO     | Line   53 (run_experiment_gl.py): setting up the logical constrains
2026-02-03 23:43:34.604 CET | DEBUG    | Line   90 (gl_ocgin.py): Epoch 000 | Loss 0.001835
2026-02-03 23:43:34.864 CET | DEBUG    | Line   90 (gl_ocgin.py): Epoch 010 | Loss 0.000272
2026-02-03 23:43:35.112 CET | DEBUG    | Line   90 (gl_ocgin.py): Epoch 020 | Loss 0.000207
2026-02-03 23:43:35.331 CET | DEBUG    | Line   90 (gl_ocgin.py): Epoch 030 | Loss 0.000198
2026-02-03 23:43:35.536 CET | DEBUG    | Line   90 (gl_ocgin.py): Epoch 040 | Loss 0.000196
2026-02-03 23:43:35.749 CET | INFO     | Line   65 (run_experiment_gl.py): ##################### computing scores
2026-02-03 23:43:35.798 CET | INFO     | Line   69 (run_experiment_gl.py): computed decision boundary on anomaly scores as 95% quantile:
2026-02-03 23:43:35.803 CET | INFO     | Line   72 (run_experiment_gl.py): tensor(0.0005)
2026-02-03 23:43:35.808 CET | INFO     | Line   75 (run_experiment_gl.py): Test anomaly scores:
2026-02-03 23:43:35.814 CET | INFO     | Line   76 (run_experiment_gl.py): tensor([0.0005, 0.0005, 0.0006, 0.0005, 0.0005, 0.0005, 0.0005, 0.0005, 0.0005,
        0.0005])
2026-02-03 23:43:35.821 CET | INFO     | Line   78 (run_experiment_gl.py): ##################### test rate: 
2026-02-03 23:43:35.839 CET | INFO     | Line   88 (run_experiment_gl.py): 0.7898550724637681
2026-02-03 23:43:35.844 CET | INFO     | Line   89 (run_experiment_gl.py): right classified: 109 out of 138
2026-02-03 23:43:35.864 CET | INFO     | Line   28 (run_experiment_gl.py): ##################### Loading config parameters
2026-02-03 23:43:35.869 CET | INFO     | Line   20 (logging_utils.py): Config parameters:
2026-02-03 23:43:35.874 CET | INFO     | Line   21 (logging_utils.py): 
2026-02-03 23:43:35.879 CET | INFO     | Line   27 (logging_utils.py): hidden_dim: 128
2026-02-03 23:43:35.883 CET | INFO     | Line   27 (logging_utils.py): num_layers: 4
2026-02-03 23:43:35.889 CET | INFO     | Line   27 (logging_utils.py): device: cpu
2026-02-03 23:43:35.893 CET | INFO     | Line   27 (logging_utils.py): lr: 0.001
2026-02-03 23:43:35.897 CET | INFO     | Line   27 (logging_utils.py): epochs: 50
2026-02-03 23:43:35.902 CET | INFO     | Line   27 (logging_utils.py): batch_size: 32
2026-02-03 23:43:35.907 CET | INFO     | Line   27 (logging_utils.py): dataset: MUTAG
2026-02-03 23:43:35.912 CET | INFO     | Line   27 (logging_utils.py): is_logical: True
2026-02-03 23:43:35.916 CET | INFO     | Line   27 (logging_utils.py): constrains_filepath: constrains/data/MUTAG_auto_generated_2_101_102.json
2026-02-03 23:43:35.923 CET | INFO     | Line   25 (logging_utils.py): constrains_handler: GLRuleBasedHandler
2026-02-03 23:43:35.929 CET | INFO     | Line   27 (logging_utils.py): l_factor: 0.001
2026-02-03 23:43:35.932 CET | INFO     | Line   27 (logging_utils.py): save_logs: True
2026-02-03 23:43:35.936 CET | INFO     | Line   29 (logging_utils.py): 
2026-02-03 23:43:35.940 CET | INFO     | Line   30 (logging_utils.py): Training on model: GraphOCGINLossConstrains
2026-02-03 23:43:35.943 CET | INFO     | Line   31 (logging_utils.py): 
2026-02-03 23:43:35.946 CET | INFO     | Line   41 (run_experiment_gl.py): ##################### Loading data
2026-02-03 23:43:35.987 CET | INFO     | Line   45 (run_experiment_gl.py): ##################### creating model
2026-02-03 23:43:35.991 CET | INFO     | Line   48 (run_experiment_gl.py): creating model with number of node features: 7
2026-02-03 23:43:36.002 CET | INFO     | Line   51 (run_experiment_gl.py): ##################### staring training
2026-02-03 23:43:36.006 CET | INFO     | Line   53 (run_experiment_gl.py): setting up the logical constrains
2026-02-03 23:43:36.100 CET | DEBUG    | Line   90 (gl_ocgin.py): Epoch 000 | Loss 0.023300
2026-02-03 23:43:36.395 CET | DEBUG    | Line   90 (gl_ocgin.py): Epoch 010 | Loss 0.001523
2026-02-03 23:43:36.621 CET | DEBUG    | Line   90 (gl_ocgin.py): Epoch 020 | Loss 0.000910
2026-02-03 23:43:36.831 CET | DEBUG    | Line   90 (gl_ocgin.py): Epoch 030 | Loss 0.000411
2026-02-03 23:43:37.034 CET | DEBUG    | Line   90 (gl_ocgin.py): Epoch 040 | Loss 0.000354
2026-02-03 23:43:37.220 CET | INFO     | Line   65 (run_experiment_gl.py): ##################### computing scores
2026-02-03 23:43:37.279 CET | INFO     | Line   69 (run_experiment_gl.py): computed decision boundary on anomaly scores as 95% quantile:
2026-02-03 23:43:37.285 CET | INFO     | Line   72 (run_experiment_gl.py): tensor(0.0032)
2026-02-03 23:43:37.291 CET | INFO     | Line   75 (run_experiment_gl.py): Test anomaly scores:
2026-02-03 23:43:37.298 CET | INFO     | Line   76 (run_experiment_gl.py): tensor([0.0032, 0.0027, 0.0026, 0.0030, 0.0033, 0.0035, 0.0031, 0.0028, 0.0029,
        0.0030])
2026-02-03 23:43:37.304 CET | INFO     | Line   78 (run_experiment_gl.py): ##################### test rate: 
2026-02-03 23:43:37.323 CET | INFO     | Line   88 (run_experiment_gl.py): 0.717391304347826
2026-02-03 23:43:37.327 CET | INFO     | Line   89 (run_experiment_gl.py): right classified: 99 out of 138
2026-02-03 23:43:37.343 CET | INFO     | Line   28 (run_experiment_gl.py): ##################### Loading config parameters
2026-02-03 23:43:37.346 CET | INFO     | Line   20 (logging_utils.py): Config parameters:
2026-02-03 23:43:37.349 CET | INFO     | Line   21 (logging_utils.py): 
2026-02-03 23:43:37.354 CET | INFO     | Line   27 (logging_utils.py): hidden_dim: 128
2026-02-03 23:43:37.359 CET | INFO     | Line   27 (logging_utils.py): num_layers: 4
2026-02-03 23:43:37.364 CET | INFO     | Line   27 (logging_utils.py): device: cpu
2026-02-03 23:43:37.366 CET | INFO     | Line   27 (logging_utils.py): lr: 0.001
2026-02-03 23:43:37.373 CET | INFO     | Line   27 (logging_utils.py): epochs: 50
2026-02-03 23:43:37.378 CET | INFO     | Line   27 (logging_utils.py): batch_size: 32
2026-02-03 23:43:37.381 CET | INFO     | Line   27 (logging_utils.py): dataset: MUTAG
2026-02-03 23:43:37.386 CET | INFO     | Line   27 (logging_utils.py): is_logical: True
2026-02-03 23:43:37.391 CET | INFO     | Line   27 (logging_utils.py): constrains_filepath: constrains/data/MUTAG_auto_generated_3_101_102.json
2026-02-03 23:43:37.396 CET | INFO     | Line   25 (logging_utils.py): constrains_handler: GLRuleBasedHandler
2026-02-03 23:43:37.399 CET | INFO     | Line   27 (logging_utils.py): l_factor: 0.1
2026-02-03 23:43:37.405 CET | INFO     | Line   27 (logging_utils.py): save_logs: True
2026-02-03 23:43:37.410 CET | INFO     | Line   29 (logging_utils.py): 
2026-02-03 23:43:37.414 CET | INFO     | Line   30 (logging_utils.py): Training on model: GraphOCGINLossConstrains
2026-02-03 23:43:37.418 CET | INFO     | Line   31 (logging_utils.py): 
2026-02-03 23:43:37.424 CET | INFO     | Line   41 (run_experiment_gl.py): ##################### Loading data
2026-02-03 23:43:37.467 CET | INFO     | Line   45 (run_experiment_gl.py): ##################### creating model
2026-02-03 23:43:37.470 CET | INFO     | Line   48 (run_experiment_gl.py): creating model with number of node features: 7
2026-02-03 23:43:37.480 CET | INFO     | Line   51 (run_experiment_gl.py): ##################### staring training
2026-02-03 23:43:37.484 CET | INFO     | Line   53 (run_experiment_gl.py): setting up the logical constrains
2026-02-03 23:43:37.581 CET | DEBUG    | Line   90 (gl_ocgin.py): Epoch 000 | Loss 0.008285
2026-02-03 23:43:37.854 CET | DEBUG    | Line   90 (gl_ocgin.py): Epoch 010 | Loss 0.003956
2026-02-03 23:43:38.085 CET | DEBUG    | Line   90 (gl_ocgin.py): Epoch 020 | Loss 0.003823
2026-02-03 23:43:38.296 CET | DEBUG    | Line   90 (gl_ocgin.py): Epoch 030 | Loss 0.003797
2026-02-03 23:43:38.501 CET | DEBUG    | Line   90 (gl_ocgin.py): Epoch 040 | Loss 0.003790
2026-02-03 23:43:38.708 CET | INFO     | Line   65 (run_experiment_gl.py): ##################### computing scores
2026-02-03 23:43:38.757 CET | INFO     | Line   69 (run_experiment_gl.py): computed decision boundary on anomaly scores as 95% quantile:
2026-02-03 23:43:38.762 CET | INFO     | Line   72 (run_experiment_gl.py): tensor(0.0011)
2026-02-03 23:43:38.769 CET | INFO     | Line   75 (run_experiment_gl.py): Test anomaly scores:
2026-02-03 23:43:38.773 CET | INFO     | Line   76 (run_experiment_gl.py): tensor([0.0011, 0.0011, 0.0011, 0.0011, 0.0011, 0.0011, 0.0011, 0.0011, 0.0011,
        0.0011])
2026-02-03 23:43:38.779 CET | INFO     | Line   78 (run_experiment_gl.py): ##################### test rate: 
2026-02-03 23:43:38.799 CET | INFO     | Line   88 (run_experiment_gl.py): 0.855072463768116
2026-02-03 23:43:38.805 CET | INFO     | Line   89 (run_experiment_gl.py): right classified: 118 out of 138
2026-02-03 23:43:38.825 CET | INFO     | Line   28 (run_experiment_gl.py): ##################### Loading config parameters
2026-02-03 23:43:38.830 CET | INFO     | Line   20 (logging_utils.py): Config parameters:
2026-02-03 23:43:38.835 CET | INFO     | Line   21 (logging_utils.py): 
2026-02-03 23:43:38.840 CET | INFO     | Line   27 (logging_utils.py): hidden_dim: 128
2026-02-03 23:43:38.845 CET | INFO     | Line   27 (logging_utils.py): num_layers: 4
2026-02-03 23:43:38.849 CET | INFO     | Line   27 (logging_utils.py): device: cpu
2026-02-03 23:43:38.855 CET | INFO     | Line   27 (logging_utils.py): lr: 0.001
2026-02-03 23:43:38.859 CET | INFO     | Line   27 (logging_utils.py): epochs: 50
2026-02-03 23:43:38.864 CET | INFO     | Line   27 (logging_utils.py): batch_size: 32
2026-02-03 23:43:38.869 CET | INFO     | Line   27 (logging_utils.py): dataset: MUTAG
2026-02-03 23:43:38.874 CET | INFO     | Line   27 (logging_utils.py): is_logical: True
2026-02-03 23:43:38.878 CET | INFO     | Line   27 (logging_utils.py): constrains_filepath: constrains/data/MUTAG_auto_generated_3_101_102.json
2026-02-03 23:43:38.883 CET | INFO     | Line   25 (logging_utils.py): constrains_handler: GLRuleBasedHandler
2026-02-03 23:43:38.889 CET | INFO     | Line   27 (logging_utils.py): l_factor: 0.01
2026-02-03 23:43:38.893 CET | INFO     | Line   27 (logging_utils.py): save_logs: True
2026-02-03 23:43:38.897 CET | INFO     | Line   29 (logging_utils.py): 
2026-02-03 23:43:38.903 CET | INFO     | Line   30 (logging_utils.py): Training on model: GraphOCGINLossConstrains
2026-02-03 23:43:38.908 CET | INFO     | Line   31 (logging_utils.py): 
2026-02-03 23:43:38.912 CET | INFO     | Line   41 (run_experiment_gl.py): ##################### Loading data
2026-02-03 23:43:38.964 CET | INFO     | Line   45 (run_experiment_gl.py): ##################### creating model
2026-02-03 23:43:38.970 CET | INFO     | Line   48 (run_experiment_gl.py): creating model with number of node features: 7
2026-02-03 23:43:38.982 CET | INFO     | Line   51 (run_experiment_gl.py): ##################### staring training
2026-02-03 23:43:38.986 CET | INFO     | Line   53 (run_experiment_gl.py): setting up the logical constrains
2026-02-03 23:43:39.082 CET | DEBUG    | Line   90 (gl_ocgin.py): Epoch 000 | Loss 0.001792
2026-02-03 23:43:39.348 CET | DEBUG    | Line   90 (gl_ocgin.py): Epoch 010 | Loss 0.000456
2026-02-03 23:43:39.600 CET | DEBUG    | Line   90 (gl_ocgin.py): Epoch 020 | Loss 0.000395
2026-02-03 23:43:39.806 CET | DEBUG    | Line   90 (gl_ocgin.py): Epoch 030 | Loss 0.000383
2026-02-03 23:43:40.011 CET | DEBUG    | Line   90 (gl_ocgin.py): Epoch 040 | Loss 0.000380
2026-02-03 23:43:40.231 CET | INFO     | Line   65 (run_experiment_gl.py): ##################### computing scores
2026-02-03 23:43:40.282 CET | INFO     | Line   69 (run_experiment_gl.py): computed decision boundary on anomaly scores as 95% quantile:
2026-02-03 23:43:40.287 CET | INFO     | Line   72 (run_experiment_gl.py): tensor(0.0002)
2026-02-03 23:43:40.293 CET | INFO     | Line   75 (run_experiment_gl.py): Test anomaly scores:
2026-02-03 23:43:40.297 CET | INFO     | Line   76 (run_experiment_gl.py): tensor([1.1922e-04, 8.3163e-05, 9.4553e-05, 1.0550e-04, 2.7562e-04, 2.7054e-04,
        7.4883e-05, 1.0963e-04, 9.8333e-05, 1.2416e-04])
2026-02-03 23:43:40.300 CET | INFO     | Line   78 (run_experiment_gl.py): ##################### test rate: 
2026-02-03 23:43:40.314 CET | INFO     | Line   88 (run_experiment_gl.py): 0.7753623188405797
2026-02-03 23:43:40.319 CET | INFO     | Line   89 (run_experiment_gl.py): right classified: 107 out of 138
2026-02-03 23:43:40.334 CET | INFO     | Line   28 (run_experiment_gl.py): ##################### Loading config parameters
2026-02-03 23:43:40.338 CET | INFO     | Line   20 (logging_utils.py): Config parameters:
2026-02-03 23:43:40.340 CET | INFO     | Line   21 (logging_utils.py): 
2026-02-03 23:43:40.343 CET | INFO     | Line   27 (logging_utils.py): hidden_dim: 128
2026-02-03 23:43:40.346 CET | INFO     | Line   27 (logging_utils.py): num_layers: 4
2026-02-03 23:43:40.348 CET | INFO     | Line   27 (logging_utils.py): device: cpu
2026-02-03 23:43:40.353 CET | INFO     | Line   27 (logging_utils.py): lr: 0.001
2026-02-03 23:43:40.356 CET | INFO     | Line   27 (logging_utils.py): epochs: 50
2026-02-03 23:43:40.359 CET | INFO     | Line   27 (logging_utils.py): batch_size: 32
2026-02-03 23:43:40.362 CET | INFO     | Line   27 (logging_utils.py): dataset: MUTAG
2026-02-03 23:43:40.365 CET | INFO     | Line   27 (logging_utils.py): is_logical: True
2026-02-03 23:43:40.369 CET | INFO     | Line   27 (logging_utils.py): constrains_filepath: constrains/data/MUTAG_auto_generated_3_101_102.json
2026-02-03 23:43:40.373 CET | INFO     | Line   25 (logging_utils.py): constrains_handler: GLRuleBasedHandler
2026-02-03 23:43:40.375 CET | INFO     | Line   27 (logging_utils.py): l_factor: 0.005
2026-02-03 23:43:40.379 CET | INFO     | Line   27 (logging_utils.py): save_logs: True
2026-02-03 23:43:40.382 CET | INFO     | Line   29 (logging_utils.py): 
2026-02-03 23:43:40.386 CET | INFO     | Line   30 (logging_utils.py): Training on model: GraphOCGINLossConstrains
2026-02-03 23:43:40.390 CET | INFO     | Line   31 (logging_utils.py): 
2026-02-03 23:43:40.392 CET | INFO     | Line   41 (run_experiment_gl.py): ##################### Loading data
2026-02-03 23:43:40.452 CET | INFO     | Line   45 (run_experiment_gl.py): ##################### creating model
2026-02-03 23:43:40.457 CET | INFO     | Line   48 (run_experiment_gl.py): creating model with number of node features: 7
2026-02-03 23:43:40.473 CET | INFO     | Line   51 (run_experiment_gl.py): ##################### staring training
2026-02-03 23:43:40.477 CET | INFO     | Line   53 (run_experiment_gl.py): setting up the logical constrains
2026-02-03 23:43:40.573 CET | DEBUG    | Line   90 (gl_ocgin.py): Epoch 000 | Loss 0.003125
2026-02-03 23:43:40.832 CET | DEBUG    | Line   90 (gl_ocgin.py): Epoch 010 | Loss 0.000554
2026-02-03 23:43:41.081 CET | DEBUG    | Line   90 (gl_ocgin.py): Epoch 020 | Loss 0.000340
2026-02-03 23:43:41.294 CET | DEBUG    | Line   90 (gl_ocgin.py): Epoch 030 | Loss 0.000310
2026-02-03 23:43:41.496 CET | DEBUG    | Line   90 (gl_ocgin.py): Epoch 040 | Loss 0.000299
2026-02-03 23:43:41.694 CET | INFO     | Line   65 (run_experiment_gl.py): ##################### computing scores
2026-02-03 23:43:41.751 CET | INFO     | Line   69 (run_experiment_gl.py): computed decision boundary on anomaly scores as 95% quantile:
2026-02-03 23:43:41.757 CET | INFO     | Line   72 (run_experiment_gl.py): tensor(0.0012)
2026-02-03 23:43:41.764 CET | INFO     | Line   75 (run_experiment_gl.py): Test anomaly scores:
2026-02-03 23:43:41.768 CET | INFO     | Line   76 (run_experiment_gl.py): tensor([0.0013, 0.0010, 0.0011, 0.0010, 0.0010, 0.0010, 0.0009, 0.0009, 0.0011,
        0.0012])
2026-02-03 23:43:41.773 CET | INFO     | Line   78 (run_experiment_gl.py): ##################### test rate: 
2026-02-03 23:43:41.789 CET | INFO     | Line   88 (run_experiment_gl.py): 0.8333333333333334
2026-02-03 23:43:41.793 CET | INFO     | Line   89 (run_experiment_gl.py): right classified: 115 out of 138
2026-02-03 23:43:41.810 CET | INFO     | Line   28 (run_experiment_gl.py): ##################### Loading config parameters
2026-02-03 23:43:41.813 CET | INFO     | Line   20 (logging_utils.py): Config parameters:
2026-02-03 23:43:41.818 CET | INFO     | Line   21 (logging_utils.py): 
2026-02-03 23:43:41.823 CET | INFO     | Line   27 (logging_utils.py): hidden_dim: 128
2026-02-03 23:43:41.827 CET | INFO     | Line   27 (logging_utils.py): num_layers: 4
2026-02-03 23:43:41.829 CET | INFO     | Line   27 (logging_utils.py): device: cpu
2026-02-03 23:43:41.833 CET | INFO     | Line   27 (logging_utils.py): lr: 0.001
2026-02-03 23:43:41.839 CET | INFO     | Line   27 (logging_utils.py): epochs: 50
2026-02-03 23:43:41.843 CET | INFO     | Line   27 (logging_utils.py): batch_size: 32
2026-02-03 23:43:41.846 CET | INFO     | Line   27 (logging_utils.py): dataset: MUTAG
2026-02-03 23:43:41.849 CET | INFO     | Line   27 (logging_utils.py): is_logical: True
2026-02-03 23:43:41.855 CET | INFO     | Line   27 (logging_utils.py): constrains_filepath: constrains/data/MUTAG_auto_generated_3_101_102.json
2026-02-03 23:43:41.860 CET | INFO     | Line   25 (logging_utils.py): constrains_handler: GLRuleBasedHandler
2026-02-03 23:43:41.862 CET | INFO     | Line   27 (logging_utils.py): l_factor: 0.001
2026-02-03 23:43:41.868 CET | INFO     | Line   27 (logging_utils.py): save_logs: True
2026-02-03 23:43:41.873 CET | INFO     | Line   29 (logging_utils.py): 
2026-02-03 23:43:41.878 CET | INFO     | Line   30 (logging_utils.py): Training on model: GraphOCGINLossConstrains
2026-02-03 23:43:41.883 CET | INFO     | Line   31 (logging_utils.py): 
2026-02-03 23:43:41.889 CET | INFO     | Line   41 (run_experiment_gl.py): ##################### Loading data
2026-02-03 23:43:41.935 CET | INFO     | Line   45 (run_experiment_gl.py): ##################### creating model
2026-02-03 23:43:41.939 CET | INFO     | Line   48 (run_experiment_gl.py): creating model with number of node features: 7
2026-02-03 23:43:41.950 CET | INFO     | Line   51 (run_experiment_gl.py): ##################### staring training
2026-02-03 23:43:41.954 CET | INFO     | Line   53 (run_experiment_gl.py): setting up the logical constrains
2026-02-03 23:43:42.048 CET | DEBUG    | Line   90 (gl_ocgin.py): Epoch 000 | Loss 0.002047
2026-02-03 23:43:42.343 CET | DEBUG    | Line   90 (gl_ocgin.py): Epoch 010 | Loss 0.000109
2026-02-03 23:43:42.564 CET | DEBUG    | Line   90 (gl_ocgin.py): Epoch 020 | Loss 0.000062
2026-02-03 23:43:42.774 CET | DEBUG    | Line   90 (gl_ocgin.py): Epoch 030 | Loss 0.000054
2026-02-03 23:43:42.983 CET | DEBUG    | Line   90 (gl_ocgin.py): Epoch 040 | Loss 0.000053
2026-02-03 23:43:43.181 CET | INFO     | Line   65 (run_experiment_gl.py): ##################### computing scores
2026-02-03 23:43:43.242 CET | INFO     | Line   69 (run_experiment_gl.py): computed decision boundary on anomaly scores as 95% quantile:
2026-02-03 23:43:43.248 CET | INFO     | Line   72 (run_experiment_gl.py): tensor(0.0002)
2026-02-03 23:43:43.255 CET | INFO     | Line   75 (run_experiment_gl.py): Test anomaly scores:
2026-02-03 23:43:43.261 CET | INFO     | Line   76 (run_experiment_gl.py): tensor([0.0001, 0.0002, 0.0001, 0.0001, 0.0001, 0.0003, 0.0001, 0.0001, 0.0001,
        0.0001])
2026-02-03 23:43:43.267 CET | INFO     | Line   78 (run_experiment_gl.py): ##################### test rate: 
2026-02-03 23:43:43.282 CET | INFO     | Line   88 (run_experiment_gl.py): 0.8188405797101449
2026-02-03 23:43:43.285 CET | INFO     | Line   89 (run_experiment_gl.py): right classified: 113 out of 138
2026-02-03 23:43:43.307 CET | INFO     | Line   28 (run_experiment_gl.py): ##################### Loading config parameters
2026-02-03 23:43:43.311 CET | INFO     | Line   20 (logging_utils.py): Config parameters:
2026-02-03 23:43:43.314 CET | INFO     | Line   21 (logging_utils.py): 
2026-02-03 23:43:43.319 CET | INFO     | Line   27 (logging_utils.py): hidden_dim: 128
2026-02-03 23:43:43.322 CET | INFO     | Line   27 (logging_utils.py): num_layers: 5
2026-02-03 23:43:43.326 CET | INFO     | Line   27 (logging_utils.py): device: cpu
2026-02-03 23:43:43.329 CET | INFO     | Line   27 (logging_utils.py): lr: 0.001
2026-02-03 23:43:43.332 CET | INFO     | Line   27 (logging_utils.py): epochs: 50
2026-02-03 23:43:43.336 CET | INFO     | Line   27 (logging_utils.py): batch_size: 32
2026-02-03 23:43:43.340 CET | INFO     | Line   27 (logging_utils.py): dataset: MUTAG
2026-02-03 23:43:43.343 CET | INFO     | Line   27 (logging_utils.py): is_logical: False
2026-02-03 23:43:43.346 CET | INFO     | Line   27 (logging_utils.py): constrains_filepath: constrains/data/MUTAG_auto_generated_2_101_102.json
2026-02-03 23:43:43.351 CET | INFO     | Line   25 (logging_utils.py): constrains_handler: GLRuleBasedHandler
2026-02-03 23:43:43.354 CET | INFO     | Line   27 (logging_utils.py): l_factor: 0.1
2026-02-03 23:43:43.357 CET | INFO     | Line   27 (logging_utils.py): save_logs: True
2026-02-03 23:43:43.361 CET | INFO     | Line   29 (logging_utils.py): 
2026-02-03 23:43:43.367 CET | INFO     | Line   30 (logging_utils.py): Training on model: GraphOCGIN
2026-02-03 23:43:43.373 CET | INFO     | Line   31 (logging_utils.py): 
2026-02-03 23:43:43.377 CET | INFO     | Line   41 (run_experiment_gl.py): ##################### Loading data
2026-02-03 23:43:43.418 CET | INFO     | Line   45 (run_experiment_gl.py): ##################### creating model
2026-02-03 23:43:43.423 CET | INFO     | Line   48 (run_experiment_gl.py): creating model with number of node features: 7
2026-02-03 23:43:43.441 CET | INFO     | Line   51 (run_experiment_gl.py): ##################### staring training
2026-02-03 23:43:43.501 CET | DEBUG    | Line   85 (graph_level_ocgin.py): Epoch 000 | Loss 0.023577
2026-02-03 23:43:43.540 CET | DEBUG    | Line   85 (graph_level_ocgin.py): Epoch 001 | Loss 0.013663
2026-02-03 23:43:43.578 CET | DEBUG    | Line   85 (graph_level_ocgin.py): Epoch 002 | Loss 0.006295
2026-02-03 23:43:43.616 CET | DEBUG    | Line   85 (graph_level_ocgin.py): Epoch 003 | Loss 0.003790
2026-02-03 23:43:43.656 CET | DEBUG    | Line   85 (graph_level_ocgin.py): Epoch 004 | Loss 0.002315
2026-02-03 23:43:43.696 CET | DEBUG    | Line   85 (graph_level_ocgin.py): Epoch 005 | Loss 0.001511
2026-02-03 23:43:43.737 CET | DEBUG    | Line   85 (graph_level_ocgin.py): Epoch 006 | Loss 0.001216
2026-02-03 23:43:43.778 CET | DEBUG    | Line   85 (graph_level_ocgin.py): Epoch 007 | Loss 0.001119
2026-02-03 23:43:43.822 CET | DEBUG    | Line   85 (graph_level_ocgin.py): Epoch 008 | Loss 0.000814
2026-02-03 23:43:43.864 CET | DEBUG    | Line   85 (graph_level_ocgin.py): Epoch 009 | Loss 0.000587
2026-02-03 23:43:43.902 CET | DEBUG    | Line   85 (graph_level_ocgin.py): Epoch 010 | Loss 0.000497
2026-02-03 23:43:43.941 CET | DEBUG    | Line   85 (graph_level_ocgin.py): Epoch 011 | Loss 0.000492
2026-02-03 23:43:43.982 CET | DEBUG    | Line   85 (graph_level_ocgin.py): Epoch 012 | Loss 0.000408
2026-02-03 23:43:44.024 CET | DEBUG    | Line   85 (graph_level_ocgin.py): Epoch 013 | Loss 0.000331
2026-02-03 23:43:44.065 CET | DEBUG    | Line   85 (graph_level_ocgin.py): Epoch 014 | Loss 0.000302
2026-02-03 23:43:44.103 CET | DEBUG    | Line   85 (graph_level_ocgin.py): Epoch 015 | Loss 0.000275
2026-02-03 23:43:44.141 CET | DEBUG    | Line   85 (graph_level_ocgin.py): Epoch 016 | Loss 0.000240
2026-02-03 23:43:44.179 CET | DEBUG    | Line   85 (graph_level_ocgin.py): Epoch 017 | Loss 0.000211
2026-02-03 23:43:44.216 CET | DEBUG    | Line   85 (graph_level_ocgin.py): Epoch 018 | Loss 0.000209
2026-02-03 23:43:44.257 CET | DEBUG    | Line   85 (graph_level_ocgin.py): Epoch 019 | Loss 0.000188
2026-02-03 23:43:44.296 CET | DEBUG    | Line   85 (graph_level_ocgin.py): Epoch 020 | Loss 0.000172
2026-02-03 23:43:44.334 CET | DEBUG    | Line   85 (graph_level_ocgin.py): Epoch 021 | Loss 0.000162
2026-02-03 23:43:44.372 CET | DEBUG    | Line   85 (graph_level_ocgin.py): Epoch 022 | Loss 0.000158
2026-02-03 23:43:44.410 CET | DEBUG    | Line   85 (graph_level_ocgin.py): Epoch 023 | Loss 0.000150
2026-02-03 23:43:44.448 CET | DEBUG    | Line   85 (graph_level_ocgin.py): Epoch 024 | Loss 0.000139
2026-02-03 23:43:44.486 CET | DEBUG    | Line   85 (graph_level_ocgin.py): Epoch 025 | Loss 0.000136
2026-02-03 23:43:44.523 CET | DEBUG    | Line   85 (graph_level_ocgin.py): Epoch 026 | Loss 0.000136
2026-02-03 23:43:44.561 CET | DEBUG    | Line   85 (graph_level_ocgin.py): Epoch 027 | Loss 0.000129
2026-02-03 23:43:44.602 CET | DEBUG    | Line   85 (graph_level_ocgin.py): Epoch 028 | Loss 0.000125
2026-02-03 23:43:44.662 CET | DEBUG    | Line   85 (graph_level_ocgin.py): Epoch 029 | Loss 0.000123
2026-02-03 23:43:44.719 CET | DEBUG    | Line   85 (graph_level_ocgin.py): Epoch 030 | Loss 0.000123
2026-02-03 23:43:44.852 CET | DEBUG    | Line   85 (graph_level_ocgin.py): Epoch 031 | Loss 0.000120
2026-02-03 23:43:44.936 CET | DEBUG    | Line   85 (graph_level_ocgin.py): Epoch 032 | Loss 0.000118
2026-02-03 23:43:44.978 CET | DEBUG    | Line   85 (graph_level_ocgin.py): Epoch 033 | Loss 0.000118
2026-02-03 23:43:45.028 CET | DEBUG    | Line   85 (graph_level_ocgin.py): Epoch 034 | Loss 0.000118
2026-02-03 23:43:45.113 CET | DEBUG    | Line   85 (graph_level_ocgin.py): Epoch 035 | Loss 0.000119
2026-02-03 23:43:45.222 CET | DEBUG    | Line   85 (graph_level_ocgin.py): Epoch 036 | Loss 0.000119
2026-02-03 23:43:45.434 CET | DEBUG    | Line   85 (graph_level_ocgin.py): Epoch 037 | Loss 0.000115
2026-02-03 23:43:45.530 CET | DEBUG    | Line   85 (graph_level_ocgin.py): Epoch 038 | Loss 0.000115
2026-02-03 23:43:45.604 CET | DEBUG    | Line   85 (graph_level_ocgin.py): Epoch 039 | Loss 0.000113
2026-02-03 23:43:45.664 CET | DEBUG    | Line   85 (graph_level_ocgin.py): Epoch 040 | Loss 0.000112
2026-02-03 23:43:45.709 CET | DEBUG    | Line   85 (graph_level_ocgin.py): Epoch 041 | Loss 0.000111
2026-02-03 23:43:45.749 CET | DEBUG    | Line   85 (graph_level_ocgin.py): Epoch 042 | Loss 0.000111
2026-02-03 23:43:45.790 CET | DEBUG    | Line   85 (graph_level_ocgin.py): Epoch 043 | Loss 0.000111
2026-02-03 23:43:45.830 CET | DEBUG    | Line   85 (graph_level_ocgin.py): Epoch 044 | Loss 0.000111
2026-02-03 23:43:45.871 CET | DEBUG    | Line   85 (graph_level_ocgin.py): Epoch 045 | Loss 0.000110
2026-02-03 23:43:45.913 CET | DEBUG    | Line   85 (graph_level_ocgin.py): Epoch 046 | Loss 0.000110
2026-02-03 23:43:45.955 CET | DEBUG    | Line   85 (graph_level_ocgin.py): Epoch 047 | Loss 0.000109
2026-02-03 23:43:45.995 CET | DEBUG    | Line   85 (graph_level_ocgin.py): Epoch 048 | Loss 0.000109
2026-02-03 23:43:46.035 CET | DEBUG    | Line   85 (graph_level_ocgin.py): Epoch 049 | Loss 0.000109
2026-02-03 23:43:46.040 CET | INFO     | Line   65 (run_experiment_gl.py): ##################### computing scores
2026-02-03 23:43:46.110 CET | INFO     | Line   69 (run_experiment_gl.py): computed decision boundary on anomaly scores as 95% quantile:
2026-02-03 23:43:46.114 CET | INFO     | Line   72 (run_experiment_gl.py): tensor(0.0001)
2026-02-03 23:43:46.121 CET | INFO     | Line   75 (run_experiment_gl.py): Test anomaly scores:
2026-02-03 23:43:46.124 CET | INFO     | Line   76 (run_experiment_gl.py): tensor([0.0001, 0.0001, 0.0001, 0.0001, 0.0001, 0.0001, 0.0001, 0.0001, 0.0001,
        0.0001])
2026-02-03 23:43:46.128 CET | INFO     | Line   78 (run_experiment_gl.py): ##################### test rate: 
2026-02-03 23:43:46.145 CET | INFO     | Line   88 (run_experiment_gl.py): 0.6521739130434783
2026-02-03 23:43:46.151 CET | INFO     | Line   89 (run_experiment_gl.py): right classified: 90 out of 138
2026-02-03 23:43:46.165 CET | INFO     | Line   28 (run_experiment_gl.py): ##################### Loading config parameters
2026-02-03 23:43:46.170 CET | INFO     | Line   20 (logging_utils.py): Config parameters:
2026-02-03 23:43:46.173 CET | INFO     | Line   21 (logging_utils.py): 
2026-02-03 23:43:46.177 CET | INFO     | Line   27 (logging_utils.py): hidden_dim: 128
2026-02-03 23:43:46.183 CET | INFO     | Line   27 (logging_utils.py): num_layers: 5
2026-02-03 23:43:46.187 CET | INFO     | Line   27 (logging_utils.py): device: cpu
2026-02-03 23:43:46.190 CET | INFO     | Line   27 (logging_utils.py): lr: 0.001
2026-02-03 23:43:46.194 CET | INFO     | Line   27 (logging_utils.py): epochs: 50
2026-02-03 23:43:46.200 CET | INFO     | Line   27 (logging_utils.py): batch_size: 32
2026-02-03 23:43:46.204 CET | INFO     | Line   27 (logging_utils.py): dataset: MUTAG
2026-02-03 23:43:46.207 CET | INFO     | Line   27 (logging_utils.py): is_logical: True
2026-02-03 23:43:46.210 CET | INFO     | Line   27 (logging_utils.py): constrains_filepath: constrains/data/MUTAG_auto_generated_2_101_102.json
2026-02-03 23:43:46.216 CET | INFO     | Line   25 (logging_utils.py): constrains_handler: GLRuleBasedHandler
2026-02-03 23:43:46.221 CET | INFO     | Line   27 (logging_utils.py): l_factor: 0.1
2026-02-03 23:43:46.224 CET | INFO     | Line   27 (logging_utils.py): save_logs: True
2026-02-03 23:43:46.228 CET | INFO     | Line   29 (logging_utils.py): 
2026-02-03 23:43:46.235 CET | INFO     | Line   30 (logging_utils.py): Training on model: GraphOCGINLossConstrains
2026-02-03 23:43:46.238 CET | INFO     | Line   31 (logging_utils.py): 
2026-02-03 23:43:46.241 CET | INFO     | Line   41 (run_experiment_gl.py): ##################### Loading data
2026-02-03 23:43:46.329 CET | INFO     | Line   45 (run_experiment_gl.py): ##################### creating model
2026-02-03 23:43:46.339 CET | INFO     | Line   48 (run_experiment_gl.py): creating model with number of node features: 7
2026-02-03 23:43:46.369 CET | INFO     | Line   51 (run_experiment_gl.py): ##################### staring training
2026-02-03 23:43:46.376 CET | INFO     | Line   53 (run_experiment_gl.py): setting up the logical constrains
2026-02-03 23:43:46.480 CET | DEBUG    | Line   90 (gl_ocgin.py): Epoch 000 | Loss 0.006374
2026-02-03 23:43:46.778 CET | DEBUG    | Line   90 (gl_ocgin.py): Epoch 010 | Loss 0.002858
2026-02-03 23:43:47.043 CET | DEBUG    | Line   90 (gl_ocgin.py): Epoch 020 | Loss 0.002800
2026-02-03 23:43:47.305 CET | DEBUG    | Line   90 (gl_ocgin.py): Epoch 030 | Loss 0.002791
2026-02-03 23:43:47.588 CET | DEBUG    | Line   90 (gl_ocgin.py): Epoch 040 | Loss 0.002791
2026-02-03 23:43:47.835 CET | INFO     | Line   65 (run_experiment_gl.py): ##################### computing scores
2026-02-03 23:43:47.915 CET | INFO     | Line   69 (run_experiment_gl.py): computed decision boundary on anomaly scores as 95% quantile:
2026-02-03 23:43:47.924 CET | INFO     | Line   72 (run_experiment_gl.py): tensor(0.0002)
2026-02-03 23:43:47.930 CET | INFO     | Line   75 (run_experiment_gl.py): Test anomaly scores:
2026-02-03 23:43:47.937 CET | INFO     | Line   76 (run_experiment_gl.py): tensor([0.0001, 0.0002, 0.0002, 0.0001, 0.0001, 0.0002, 0.0001, 0.0001, 0.0001,
        0.0002])
2026-02-03 23:43:47.946 CET | INFO     | Line   78 (run_experiment_gl.py): ##################### test rate: 
2026-02-03 23:43:47.973 CET | INFO     | Line   88 (run_experiment_gl.py): 0.7898550724637681
2026-02-03 23:43:47.978 CET | INFO     | Line   89 (run_experiment_gl.py): right classified: 109 out of 138
2026-02-03 23:43:48.003 CET | INFO     | Line   28 (run_experiment_gl.py): ##################### Loading config parameters
2026-02-03 23:43:48.008 CET | INFO     | Line   20 (logging_utils.py): Config parameters:
2026-02-03 23:43:48.016 CET | INFO     | Line   21 (logging_utils.py): 
2026-02-03 23:43:48.021 CET | INFO     | Line   27 (logging_utils.py): hidden_dim: 128
2026-02-03 23:43:48.029 CET | INFO     | Line   27 (logging_utils.py): num_layers: 5
2026-02-03 23:43:48.035 CET | INFO     | Line   27 (logging_utils.py): device: cpu
2026-02-03 23:43:48.047 CET | INFO     | Line   27 (logging_utils.py): lr: 0.001
2026-02-03 23:43:48.054 CET | INFO     | Line   27 (logging_utils.py): epochs: 50
2026-02-03 23:43:48.060 CET | INFO     | Line   27 (logging_utils.py): batch_size: 32
2026-02-03 23:43:48.065 CET | INFO     | Line   27 (logging_utils.py): dataset: MUTAG
2026-02-03 23:43:48.070 CET | INFO     | Line   27 (logging_utils.py): is_logical: True
2026-02-03 23:43:48.075 CET | INFO     | Line   27 (logging_utils.py): constrains_filepath: constrains/data/MUTAG_auto_generated_2_101_102.json
2026-02-03 23:43:48.082 CET | INFO     | Line   25 (logging_utils.py): constrains_handler: GLRuleBasedHandler
2026-02-03 23:43:48.088 CET | INFO     | Line   27 (logging_utils.py): l_factor: 0.01
2026-02-03 23:43:48.093 CET | INFO     | Line   27 (logging_utils.py): save_logs: True
2026-02-03 23:43:48.101 CET | INFO     | Line   29 (logging_utils.py): 
2026-02-03 23:43:48.107 CET | INFO     | Line   30 (logging_utils.py): Training on model: GraphOCGINLossConstrains
2026-02-03 23:43:48.114 CET | INFO     | Line   31 (logging_utils.py): 
2026-02-03 23:43:48.123 CET | INFO     | Line   41 (run_experiment_gl.py): ##################### Loading data
2026-02-03 23:43:48.196 CET | INFO     | Line   45 (run_experiment_gl.py): ##################### creating model
2026-02-03 23:43:48.201 CET | INFO     | Line   48 (run_experiment_gl.py): creating model with number of node features: 7
2026-02-03 23:43:48.223 CET | INFO     | Line   51 (run_experiment_gl.py): ##################### staring training
2026-02-03 23:43:48.228 CET | INFO     | Line   53 (run_experiment_gl.py): setting up the logical constrains
2026-02-03 23:43:48.399 CET | DEBUG    | Line   90 (gl_ocgin.py): Epoch 000 | Loss 0.004844
2026-02-03 23:43:48.761 CET | DEBUG    | Line   90 (gl_ocgin.py): Epoch 010 | Loss 0.000461
2026-02-03 23:43:49.086 CET | DEBUG    | Line   90 (gl_ocgin.py): Epoch 020 | Loss 0.000385
2026-02-03 23:43:49.354 CET | DEBUG    | Line   90 (gl_ocgin.py): Epoch 030 | Loss 0.000370
2026-02-03 23:43:49.646 CET | DEBUG    | Line   90 (gl_ocgin.py): Epoch 040 | Loss 0.000368
2026-02-03 23:43:49.889 CET | INFO     | Line   65 (run_experiment_gl.py): ##################### computing scores
2026-02-03 23:43:49.942 CET | INFO     | Line   69 (run_experiment_gl.py): computed decision boundary on anomaly scores as 95% quantile:
2026-02-03 23:43:49.948 CET | INFO     | Line   72 (run_experiment_gl.py): tensor(0.0008)
2026-02-03 23:43:49.955 CET | INFO     | Line   75 (run_experiment_gl.py): Test anomaly scores:
2026-02-03 23:43:49.960 CET | INFO     | Line   76 (run_experiment_gl.py): tensor([0.0008, 0.0008, 0.0008, 0.0008, 0.0008, 0.0008, 0.0008, 0.0008, 0.0008,
        0.0008])
2026-02-03 23:43:49.966 CET | INFO     | Line   78 (run_experiment_gl.py): ##################### test rate: 
2026-02-03 23:43:49.981 CET | INFO     | Line   88 (run_experiment_gl.py): 0.8333333333333334
2026-02-03 23:43:49.984 CET | INFO     | Line   89 (run_experiment_gl.py): right classified: 115 out of 138
2026-02-03 23:43:49.996 CET | INFO     | Line   28 (run_experiment_gl.py): ##################### Loading config parameters
2026-02-03 23:43:50.000 CET | INFO     | Line   20 (logging_utils.py): Config parameters:
2026-02-03 23:43:50.003 CET | INFO     | Line   21 (logging_utils.py): 
2026-02-03 23:43:50.007 CET | INFO     | Line   27 (logging_utils.py): hidden_dim: 128
2026-02-03 23:43:50.010 CET | INFO     | Line   27 (logging_utils.py): num_layers: 5
2026-02-03 23:43:50.014 CET | INFO     | Line   27 (logging_utils.py): device: cpu
2026-02-03 23:43:50.017 CET | INFO     | Line   27 (logging_utils.py): lr: 0.001
2026-02-03 23:43:50.020 CET | INFO     | Line   27 (logging_utils.py): epochs: 50
2026-02-03 23:43:50.024 CET | INFO     | Line   27 (logging_utils.py): batch_size: 32
2026-02-03 23:43:50.027 CET | INFO     | Line   27 (logging_utils.py): dataset: MUTAG
2026-02-03 23:43:50.032 CET | INFO     | Line   27 (logging_utils.py): is_logical: True
2026-02-03 23:43:50.035 CET | INFO     | Line   27 (logging_utils.py): constrains_filepath: constrains/data/MUTAG_auto_generated_2_101_102.json
2026-02-03 23:43:50.038 CET | INFO     | Line   25 (logging_utils.py): constrains_handler: GLRuleBasedHandler
2026-02-03 23:43:50.042 CET | INFO     | Line   27 (logging_utils.py): l_factor: 0.005
2026-02-03 23:43:50.046 CET | INFO     | Line   27 (logging_utils.py): save_logs: True
2026-02-03 23:43:50.052 CET | INFO     | Line   29 (logging_utils.py): 
2026-02-03 23:43:50.057 CET | INFO     | Line   30 (logging_utils.py): Training on model: GraphOCGINLossConstrains
2026-02-03 23:43:50.062 CET | INFO     | Line   31 (logging_utils.py): 
2026-02-03 23:43:50.068 CET | INFO     | Line   41 (run_experiment_gl.py): ##################### Loading data
2026-02-03 23:43:50.107 CET | INFO     | Line   45 (run_experiment_gl.py): ##################### creating model
2026-02-03 23:43:50.110 CET | INFO     | Line   48 (run_experiment_gl.py): creating model with number of node features: 7
2026-02-03 23:43:50.119 CET | INFO     | Line   51 (run_experiment_gl.py): ##################### staring training
2026-02-03 23:43:50.123 CET | INFO     | Line   53 (run_experiment_gl.py): setting up the logical constrains
2026-02-03 23:43:50.221 CET | DEBUG    | Line   90 (gl_ocgin.py): Epoch 000 | Loss 0.001786
2026-02-03 23:43:50.512 CET | DEBUG    | Line   90 (gl_ocgin.py): Epoch 010 | Loss 0.000228
2026-02-03 23:43:50.776 CET | DEBUG    | Line   90 (gl_ocgin.py): Epoch 020 | Loss 0.000188
2026-02-03 23:43:51.027 CET | DEBUG    | Line   90 (gl_ocgin.py): Epoch 030 | Loss 0.000184
2026-02-03 23:43:51.383 CET | DEBUG    | Line   90 (gl_ocgin.py): Epoch 040 | Loss 0.000183
2026-02-03 23:43:51.742 CET | INFO     | Line   65 (run_experiment_gl.py): ##################### computing scores
2026-02-03 23:43:51.816 CET | INFO     | Line   69 (run_experiment_gl.py): computed decision boundary on anomaly scores as 95% quantile:
2026-02-03 23:43:51.829 CET | INFO     | Line   72 (run_experiment_gl.py): tensor(0.0004)
2026-02-03 23:43:51.836 CET | INFO     | Line   75 (run_experiment_gl.py): Test anomaly scores:
2026-02-03 23:43:51.842 CET | INFO     | Line   76 (run_experiment_gl.py): tensor([0.0004, 0.0004, 0.0004, 0.0004, 0.0004, 0.0004, 0.0004, 0.0004, 0.0004,
        0.0004])
2026-02-03 23:43:51.854 CET | INFO     | Line   78 (run_experiment_gl.py): ##################### test rate: 
2026-02-03 23:43:51.879 CET | INFO     | Line   88 (run_experiment_gl.py): 0.8043478260869565
2026-02-03 23:43:51.883 CET | INFO     | Line   89 (run_experiment_gl.py): right classified: 111 out of 138
2026-02-03 23:43:51.904 CET | INFO     | Line   28 (run_experiment_gl.py): ##################### Loading config parameters
2026-02-03 23:43:51.911 CET | INFO     | Line   20 (logging_utils.py): Config parameters:
2026-02-03 23:43:51.919 CET | INFO     | Line   21 (logging_utils.py): 
2026-02-03 23:43:51.924 CET | INFO     | Line   27 (logging_utils.py): hidden_dim: 128
2026-02-03 23:43:51.931 CET | INFO     | Line   27 (logging_utils.py): num_layers: 5
2026-02-03 23:43:51.935 CET | INFO     | Line   27 (logging_utils.py): device: cpu
2026-02-03 23:43:51.938 CET | INFO     | Line   27 (logging_utils.py): lr: 0.001
2026-02-03 23:43:51.941 CET | INFO     | Line   27 (logging_utils.py): epochs: 50
2026-02-03 23:43:51.946 CET | INFO     | Line   27 (logging_utils.py): batch_size: 32
2026-02-03 23:43:51.949 CET | INFO     | Line   27 (logging_utils.py): dataset: MUTAG
2026-02-03 23:43:51.953 CET | INFO     | Line   27 (logging_utils.py): is_logical: True
2026-02-03 23:43:51.956 CET | INFO     | Line   27 (logging_utils.py): constrains_filepath: constrains/data/MUTAG_auto_generated_2_101_102.json
2026-02-03 23:43:51.962 CET | INFO     | Line   25 (logging_utils.py): constrains_handler: GLRuleBasedHandler
2026-02-03 23:43:51.966 CET | INFO     | Line   27 (logging_utils.py): l_factor: 0.001
2026-02-03 23:43:51.969 CET | INFO     | Line   27 (logging_utils.py): save_logs: True
2026-02-03 23:43:51.973 CET | INFO     | Line   29 (logging_utils.py): 
2026-02-03 23:43:51.978 CET | INFO     | Line   30 (logging_utils.py): Training on model: GraphOCGINLossConstrains
2026-02-03 23:43:51.985 CET | INFO     | Line   31 (logging_utils.py): 
2026-02-03 23:43:51.990 CET | INFO     | Line   41 (run_experiment_gl.py): ##################### Loading data
2026-02-03 23:43:52.063 CET | INFO     | Line   45 (run_experiment_gl.py): ##################### creating model
2026-02-03 23:43:52.071 CET | INFO     | Line   48 (run_experiment_gl.py): creating model with number of node features: 7
2026-02-03 23:43:52.095 CET | INFO     | Line   51 (run_experiment_gl.py): ##################### staring training
2026-02-03 23:43:52.101 CET | INFO     | Line   53 (run_experiment_gl.py): setting up the logical constrains
2026-02-03 23:43:52.272 CET | DEBUG    | Line   90 (gl_ocgin.py): Epoch 000 | Loss 0.001238
2026-02-03 23:43:52.603 CET | DEBUG    | Line   90 (gl_ocgin.py): Epoch 010 | Loss 0.000091
2026-02-03 23:43:52.932 CET | DEBUG    | Line   90 (gl_ocgin.py): Epoch 020 | Loss 0.000053
2026-02-03 23:43:53.257 CET | DEBUG    | Line   90 (gl_ocgin.py): Epoch 030 | Loss 0.000048
2026-02-03 23:43:53.649 CET | DEBUG    | Line   90 (gl_ocgin.py): Epoch 040 | Loss 0.000047
2026-02-03 23:43:53.935 CET | INFO     | Line   65 (run_experiment_gl.py): ##################### computing scores
2026-02-03 23:43:53.992 CET | INFO     | Line   69 (run_experiment_gl.py): computed decision boundary on anomaly scores as 95% quantile:
2026-02-03 23:43:53.997 CET | INFO     | Line   72 (run_experiment_gl.py): tensor(0.0002)
2026-02-03 23:43:54.003 CET | INFO     | Line   75 (run_experiment_gl.py): Test anomaly scores:
2026-02-03 23:43:54.008 CET | INFO     | Line   76 (run_experiment_gl.py): tensor([0.0002, 0.0002, 0.0002, 0.0002, 0.0002, 0.0002, 0.0002, 0.0002, 0.0002,
        0.0002])
2026-02-03 23:43:54.014 CET | INFO     | Line   78 (run_experiment_gl.py): ##################### test rate: 
2026-02-03 23:43:54.028 CET | INFO     | Line   88 (run_experiment_gl.py): 0.8478260869565217
2026-02-03 23:43:54.032 CET | INFO     | Line   89 (run_experiment_gl.py): right classified: 117 out of 138
2026-02-03 23:43:54.046 CET | INFO     | Line   28 (run_experiment_gl.py): ##################### Loading config parameters
2026-02-03 23:43:54.053 CET | INFO     | Line   20 (logging_utils.py): Config parameters:
2026-02-03 23:43:54.057 CET | INFO     | Line   21 (logging_utils.py): 
2026-02-03 23:43:54.060 CET | INFO     | Line   27 (logging_utils.py): hidden_dim: 128
2026-02-03 23:43:54.064 CET | INFO     | Line   27 (logging_utils.py): num_layers: 5
2026-02-03 23:43:54.070 CET | INFO     | Line   27 (logging_utils.py): device: cpu
2026-02-03 23:43:54.074 CET | INFO     | Line   27 (logging_utils.py): lr: 0.001
2026-02-03 23:43:54.077 CET | INFO     | Line   27 (logging_utils.py): epochs: 50
2026-02-03 23:43:54.082 CET | INFO     | Line   27 (logging_utils.py): batch_size: 32
2026-02-03 23:43:54.089 CET | INFO     | Line   27 (logging_utils.py): dataset: MUTAG
2026-02-03 23:43:54.094 CET | INFO     | Line   27 (logging_utils.py): is_logical: True
2026-02-03 23:43:54.101 CET | INFO     | Line   27 (logging_utils.py): constrains_filepath: constrains/data/MUTAG_auto_generated_3_101_102.json
2026-02-03 23:43:54.107 CET | INFO     | Line   25 (logging_utils.py): constrains_handler: GLRuleBasedHandler
2026-02-03 23:43:54.114 CET | INFO     | Line   27 (logging_utils.py): l_factor: 0.1
2026-02-03 23:43:54.120 CET | INFO     | Line   27 (logging_utils.py): save_logs: True
2026-02-03 23:43:54.125 CET | INFO     | Line   29 (logging_utils.py): 
2026-02-03 23:43:54.129 CET | INFO     | Line   30 (logging_utils.py): Training on model: GraphOCGINLossConstrains
2026-02-03 23:43:54.134 CET | INFO     | Line   31 (logging_utils.py): 
2026-02-03 23:43:54.137 CET | INFO     | Line   41 (run_experiment_gl.py): ##################### Loading data
2026-02-03 23:43:54.180 CET | INFO     | Line   45 (run_experiment_gl.py): ##################### creating model
2026-02-03 23:43:54.186 CET | INFO     | Line   48 (run_experiment_gl.py): creating model with number of node features: 7
2026-02-03 23:43:54.199 CET | INFO     | Line   51 (run_experiment_gl.py): ##################### staring training
2026-02-03 23:43:54.203 CET | INFO     | Line   53 (run_experiment_gl.py): setting up the logical constrains
2026-02-03 23:43:54.387 CET | DEBUG    | Line   90 (gl_ocgin.py): Epoch 000 | Loss 0.005666
2026-02-03 23:43:54.766 CET | DEBUG    | Line   90 (gl_ocgin.py): Epoch 010 | Loss 0.003729
2026-02-03 23:43:55.069 CET | DEBUG    | Line   90 (gl_ocgin.py): Epoch 020 | Loss 0.003690
2026-02-03 23:43:55.430 CET | DEBUG    | Line   90 (gl_ocgin.py): Epoch 030 | Loss 0.003686
2026-02-03 23:43:55.771 CET | DEBUG    | Line   90 (gl_ocgin.py): Epoch 040 | Loss 0.003684
2026-02-03 23:43:56.036 CET | INFO     | Line   65 (run_experiment_gl.py): ##################### computing scores
2026-02-03 23:43:56.095 CET | INFO     | Line   69 (run_experiment_gl.py): computed decision boundary on anomaly scores as 95% quantile:
2026-02-03 23:43:56.101 CET | INFO     | Line   72 (run_experiment_gl.py): tensor(0.0002)
2026-02-03 23:43:56.106 CET | INFO     | Line   75 (run_experiment_gl.py): Test anomaly scores:
2026-02-03 23:43:56.113 CET | INFO     | Line   76 (run_experiment_gl.py): tensor([0.0001, 0.0002, 0.0001, 0.0002, 0.0001, 0.0002, 0.0001, 0.0002, 0.0001,
        0.0001])
2026-02-03 23:43:56.119 CET | INFO     | Line   78 (run_experiment_gl.py): ##################### test rate: 
2026-02-03 23:43:56.138 CET | INFO     | Line   88 (run_experiment_gl.py): 0.6304347826086957
2026-02-03 23:43:56.143 CET | INFO     | Line   89 (run_experiment_gl.py): right classified: 87 out of 138
2026-02-03 23:43:56.159 CET | INFO     | Line   28 (run_experiment_gl.py): ##################### Loading config parameters
2026-02-03 23:43:56.164 CET | INFO     | Line   20 (logging_utils.py): Config parameters:
2026-02-03 23:43:56.168 CET | INFO     | Line   21 (logging_utils.py): 
2026-02-03 23:43:56.172 CET | INFO     | Line   27 (logging_utils.py): hidden_dim: 128
2026-02-03 23:43:56.179 CET | INFO     | Line   27 (logging_utils.py): num_layers: 5
2026-02-03 23:43:56.184 CET | INFO     | Line   27 (logging_utils.py): device: cpu
2026-02-03 23:43:56.187 CET | INFO     | Line   27 (logging_utils.py): lr: 0.001
2026-02-03 23:43:56.190 CET | INFO     | Line   27 (logging_utils.py): epochs: 50
2026-02-03 23:43:56.196 CET | INFO     | Line   27 (logging_utils.py): batch_size: 32
2026-02-03 23:43:56.201 CET | INFO     | Line   27 (logging_utils.py): dataset: MUTAG
2026-02-03 23:43:56.207 CET | INFO     | Line   27 (logging_utils.py): is_logical: True
2026-02-03 23:43:56.213 CET | INFO     | Line   27 (logging_utils.py): constrains_filepath: constrains/data/MUTAG_auto_generated_3_101_102.json
2026-02-03 23:43:56.218 CET | INFO     | Line   25 (logging_utils.py): constrains_handler: GLRuleBasedHandler
2026-02-03 23:43:56.223 CET | INFO     | Line   27 (logging_utils.py): l_factor: 0.01
2026-02-03 23:43:56.230 CET | INFO     | Line   27 (logging_utils.py): save_logs: True
2026-02-03 23:43:56.235 CET | INFO     | Line   29 (logging_utils.py): 
2026-02-03 23:43:56.238 CET | INFO     | Line   30 (logging_utils.py): Training on model: GraphOCGINLossConstrains
2026-02-03 23:43:56.241 CET | INFO     | Line   31 (logging_utils.py): 
2026-02-03 23:43:56.247 CET | INFO     | Line   41 (run_experiment_gl.py): ##################### Loading data
2026-02-03 23:43:56.290 CET | INFO     | Line   45 (run_experiment_gl.py): ##################### creating model
2026-02-03 23:43:56.294 CET | INFO     | Line   48 (run_experiment_gl.py): creating model with number of node features: 7
2026-02-03 23:43:56.306 CET | INFO     | Line   51 (run_experiment_gl.py): ##################### staring training
2026-02-03 23:43:56.311 CET | INFO     | Line   53 (run_experiment_gl.py): setting up the logical constrains
2026-02-03 23:43:56.419 CET | DEBUG    | Line   90 (gl_ocgin.py): Epoch 000 | Loss 0.002200
2026-02-03 23:43:56.717 CET | DEBUG    | Line   90 (gl_ocgin.py): Epoch 010 | Loss 0.000487
2026-02-03 23:43:56.990 CET | DEBUG    | Line   90 (gl_ocgin.py): Epoch 020 | Loss 0.000430
2026-02-03 23:43:57.271 CET | DEBUG    | Line   90 (gl_ocgin.py): Epoch 030 | Loss 0.000422
2026-02-03 23:43:57.634 CET | DEBUG    | Line   90 (gl_ocgin.py): Epoch 040 | Loss 0.000420
2026-02-03 23:43:57.891 CET | INFO     | Line   65 (run_experiment_gl.py): ##################### computing scores
2026-02-03 23:43:57.945 CET | INFO     | Line   69 (run_experiment_gl.py): computed decision boundary on anomaly scores as 95% quantile:
2026-02-03 23:43:57.950 CET | INFO     | Line   72 (run_experiment_gl.py): tensor(0.0005)
2026-02-03 23:43:57.956 CET | INFO     | Line   75 (run_experiment_gl.py): Test anomaly scores:
2026-02-03 23:43:57.961 CET | INFO     | Line   76 (run_experiment_gl.py): tensor([0.0005, 0.0005, 0.0005, 0.0005, 0.0005, 0.0005, 0.0005, 0.0005, 0.0005,
        0.0005])
2026-02-03 23:43:57.969 CET | INFO     | Line   78 (run_experiment_gl.py): ##################### test rate: 
2026-02-03 23:43:57.987 CET | INFO     | Line   88 (run_experiment_gl.py): 0.6739130434782609
2026-02-03 23:43:57.993 CET | INFO     | Line   89 (run_experiment_gl.py): right classified: 93 out of 138
2026-02-03 23:43:58.015 CET | INFO     | Line   28 (run_experiment_gl.py): ##################### Loading config parameters
2026-02-03 23:43:58.020 CET | INFO     | Line   20 (logging_utils.py): Config parameters:
2026-02-03 23:43:58.025 CET | INFO     | Line   21 (logging_utils.py): 
2026-02-03 23:43:58.031 CET | INFO     | Line   27 (logging_utils.py): hidden_dim: 128
2026-02-03 23:43:58.036 CET | INFO     | Line   27 (logging_utils.py): num_layers: 5
2026-02-03 23:43:58.040 CET | INFO     | Line   27 (logging_utils.py): device: cpu
2026-02-03 23:43:58.047 CET | INFO     | Line   27 (logging_utils.py): lr: 0.001
2026-02-03 23:43:58.051 CET | INFO     | Line   27 (logging_utils.py): epochs: 50
2026-02-03 23:43:58.056 CET | INFO     | Line   27 (logging_utils.py): batch_size: 32
2026-02-03 23:43:58.062 CET | INFO     | Line   27 (logging_utils.py): dataset: MUTAG
2026-02-03 23:43:58.067 CET | INFO     | Line   27 (logging_utils.py): is_logical: True
2026-02-03 23:43:58.072 CET | INFO     | Line   27 (logging_utils.py): constrains_filepath: constrains/data/MUTAG_auto_generated_3_101_102.json
2026-02-03 23:43:58.075 CET | INFO     | Line   25 (logging_utils.py): constrains_handler: GLRuleBasedHandler
2026-02-03 23:43:58.080 CET | INFO     | Line   27 (logging_utils.py): l_factor: 0.005
2026-02-03 23:43:58.085 CET | INFO     | Line   27 (logging_utils.py): save_logs: True
2026-02-03 23:43:58.088 CET | INFO     | Line   29 (logging_utils.py): 
2026-02-03 23:43:58.094 CET | INFO     | Line   30 (logging_utils.py): Training on model: GraphOCGINLossConstrains
2026-02-03 23:43:58.100 CET | INFO     | Line   31 (logging_utils.py): 
2026-02-03 23:43:58.104 CET | INFO     | Line   41 (run_experiment_gl.py): ##################### Loading data
2026-02-03 23:43:58.146 CET | INFO     | Line   45 (run_experiment_gl.py): ##################### creating model
2026-02-03 23:43:58.151 CET | INFO     | Line   48 (run_experiment_gl.py): creating model with number of node features: 7
2026-02-03 23:43:58.167 CET | INFO     | Line   51 (run_experiment_gl.py): ##################### staring training
2026-02-03 23:43:58.170 CET | INFO     | Line   53 (run_experiment_gl.py): setting up the logical constrains
2026-02-03 23:43:58.270 CET | DEBUG    | Line   90 (gl_ocgin.py): Epoch 000 | Loss 0.002637
2026-02-03 23:43:58.600 CET | DEBUG    | Line   90 (gl_ocgin.py): Epoch 010 | Loss 0.000335
2026-02-03 23:43:58.901 CET | DEBUG    | Line   90 (gl_ocgin.py): Epoch 020 | Loss 0.000280
2026-02-03 23:43:59.194 CET | DEBUG    | Line   90 (gl_ocgin.py): Epoch 030 | Loss 0.000271
2026-02-03 23:43:59.516 CET | DEBUG    | Line   90 (gl_ocgin.py): Epoch 040 | Loss 0.000269
2026-02-03 23:43:59.791 CET | INFO     | Line   65 (run_experiment_gl.py): ##################### computing scores
2026-02-03 23:43:59.842 CET | INFO     | Line   69 (run_experiment_gl.py): computed decision boundary on anomaly scores as 95% quantile:
2026-02-03 23:43:59.847 CET | INFO     | Line   72 (run_experiment_gl.py): tensor(0.0008)
2026-02-03 23:43:59.854 CET | INFO     | Line   75 (run_experiment_gl.py): Test anomaly scores:
2026-02-03 23:43:59.859 CET | INFO     | Line   76 (run_experiment_gl.py): tensor([0.0008, 0.0008, 0.0008, 0.0008, 0.0008, 0.0008, 0.0008, 0.0008, 0.0008,
        0.0008])
2026-02-03 23:43:59.867 CET | INFO     | Line   78 (run_experiment_gl.py): ##################### test rate: 
2026-02-03 23:43:59.891 CET | INFO     | Line   88 (run_experiment_gl.py): 0.7971014492753623
2026-02-03 23:43:59.897 CET | INFO     | Line   89 (run_experiment_gl.py): right classified: 110 out of 138
2026-02-03 23:43:59.919 CET | INFO     | Line   28 (run_experiment_gl.py): ##################### Loading config parameters
2026-02-03 23:43:59.924 CET | INFO     | Line   20 (logging_utils.py): Config parameters:
2026-02-03 23:43:59.930 CET | INFO     | Line   21 (logging_utils.py): 
2026-02-03 23:43:59.935 CET | INFO     | Line   27 (logging_utils.py): hidden_dim: 128
2026-02-03 23:43:59.941 CET | INFO     | Line   27 (logging_utils.py): num_layers: 5
2026-02-03 23:43:59.948 CET | INFO     | Line   27 (logging_utils.py): device: cpu
2026-02-03 23:43:59.953 CET | INFO     | Line   27 (logging_utils.py): lr: 0.001
2026-02-03 23:43:59.959 CET | INFO     | Line   27 (logging_utils.py): epochs: 50
2026-02-03 23:43:59.966 CET | INFO     | Line   27 (logging_utils.py): batch_size: 32
2026-02-03 23:43:59.978 CET | INFO     | Line   27 (logging_utils.py): dataset: MUTAG
2026-02-03 23:43:59.984 CET | INFO     | Line   27 (logging_utils.py): is_logical: True
2026-02-03 23:43:59.989 CET | INFO     | Line   27 (logging_utils.py): constrains_filepath: constrains/data/MUTAG_auto_generated_3_101_102.json
2026-02-03 23:43:59.996 CET | INFO     | Line   25 (logging_utils.py): constrains_handler: GLRuleBasedHandler
2026-02-03 23:44:00.001 CET | INFO     | Line   27 (logging_utils.py): l_factor: 0.001
2026-02-03 23:44:00.004 CET | INFO     | Line   27 (logging_utils.py): save_logs: True
2026-02-03 23:44:00.007 CET | INFO     | Line   29 (logging_utils.py): 
2026-02-03 23:44:00.013 CET | INFO     | Line   30 (logging_utils.py): Training on model: GraphOCGINLossConstrains
2026-02-03 23:44:00.018 CET | INFO     | Line   31 (logging_utils.py): 
2026-02-03 23:44:00.022 CET | INFO     | Line   41 (run_experiment_gl.py): ##################### Loading data
2026-02-03 23:44:00.066 CET | INFO     | Line   45 (run_experiment_gl.py): ##################### creating model
2026-02-03 23:44:00.076 CET | INFO     | Line   48 (run_experiment_gl.py): creating model with number of node features: 7
2026-02-03 23:44:00.098 CET | INFO     | Line   51 (run_experiment_gl.py): ##################### staring training
2026-02-03 23:44:00.105 CET | INFO     | Line   53 (run_experiment_gl.py): setting up the logical constrains
2026-02-03 23:44:00.269 CET | DEBUG    | Line   90 (gl_ocgin.py): Epoch 000 | Loss 0.003343
2026-02-03 23:44:00.607 CET | DEBUG    | Line   90 (gl_ocgin.py): Epoch 010 | Loss 0.000109
2026-02-03 23:44:00.949 CET | DEBUG    | Line   90 (gl_ocgin.py): Epoch 020 | Loss 0.000055
2026-02-03 23:44:01.235 CET | DEBUG    | Line   90 (gl_ocgin.py): Epoch 030 | Loss 0.000048
2026-02-03 23:44:01.487 CET | DEBUG    | Line   90 (gl_ocgin.py): Epoch 040 | Loss 0.000046
2026-02-03 23:44:01.790 CET | INFO     | Line   65 (run_experiment_gl.py): ##################### computing scores
2026-02-03 23:44:01.860 CET | INFO     | Line   69 (run_experiment_gl.py): computed decision boundary on anomaly scores as 95% quantile:
2026-02-03 23:44:01.866 CET | INFO     | Line   72 (run_experiment_gl.py): tensor(9.3667e-05)
2026-02-03 23:44:01.873 CET | INFO     | Line   75 (run_experiment_gl.py): Test anomaly scores:
2026-02-03 23:44:01.879 CET | INFO     | Line   76 (run_experiment_gl.py): tensor([8.7276e-05, 9.1327e-05, 8.7638e-05, 8.7073e-05, 8.7597e-05, 7.7635e-05,
        6.8935e-05, 7.7615e-05, 8.0015e-05, 7.7484e-05])
2026-02-03 23:44:01.884 CET | INFO     | Line   78 (run_experiment_gl.py): ##################### test rate: 
2026-02-03 23:44:01.900 CET | INFO     | Line   88 (run_experiment_gl.py): 0.8115942028985508
2026-02-03 23:44:01.906 CET | INFO     | Line   89 (run_experiment_gl.py): right classified: 112 out of 138
2026-02-03 23:44:01.956 CET | INFO     | Line   28 (run_experiment_gl.py): ##################### Loading config parameters
2026-02-03 23:44:01.961 CET | INFO     | Line   20 (logging_utils.py): Config parameters:
2026-02-03 23:44:01.966 CET | INFO     | Line   21 (logging_utils.py): 
2026-02-03 23:44:01.972 CET | INFO     | Line   27 (logging_utils.py): hidden_dim: 256
2026-02-03 23:44:01.978 CET | INFO     | Line   27 (logging_utils.py): num_layers: 2
2026-02-03 23:44:01.983 CET | INFO     | Line   27 (logging_utils.py): device: cpu
2026-02-03 23:44:01.988 CET | INFO     | Line   27 (logging_utils.py): lr: 0.001
2026-02-03 23:44:02.000 CET | INFO     | Line   27 (logging_utils.py): epochs: 50
2026-02-03 23:44:02.006 CET | INFO     | Line   27 (logging_utils.py): batch_size: 32
2026-02-03 23:44:02.013 CET | INFO     | Line   27 (logging_utils.py): dataset: MUTAG
2026-02-03 23:44:02.018 CET | INFO     | Line   27 (logging_utils.py): is_logical: False
2026-02-03 23:44:02.025 CET | INFO     | Line   27 (logging_utils.py): constrains_filepath: constrains/data/MUTAG_auto_generated_2_101_102.json
2026-02-03 23:44:02.032 CET | INFO     | Line   25 (logging_utils.py): constrains_handler: GLRuleBasedHandler
2026-02-03 23:44:02.038 CET | INFO     | Line   27 (logging_utils.py): l_factor: 0.1
2026-02-03 23:44:02.043 CET | INFO     | Line   27 (logging_utils.py): save_logs: True
2026-02-03 23:44:02.047 CET | INFO     | Line   29 (logging_utils.py): 
2026-02-03 23:44:02.050 CET | INFO     | Line   30 (logging_utils.py): Training on model: GraphOCGIN
2026-02-03 23:44:02.053 CET | INFO     | Line   31 (logging_utils.py): 
2026-02-03 23:44:02.056 CET | INFO     | Line   41 (run_experiment_gl.py): ##################### Loading data
2026-02-03 23:44:02.098 CET | INFO     | Line   45 (run_experiment_gl.py): ##################### creating model
2026-02-03 23:44:02.104 CET | INFO     | Line   48 (run_experiment_gl.py): creating model with number of node features: 7
2026-02-03 23:44:02.117 CET | INFO     | Line   51 (run_experiment_gl.py): ##################### staring training
2026-02-03 23:44:02.166 CET | DEBUG    | Line   85 (graph_level_ocgin.py): Epoch 000 | Loss 0.359831
2026-02-03 23:44:02.205 CET | DEBUG    | Line   85 (graph_level_ocgin.py): Epoch 001 | Loss 0.273524
2026-02-03 23:44:02.256 CET | DEBUG    | Line   85 (graph_level_ocgin.py): Epoch 002 | Loss 0.250540
2026-02-03 23:44:02.356 CET | DEBUG    | Line   85 (graph_level_ocgin.py): Epoch 003 | Loss 0.127234
2026-02-03 23:44:02.390 CET | DEBUG    | Line   85 (graph_level_ocgin.py): Epoch 004 | Loss 0.086417
2026-02-03 23:44:02.436 CET | DEBUG    | Line   85 (graph_level_ocgin.py): Epoch 005 | Loss 0.079053
2026-02-03 23:44:02.487 CET | DEBUG    | Line   85 (graph_level_ocgin.py): Epoch 006 | Loss 0.069277
2026-02-03 23:44:02.531 CET | DEBUG    | Line   85 (graph_level_ocgin.py): Epoch 007 | Loss 0.054366
2026-02-03 23:44:02.580 CET | DEBUG    | Line   85 (graph_level_ocgin.py): Epoch 008 | Loss 0.046109
2026-02-03 23:44:02.615 CET | DEBUG    | Line   85 (graph_level_ocgin.py): Epoch 009 | Loss 0.041604
2026-02-03 23:44:02.656 CET | DEBUG    | Line   85 (graph_level_ocgin.py): Epoch 010 | Loss 0.039426
2026-02-03 23:44:02.690 CET | DEBUG    | Line   85 (graph_level_ocgin.py): Epoch 011 | Loss 0.037401
2026-02-03 23:44:02.735 CET | DEBUG    | Line   85 (graph_level_ocgin.py): Epoch 012 | Loss 0.035023
2026-02-03 23:44:02.781 CET | DEBUG    | Line   85 (graph_level_ocgin.py): Epoch 013 | Loss 0.032368
2026-02-03 23:44:02.814 CET | DEBUG    | Line   85 (graph_level_ocgin.py): Epoch 014 | Loss 0.031317
2026-02-03 23:44:02.850 CET | DEBUG    | Line   85 (graph_level_ocgin.py): Epoch 015 | Loss 0.028977
2026-02-03 23:44:02.882 CET | DEBUG    | Line   85 (graph_level_ocgin.py): Epoch 016 | Loss 0.028519
2026-02-03 23:44:02.915 CET | DEBUG    | Line   85 (graph_level_ocgin.py): Epoch 017 | Loss 0.027463
2026-02-03 23:44:02.947 CET | DEBUG    | Line   85 (graph_level_ocgin.py): Epoch 018 | Loss 0.027045
2026-02-03 23:44:02.979 CET | DEBUG    | Line   85 (graph_level_ocgin.py): Epoch 019 | Loss 0.026167
2026-02-03 23:44:03.013 CET | DEBUG    | Line   85 (graph_level_ocgin.py): Epoch 020 | Loss 0.025079
2026-02-03 23:44:03.047 CET | DEBUG    | Line   85 (graph_level_ocgin.py): Epoch 021 | Loss 0.024776
2026-02-03 23:44:03.080 CET | DEBUG    | Line   85 (graph_level_ocgin.py): Epoch 022 | Loss 0.024948
2026-02-03 23:44:03.114 CET | DEBUG    | Line   85 (graph_level_ocgin.py): Epoch 023 | Loss 0.024647
2026-02-03 23:44:03.148 CET | DEBUG    | Line   85 (graph_level_ocgin.py): Epoch 024 | Loss 0.024061
2026-02-03 23:44:03.181 CET | DEBUG    | Line   85 (graph_level_ocgin.py): Epoch 025 | Loss 0.023983
2026-02-03 23:44:03.214 CET | DEBUG    | Line   85 (graph_level_ocgin.py): Epoch 026 | Loss 0.023304
2026-02-03 23:44:03.246 CET | DEBUG    | Line   85 (graph_level_ocgin.py): Epoch 027 | Loss 0.023316
2026-02-03 23:44:03.276 CET | DEBUG    | Line   85 (graph_level_ocgin.py): Epoch 028 | Loss 0.023013
2026-02-03 23:44:03.306 CET | DEBUG    | Line   85 (graph_level_ocgin.py): Epoch 029 | Loss 0.022683
2026-02-03 23:44:03.341 CET | DEBUG    | Line   85 (graph_level_ocgin.py): Epoch 030 | Loss 0.020872
2026-02-03 23:44:03.373 CET | DEBUG    | Line   85 (graph_level_ocgin.py): Epoch 031 | Loss 0.019716
2026-02-03 23:44:03.407 CET | DEBUG    | Line   85 (graph_level_ocgin.py): Epoch 032 | Loss 0.020022
2026-02-03 23:44:03.440 CET | DEBUG    | Line   85 (graph_level_ocgin.py): Epoch 033 | Loss 0.020613
2026-02-03 23:44:03.478 CET | DEBUG    | Line   85 (graph_level_ocgin.py): Epoch 034 | Loss 0.019811
2026-02-03 23:44:03.519 CET | DEBUG    | Line   85 (graph_level_ocgin.py): Epoch 035 | Loss 0.019589
2026-02-03 23:44:03.567 CET | DEBUG    | Line   85 (graph_level_ocgin.py): Epoch 036 | Loss 0.019304
2026-02-03 23:44:03.604 CET | DEBUG    | Line   85 (graph_level_ocgin.py): Epoch 037 | Loss 0.019111
2026-02-03 23:44:03.637 CET | DEBUG    | Line   85 (graph_level_ocgin.py): Epoch 038 | Loss 0.019033
2026-02-03 23:44:03.670 CET | DEBUG    | Line   85 (graph_level_ocgin.py): Epoch 039 | Loss 0.018722
2026-02-03 23:44:03.703 CET | DEBUG    | Line   85 (graph_level_ocgin.py): Epoch 040 | Loss 0.018826
2026-02-03 23:44:03.738 CET | DEBUG    | Line   85 (graph_level_ocgin.py): Epoch 041 | Loss 0.018566
2026-02-03 23:44:03.774 CET | DEBUG    | Line   85 (graph_level_ocgin.py): Epoch 042 | Loss 0.018738
2026-02-03 23:44:03.808 CET | DEBUG    | Line   85 (graph_level_ocgin.py): Epoch 043 | Loss 0.018890
2026-02-03 23:44:03.841 CET | DEBUG    | Line   85 (graph_level_ocgin.py): Epoch 044 | Loss 0.019062
2026-02-03 23:44:03.876 CET | DEBUG    | Line   85 (graph_level_ocgin.py): Epoch 045 | Loss 0.018740
2026-02-03 23:44:03.910 CET | DEBUG    | Line   85 (graph_level_ocgin.py): Epoch 046 | Loss 0.018285
2026-02-03 23:44:03.946 CET | DEBUG    | Line   85 (graph_level_ocgin.py): Epoch 047 | Loss 0.018835
2026-02-03 23:44:03.979 CET | DEBUG    | Line   85 (graph_level_ocgin.py): Epoch 048 | Loss 0.018521
2026-02-03 23:44:04.012 CET | DEBUG    | Line   85 (graph_level_ocgin.py): Epoch 049 | Loss 0.018346
2026-02-03 23:44:04.016 CET | INFO     | Line   65 (run_experiment_gl.py): ##################### computing scores
2026-02-03 23:44:04.073 CET | INFO     | Line   69 (run_experiment_gl.py): computed decision boundary on anomaly scores as 95% quantile:
2026-02-03 23:44:04.077 CET | INFO     | Line   72 (run_experiment_gl.py): tensor(0.0208)
2026-02-03 23:44:04.081 CET | INFO     | Line   75 (run_experiment_gl.py): Test anomaly scores:
2026-02-03 23:44:04.087 CET | INFO     | Line   76 (run_experiment_gl.py): tensor([0.0193, 0.0170, 0.0176, 0.0203, 0.0207, 0.0190, 0.0176, 0.0171, 0.0207,
        0.0177])
2026-02-03 23:44:04.091 CET | INFO     | Line   78 (run_experiment_gl.py): ##################### test rate: 
2026-02-03 23:44:04.104 CET | INFO     | Line   88 (run_experiment_gl.py): 0.7608695652173914
2026-02-03 23:44:04.107 CET | INFO     | Line   89 (run_experiment_gl.py): right classified: 105 out of 138
2026-02-03 23:44:04.119 CET | INFO     | Line   28 (run_experiment_gl.py): ##################### Loading config parameters
2026-02-03 23:44:04.123 CET | INFO     | Line   20 (logging_utils.py): Config parameters:
2026-02-03 23:44:04.127 CET | INFO     | Line   21 (logging_utils.py): 
2026-02-03 23:44:04.131 CET | INFO     | Line   27 (logging_utils.py): hidden_dim: 256
2026-02-03 23:44:04.134 CET | INFO     | Line   27 (logging_utils.py): num_layers: 2
2026-02-03 23:44:04.137 CET | INFO     | Line   27 (logging_utils.py): device: cpu
2026-02-03 23:44:04.143 CET | INFO     | Line   27 (logging_utils.py): lr: 0.001
2026-02-03 23:44:04.148 CET | INFO     | Line   27 (logging_utils.py): epochs: 50
2026-02-03 23:44:04.151 CET | INFO     | Line   27 (logging_utils.py): batch_size: 32
2026-02-03 23:44:04.154 CET | INFO     | Line   27 (logging_utils.py): dataset: MUTAG
2026-02-03 23:44:04.161 CET | INFO     | Line   27 (logging_utils.py): is_logical: True
2026-02-03 23:44:04.165 CET | INFO     | Line   27 (logging_utils.py): constrains_filepath: constrains/data/MUTAG_auto_generated_2_101_102.json
2026-02-03 23:44:04.168 CET | INFO     | Line   25 (logging_utils.py): constrains_handler: GLRuleBasedHandler
2026-02-03 23:44:04.172 CET | INFO     | Line   27 (logging_utils.py): l_factor: 0.1
2026-02-03 23:44:04.179 CET | INFO     | Line   27 (logging_utils.py): save_logs: True
2026-02-03 23:44:04.183 CET | INFO     | Line   29 (logging_utils.py): 
2026-02-03 23:44:04.186 CET | INFO     | Line   30 (logging_utils.py): Training on model: GraphOCGINLossConstrains
2026-02-03 23:44:04.192 CET | INFO     | Line   31 (logging_utils.py): 
2026-02-03 23:44:04.197 CET | INFO     | Line   41 (run_experiment_gl.py): ##################### Loading data
2026-02-03 23:44:04.241 CET | INFO     | Line   45 (run_experiment_gl.py): ##################### creating model
2026-02-03 23:44:04.246 CET | INFO     | Line   48 (run_experiment_gl.py): creating model with number of node features: 7
2026-02-03 23:44:04.260 CET | INFO     | Line   51 (run_experiment_gl.py): ##################### staring training
2026-02-03 23:44:04.264 CET | INFO     | Line   53 (run_experiment_gl.py): setting up the logical constrains
2026-02-03 23:44:04.369 CET | DEBUG    | Line   90 (gl_ocgin.py): Epoch 000 | Loss 0.042445
2026-02-03 23:44:04.643 CET | DEBUG    | Line   90 (gl_ocgin.py): Epoch 010 | Loss 0.008076
2026-02-03 23:44:04.920 CET | DEBUG    | Line   90 (gl_ocgin.py): Epoch 020 | Loss 0.006603
2026-02-03 23:44:05.203 CET | DEBUG    | Line   90 (gl_ocgin.py): Epoch 030 | Loss 0.006194
2026-02-03 23:44:05.445 CET | DEBUG    | Line   90 (gl_ocgin.py): Epoch 040 | Loss 0.006110
2026-02-03 23:44:05.650 CET | INFO     | Line   65 (run_experiment_gl.py): ##################### computing scores
2026-02-03 23:44:05.700 CET | INFO     | Line   69 (run_experiment_gl.py): computed decision boundary on anomaly scores as 95% quantile:
2026-02-03 23:44:05.706 CET | INFO     | Line   72 (run_experiment_gl.py): tensor(0.0334)
2026-02-03 23:44:05.714 CET | INFO     | Line   75 (run_experiment_gl.py): Test anomaly scores:
2026-02-03 23:44:05.720 CET | INFO     | Line   76 (run_experiment_gl.py): tensor([0.0312, 0.0272, 0.0270, 0.0275, 0.0270, 0.0338, 0.0313, 0.0305, 0.0328,
        0.0271])
2026-02-03 23:44:05.726 CET | INFO     | Line   78 (run_experiment_gl.py): ##################### test rate: 
2026-02-03 23:44:05.752 CET | INFO     | Line   88 (run_experiment_gl.py): 0.6811594202898551
2026-02-03 23:44:05.759 CET | INFO     | Line   89 (run_experiment_gl.py): right classified: 94 out of 138
2026-02-03 23:44:05.781 CET | INFO     | Line   28 (run_experiment_gl.py): ##################### Loading config parameters
2026-02-03 23:44:05.786 CET | INFO     | Line   20 (logging_utils.py): Config parameters:
2026-02-03 23:44:05.795 CET | INFO     | Line   21 (logging_utils.py): 
2026-02-03 23:44:05.801 CET | INFO     | Line   27 (logging_utils.py): hidden_dim: 256
2026-02-03 23:44:05.808 CET | INFO     | Line   27 (logging_utils.py): num_layers: 2
2026-02-03 23:44:05.814 CET | INFO     | Line   27 (logging_utils.py): device: cpu
2026-02-03 23:44:05.821 CET | INFO     | Line   27 (logging_utils.py): lr: 0.001
2026-02-03 23:44:05.827 CET | INFO     | Line   27 (logging_utils.py): epochs: 50
2026-02-03 23:44:05.834 CET | INFO     | Line   27 (logging_utils.py): batch_size: 32
2026-02-03 23:44:05.840 CET | INFO     | Line   27 (logging_utils.py): dataset: MUTAG
2026-02-03 23:44:05.845 CET | INFO     | Line   27 (logging_utils.py): is_logical: True
2026-02-03 23:44:05.851 CET | INFO     | Line   27 (logging_utils.py): constrains_filepath: constrains/data/MUTAG_auto_generated_2_101_102.json
2026-02-03 23:44:05.856 CET | INFO     | Line   25 (logging_utils.py): constrains_handler: GLRuleBasedHandler
2026-02-03 23:44:05.862 CET | INFO     | Line   27 (logging_utils.py): l_factor: 0.01
2026-02-03 23:44:05.869 CET | INFO     | Line   27 (logging_utils.py): save_logs: True
2026-02-03 23:44:05.875 CET | INFO     | Line   29 (logging_utils.py): 
2026-02-03 23:44:05.881 CET | INFO     | Line   30 (logging_utils.py): Training on model: GraphOCGINLossConstrains
2026-02-03 23:44:05.887 CET | INFO     | Line   31 (logging_utils.py): 
2026-02-03 23:44:05.893 CET | INFO     | Line   41 (run_experiment_gl.py): ##################### Loading data
2026-02-03 23:44:05.969 CET | INFO     | Line   45 (run_experiment_gl.py): ##################### creating model
2026-02-03 23:44:05.976 CET | INFO     | Line   48 (run_experiment_gl.py): creating model with number of node features: 7
2026-02-03 23:44:05.992 CET | INFO     | Line   51 (run_experiment_gl.py): ##################### staring training
2026-02-03 23:44:05.997 CET | INFO     | Line   53 (run_experiment_gl.py): setting up the logical constrains
2026-02-03 23:44:06.251 CET | DEBUG    | Line   90 (gl_ocgin.py): Epoch 000 | Loss 0.042673
2026-02-03 23:44:06.505 CET | DEBUG    | Line   90 (gl_ocgin.py): Epoch 010 | Loss 0.003979
2026-02-03 23:44:06.753 CET | DEBUG    | Line   90 (gl_ocgin.py): Epoch 020 | Loss 0.001827
2026-02-03 23:44:07.021 CET | DEBUG    | Line   90 (gl_ocgin.py): Epoch 030 | Loss 0.001323
2026-02-03 23:44:07.235 CET | DEBUG    | Line   90 (gl_ocgin.py): Epoch 040 | Loss 0.001195
2026-02-03 23:44:07.496 CET | INFO     | Line   65 (run_experiment_gl.py): ##################### computing scores
2026-02-03 23:44:07.571 CET | INFO     | Line   69 (run_experiment_gl.py): computed decision boundary on anomaly scores as 95% quantile:
2026-02-03 23:44:07.579 CET | INFO     | Line   72 (run_experiment_gl.py): tensor(0.0108)
2026-02-03 23:44:07.585 CET | INFO     | Line   75 (run_experiment_gl.py): Test anomaly scores:
2026-02-03 23:44:07.590 CET | INFO     | Line   76 (run_experiment_gl.py): tensor([0.0086, 0.0060, 0.0078, 0.0068, 0.0062, 0.0069, 0.0059, 0.0078, 0.0061,
        0.0061])
2026-02-03 23:44:07.596 CET | INFO     | Line   78 (run_experiment_gl.py): ##################### test rate: 
2026-02-03 23:44:07.622 CET | INFO     | Line   88 (run_experiment_gl.py): 0.8043478260869565
2026-02-03 23:44:07.627 CET | INFO     | Line   89 (run_experiment_gl.py): right classified: 111 out of 138
2026-02-03 23:44:07.648 CET | INFO     | Line   28 (run_experiment_gl.py): ##################### Loading config parameters
2026-02-03 23:44:07.654 CET | INFO     | Line   20 (logging_utils.py): Config parameters:
2026-02-03 23:44:07.660 CET | INFO     | Line   21 (logging_utils.py): 
2026-02-03 23:44:07.667 CET | INFO     | Line   27 (logging_utils.py): hidden_dim: 256
2026-02-03 23:44:07.673 CET | INFO     | Line   27 (logging_utils.py): num_layers: 2
2026-02-03 23:44:07.680 CET | INFO     | Line   27 (logging_utils.py): device: cpu
2026-02-03 23:44:07.688 CET | INFO     | Line   27 (logging_utils.py): lr: 0.001
2026-02-03 23:44:07.696 CET | INFO     | Line   27 (logging_utils.py): epochs: 50
2026-02-03 23:44:07.702 CET | INFO     | Line   27 (logging_utils.py): batch_size: 32
2026-02-03 23:44:07.708 CET | INFO     | Line   27 (logging_utils.py): dataset: MUTAG
2026-02-03 23:44:07.713 CET | INFO     | Line   27 (logging_utils.py): is_logical: True
2026-02-03 23:44:07.721 CET | INFO     | Line   27 (logging_utils.py): constrains_filepath: constrains/data/MUTAG_auto_generated_2_101_102.json
2026-02-03 23:44:07.726 CET | INFO     | Line   25 (logging_utils.py): constrains_handler: GLRuleBasedHandler
2026-02-03 23:44:07.731 CET | INFO     | Line   27 (logging_utils.py): l_factor: 0.005
2026-02-03 23:44:07.736 CET | INFO     | Line   27 (logging_utils.py): save_logs: True
2026-02-03 23:44:07.742 CET | INFO     | Line   29 (logging_utils.py): 
2026-02-03 23:44:07.747 CET | INFO     | Line   30 (logging_utils.py): Training on model: GraphOCGINLossConstrains
2026-02-03 23:44:07.753 CET | INFO     | Line   31 (logging_utils.py): 
2026-02-03 23:44:07.759 CET | INFO     | Line   41 (run_experiment_gl.py): ##################### Loading data
2026-02-03 23:44:07.814 CET | INFO     | Line   45 (run_experiment_gl.py): ##################### creating model
2026-02-03 23:44:07.818 CET | INFO     | Line   48 (run_experiment_gl.py): creating model with number of node features: 7
2026-02-03 23:44:07.835 CET | INFO     | Line   51 (run_experiment_gl.py): ##################### staring training
2026-02-03 23:44:07.842 CET | INFO     | Line   53 (run_experiment_gl.py): setting up the logical constrains
2026-02-03 23:44:07.968 CET | DEBUG    | Line   90 (gl_ocgin.py): Epoch 000 | Loss 0.031577
2026-02-03 23:44:08.487 CET | DEBUG    | Line   90 (gl_ocgin.py): Epoch 010 | Loss 0.002842
2026-02-03 23:44:08.792 CET | DEBUG    | Line   90 (gl_ocgin.py): Epoch 020 | Loss 0.001495
2026-02-03 23:44:09.037 CET | DEBUG    | Line   90 (gl_ocgin.py): Epoch 030 | Loss 0.001236
2026-02-03 23:44:09.277 CET | DEBUG    | Line   90 (gl_ocgin.py): Epoch 040 | Loss 0.001159
2026-02-03 23:44:09.825 CET | INFO     | Line   65 (run_experiment_gl.py): ##################### computing scores
2026-02-03 23:44:09.903 CET | INFO     | Line   69 (run_experiment_gl.py): computed decision boundary on anomaly scores as 95% quantile:
2026-02-03 23:44:09.914 CET | INFO     | Line   72 (run_experiment_gl.py): tensor(0.0102)
2026-02-03 23:44:09.926 CET | INFO     | Line   75 (run_experiment_gl.py): Test anomaly scores:
2026-02-03 23:44:09.932 CET | INFO     | Line   76 (run_experiment_gl.py): tensor([0.0128, 0.0289, 0.0090, 0.0311, 0.0081, 0.0122, 0.0083, 0.0080, 0.0269,
        0.0083])
2026-02-03 23:44:09.940 CET | INFO     | Line   78 (run_experiment_gl.py): ##################### test rate: 
2026-02-03 23:44:09.969 CET | INFO     | Line   88 (run_experiment_gl.py): 0.7898550724637681
2026-02-03 23:44:09.975 CET | INFO     | Line   89 (run_experiment_gl.py): right classified: 109 out of 138
2026-02-03 23:44:09.999 CET | INFO     | Line   28 (run_experiment_gl.py): ##################### Loading config parameters
2026-02-03 23:44:10.002 CET | INFO     | Line   20 (logging_utils.py): Config parameters:
2026-02-03 23:44:10.008 CET | INFO     | Line   21 (logging_utils.py): 
2026-02-03 23:44:10.013 CET | INFO     | Line   27 (logging_utils.py): hidden_dim: 256
2026-02-03 23:44:10.017 CET | INFO     | Line   27 (logging_utils.py): num_layers: 2
2026-02-03 23:44:10.020 CET | INFO     | Line   27 (logging_utils.py): device: cpu
2026-02-03 23:44:10.024 CET | INFO     | Line   27 (logging_utils.py): lr: 0.001
2026-02-03 23:44:10.027 CET | INFO     | Line   27 (logging_utils.py): epochs: 50
2026-02-03 23:44:10.031 CET | INFO     | Line   27 (logging_utils.py): batch_size: 32
2026-02-03 23:44:10.034 CET | INFO     | Line   27 (logging_utils.py): dataset: MUTAG
2026-02-03 23:44:10.037 CET | INFO     | Line   27 (logging_utils.py): is_logical: True
2026-02-03 23:44:10.042 CET | INFO     | Line   27 (logging_utils.py): constrains_filepath: constrains/data/MUTAG_auto_generated_2_101_102.json
2026-02-03 23:44:10.046 CET | INFO     | Line   25 (logging_utils.py): constrains_handler: GLRuleBasedHandler
2026-02-03 23:44:10.051 CET | INFO     | Line   27 (logging_utils.py): l_factor: 0.001
2026-02-03 23:44:10.058 CET | INFO     | Line   27 (logging_utils.py): save_logs: True
2026-02-03 23:44:10.063 CET | INFO     | Line   29 (logging_utils.py): 
2026-02-03 23:44:10.070 CET | INFO     | Line   30 (logging_utils.py): Training on model: GraphOCGINLossConstrains
2026-02-03 23:44:10.079 CET | INFO     | Line   31 (logging_utils.py): 
2026-02-03 23:44:10.085 CET | INFO     | Line   41 (run_experiment_gl.py): ##################### Loading data
2026-02-03 23:44:10.136 CET | INFO     | Line   45 (run_experiment_gl.py): ##################### creating model
2026-02-03 23:44:10.140 CET | INFO     | Line   48 (run_experiment_gl.py): creating model with number of node features: 7
2026-02-03 23:44:10.152 CET | INFO     | Line   51 (run_experiment_gl.py): ##################### staring training
2026-02-03 23:44:10.156 CET | INFO     | Line   53 (run_experiment_gl.py): setting up the logical constrains
2026-02-03 23:44:10.263 CET | DEBUG    | Line   90 (gl_ocgin.py): Epoch 000 | Loss 0.030350
2026-02-03 23:44:10.533 CET | DEBUG    | Line   90 (gl_ocgin.py): Epoch 010 | Loss 0.002182
2026-02-03 23:44:10.798 CET | DEBUG    | Line   90 (gl_ocgin.py): Epoch 020 | Loss 0.000875
2026-02-03 23:44:11.100 CET | DEBUG    | Line   90 (gl_ocgin.py): Epoch 030 | Loss 0.000682
2026-02-03 23:44:11.342 CET | DEBUG    | Line   90 (gl_ocgin.py): Epoch 040 | Loss 0.000585
2026-02-03 23:44:11.565 CET | INFO     | Line   65 (run_experiment_gl.py): ##################### computing scores
2026-02-03 23:44:11.615 CET | INFO     | Line   69 (run_experiment_gl.py): computed decision boundary on anomaly scores as 95% quantile:
2026-02-03 23:44:11.620 CET | INFO     | Line   72 (run_experiment_gl.py): tensor(0.0061)
2026-02-03 23:44:11.627 CET | INFO     | Line   75 (run_experiment_gl.py): Test anomaly scores:
2026-02-03 23:44:11.632 CET | INFO     | Line   76 (run_experiment_gl.py): tensor([0.0047, 0.0059, 0.0038, 0.0053, 0.0059, 0.0037, 0.0047, 0.0043, 0.0034,
        0.0037])
2026-02-03 23:44:11.637 CET | INFO     | Line   78 (run_experiment_gl.py): ##################### test rate: 
2026-02-03 23:44:11.658 CET | INFO     | Line   88 (run_experiment_gl.py): 0.782608695652174
2026-02-03 23:44:11.663 CET | INFO     | Line   89 (run_experiment_gl.py): right classified: 108 out of 138
2026-02-03 23:44:11.674 CET | INFO     | Line   28 (run_experiment_gl.py): ##################### Loading config parameters
2026-02-03 23:44:11.678 CET | INFO     | Line   20 (logging_utils.py): Config parameters:
2026-02-03 23:44:11.685 CET | INFO     | Line   21 (logging_utils.py): 
2026-02-03 23:44:11.689 CET | INFO     | Line   27 (logging_utils.py): hidden_dim: 256
2026-02-03 23:44:11.693 CET | INFO     | Line   27 (logging_utils.py): num_layers: 2
2026-02-03 23:44:11.699 CET | INFO     | Line   27 (logging_utils.py): device: cpu
2026-02-03 23:44:11.702 CET | INFO     | Line   27 (logging_utils.py): lr: 0.001
2026-02-03 23:44:11.706 CET | INFO     | Line   27 (logging_utils.py): epochs: 50
2026-02-03 23:44:11.709 CET | INFO     | Line   27 (logging_utils.py): batch_size: 32
2026-02-03 23:44:11.712 CET | INFO     | Line   27 (logging_utils.py): dataset: MUTAG
2026-02-03 23:44:11.716 CET | INFO     | Line   27 (logging_utils.py): is_logical: True
2026-02-03 23:44:11.719 CET | INFO     | Line   27 (logging_utils.py): constrains_filepath: constrains/data/MUTAG_auto_generated_3_101_102.json
2026-02-03 23:44:11.724 CET | INFO     | Line   25 (logging_utils.py): constrains_handler: GLRuleBasedHandler
2026-02-03 23:44:11.729 CET | INFO     | Line   27 (logging_utils.py): l_factor: 0.1
2026-02-03 23:44:11.734 CET | INFO     | Line   27 (logging_utils.py): save_logs: True
2026-02-03 23:44:11.737 CET | INFO     | Line   29 (logging_utils.py): 
2026-02-03 23:44:11.745 CET | INFO     | Line   30 (logging_utils.py): Training on model: GraphOCGINLossConstrains
2026-02-03 23:44:11.750 CET | INFO     | Line   31 (logging_utils.py): 
2026-02-03 23:44:11.753 CET | INFO     | Line   41 (run_experiment_gl.py): ##################### Loading data
2026-02-03 23:44:11.795 CET | INFO     | Line   45 (run_experiment_gl.py): ##################### creating model
2026-02-03 23:44:11.798 CET | INFO     | Line   48 (run_experiment_gl.py): creating model with number of node features: 7
2026-02-03 23:44:11.808 CET | INFO     | Line   51 (run_experiment_gl.py): ##################### staring training
2026-02-03 23:44:11.812 CET | INFO     | Line   53 (run_experiment_gl.py): setting up the logical constrains
2026-02-03 23:44:11.912 CET | DEBUG    | Line   90 (gl_ocgin.py): Epoch 000 | Loss 0.045221
2026-02-03 23:44:12.197 CET | DEBUG    | Line   90 (gl_ocgin.py): Epoch 010 | Loss 0.008503
2026-02-03 23:44:12.440 CET | DEBUG    | Line   90 (gl_ocgin.py): Epoch 020 | Loss 0.006249
2026-02-03 23:44:12.702 CET | DEBUG    | Line   90 (gl_ocgin.py): Epoch 030 | Loss 0.005853
2026-02-03 23:44:12.940 CET | DEBUG    | Line   90 (gl_ocgin.py): Epoch 040 | Loss 0.005721
2026-02-03 23:44:13.132 CET | INFO     | Line   65 (run_experiment_gl.py): ##################### computing scores
2026-02-03 23:44:13.182 CET | INFO     | Line   69 (run_experiment_gl.py): computed decision boundary on anomaly scores as 95% quantile:
2026-02-03 23:44:13.187 CET | INFO     | Line   72 (run_experiment_gl.py): tensor(0.0207)
2026-02-03 23:44:13.194 CET | INFO     | Line   75 (run_experiment_gl.py): Test anomaly scores:
2026-02-03 23:44:13.199 CET | INFO     | Line   76 (run_experiment_gl.py): tensor([0.0170, 0.0212, 0.0166, 0.0178, 0.0199, 0.0197, 0.0170, 0.0219, 0.0175,
        0.0170])
2026-02-03 23:44:13.207 CET | INFO     | Line   78 (run_experiment_gl.py): ##################### test rate: 
2026-02-03 23:44:13.228 CET | INFO     | Line   88 (run_experiment_gl.py): 0.7971014492753623
2026-02-03 23:44:13.234 CET | INFO     | Line   89 (run_experiment_gl.py): right classified: 110 out of 138
2026-02-03 23:44:13.257 CET | INFO     | Line   28 (run_experiment_gl.py): ##################### Loading config parameters
2026-02-03 23:44:13.262 CET | INFO     | Line   20 (logging_utils.py): Config parameters:
2026-02-03 23:44:13.268 CET | INFO     | Line   21 (logging_utils.py): 
2026-02-03 23:44:13.272 CET | INFO     | Line   27 (logging_utils.py): hidden_dim: 256
2026-02-03 23:44:13.277 CET | INFO     | Line   27 (logging_utils.py): num_layers: 2
2026-02-03 23:44:13.283 CET | INFO     | Line   27 (logging_utils.py): device: cpu
2026-02-03 23:44:13.291 CET | INFO     | Line   27 (logging_utils.py): lr: 0.001
2026-02-03 23:44:13.296 CET | INFO     | Line   27 (logging_utils.py): epochs: 50
2026-02-03 23:44:13.302 CET | INFO     | Line   27 (logging_utils.py): batch_size: 32
2026-02-03 23:44:13.308 CET | INFO     | Line   27 (logging_utils.py): dataset: MUTAG
2026-02-03 23:44:13.314 CET | INFO     | Line   27 (logging_utils.py): is_logical: True
2026-02-03 23:44:13.318 CET | INFO     | Line   27 (logging_utils.py): constrains_filepath: constrains/data/MUTAG_auto_generated_3_101_102.json
2026-02-03 23:44:13.323 CET | INFO     | Line   25 (logging_utils.py): constrains_handler: GLRuleBasedHandler
2026-02-03 23:44:13.329 CET | INFO     | Line   27 (logging_utils.py): l_factor: 0.01
2026-02-03 23:44:13.333 CET | INFO     | Line   27 (logging_utils.py): save_logs: True
2026-02-03 23:44:13.336 CET | INFO     | Line   29 (logging_utils.py): 
2026-02-03 23:44:13.342 CET | INFO     | Line   30 (logging_utils.py): Training on model: GraphOCGINLossConstrains
2026-02-03 23:44:13.348 CET | INFO     | Line   31 (logging_utils.py): 
2026-02-03 23:44:13.355 CET | INFO     | Line   41 (run_experiment_gl.py): ##################### Loading data
2026-02-03 23:44:13.437 CET | INFO     | Line   45 (run_experiment_gl.py): ##################### creating model
2026-02-03 23:44:13.444 CET | INFO     | Line   48 (run_experiment_gl.py): creating model with number of node features: 7
2026-02-03 23:44:13.461 CET | INFO     | Line   51 (run_experiment_gl.py): ##################### staring training
2026-02-03 23:44:13.468 CET | INFO     | Line   53 (run_experiment_gl.py): setting up the logical constrains
2026-02-03 23:44:13.578 CET | DEBUG    | Line   90 (gl_ocgin.py): Epoch 000 | Loss 0.052410
2026-02-03 23:44:13.904 CET | DEBUG    | Line   90 (gl_ocgin.py): Epoch 010 | Loss 0.004108
2026-02-03 23:44:14.193 CET | DEBUG    | Line   90 (gl_ocgin.py): Epoch 020 | Loss 0.002137
2026-02-03 23:44:14.441 CET | DEBUG    | Line   90 (gl_ocgin.py): Epoch 030 | Loss 0.001790
2026-02-03 23:44:14.673 CET | DEBUG    | Line   90 (gl_ocgin.py): Epoch 040 | Loss 0.001588
2026-02-03 23:44:14.861 CET | INFO     | Line   65 (run_experiment_gl.py): ##################### computing scores
2026-02-03 23:44:14.910 CET | INFO     | Line   69 (run_experiment_gl.py): computed decision boundary on anomaly scores as 95% quantile:
2026-02-03 23:44:14.916 CET | INFO     | Line   72 (run_experiment_gl.py): tensor(0.0134)
2026-02-03 23:44:14.923 CET | INFO     | Line   75 (run_experiment_gl.py): Test anomaly scores:
2026-02-03 23:44:14.930 CET | INFO     | Line   76 (run_experiment_gl.py): tensor([0.0144, 0.0093, 0.0093, 0.0099, 0.0120, 0.0096, 0.0095, 0.0088, 0.0101,
        0.0092])
2026-02-03 23:44:14.938 CET | INFO     | Line   78 (run_experiment_gl.py): ##################### test rate: 
2026-02-03 23:44:14.966 CET | INFO     | Line   88 (run_experiment_gl.py): 0.8188405797101449
2026-02-03 23:44:14.973 CET | INFO     | Line   89 (run_experiment_gl.py): right classified: 113 out of 138
2026-02-03 23:44:14.994 CET | INFO     | Line   28 (run_experiment_gl.py): ##################### Loading config parameters
2026-02-03 23:44:15.000 CET | INFO     | Line   20 (logging_utils.py): Config parameters:
2026-02-03 23:44:15.007 CET | INFO     | Line   21 (logging_utils.py): 
2026-02-03 23:44:15.013 CET | INFO     | Line   27 (logging_utils.py): hidden_dim: 256
2026-02-03 23:44:15.018 CET | INFO     | Line   27 (logging_utils.py): num_layers: 2
2026-02-03 23:44:15.024 CET | INFO     | Line   27 (logging_utils.py): device: cpu
2026-02-03 23:44:15.030 CET | INFO     | Line   27 (logging_utils.py): lr: 0.001
2026-02-03 23:44:15.036 CET | INFO     | Line   27 (logging_utils.py): epochs: 50
2026-02-03 23:44:15.046 CET | INFO     | Line   27 (logging_utils.py): batch_size: 32
2026-02-03 23:44:15.052 CET | INFO     | Line   27 (logging_utils.py): dataset: MUTAG
2026-02-03 23:44:15.066 CET | INFO     | Line   27 (logging_utils.py): is_logical: True
2026-02-03 23:44:15.073 CET | INFO     | Line   27 (logging_utils.py): constrains_filepath: constrains/data/MUTAG_auto_generated_3_101_102.json
2026-02-03 23:44:15.078 CET | INFO     | Line   25 (logging_utils.py): constrains_handler: GLRuleBasedHandler
2026-02-03 23:44:15.085 CET | INFO     | Line   27 (logging_utils.py): l_factor: 0.005
2026-02-03 23:44:15.091 CET | INFO     | Line   27 (logging_utils.py): save_logs: True
2026-02-03 23:44:15.098 CET | INFO     | Line   29 (logging_utils.py): 
2026-02-03 23:44:15.106 CET | INFO     | Line   30 (logging_utils.py): Training on model: GraphOCGINLossConstrains
2026-02-03 23:44:15.112 CET | INFO     | Line   31 (logging_utils.py): 
2026-02-03 23:44:15.116 CET | INFO     | Line   41 (run_experiment_gl.py): ##################### Loading data
2026-02-03 23:44:15.178 CET | INFO     | Line   45 (run_experiment_gl.py): ##################### creating model
2026-02-03 23:44:15.185 CET | INFO     | Line   48 (run_experiment_gl.py): creating model with number of node features: 7
2026-02-03 23:44:15.198 CET | INFO     | Line   51 (run_experiment_gl.py): ##################### staring training
2026-02-03 23:44:15.205 CET | INFO     | Line   53 (run_experiment_gl.py): setting up the logical constrains
2026-02-03 23:44:15.334 CET | DEBUG    | Line   90 (gl_ocgin.py): Epoch 000 | Loss 0.037537
2026-02-03 23:44:15.715 CET | DEBUG    | Line   90 (gl_ocgin.py): Epoch 010 | Loss 0.003998
2026-02-03 23:44:16.016 CET | DEBUG    | Line   90 (gl_ocgin.py): Epoch 020 | Loss 0.002245
2026-02-03 23:44:16.332 CET | DEBUG    | Line   90 (gl_ocgin.py): Epoch 030 | Loss 0.001879
2026-02-03 23:44:16.577 CET | DEBUG    | Line   90 (gl_ocgin.py): Epoch 040 | Loss 0.001748
2026-02-03 23:44:16.859 CET | INFO     | Line   65 (run_experiment_gl.py): ##################### computing scores
2026-02-03 23:44:16.969 CET | INFO     | Line   69 (run_experiment_gl.py): computed decision boundary on anomaly scores as 95% quantile:
2026-02-03 23:44:16.984 CET | INFO     | Line   72 (run_experiment_gl.py): tensor(0.0162)
2026-02-03 23:44:16.996 CET | INFO     | Line   75 (run_experiment_gl.py): Test anomaly scores:
2026-02-03 23:44:17.001 CET | INFO     | Line   76 (run_experiment_gl.py): tensor([0.0136, 0.0126, 0.0268, 0.0267, 0.0155, 0.0123, 0.0123, 0.0190, 0.0226,
        0.0189])
2026-02-03 23:44:17.005 CET | INFO     | Line   78 (run_experiment_gl.py): ##################### test rate: 
2026-02-03 23:44:17.024 CET | INFO     | Line   88 (run_experiment_gl.py): 0.7318840579710145
2026-02-03 23:44:17.030 CET | INFO     | Line   89 (run_experiment_gl.py): right classified: 101 out of 138
2026-02-03 23:44:17.047 CET | INFO     | Line   28 (run_experiment_gl.py): ##################### Loading config parameters
2026-02-03 23:44:17.050 CET | INFO     | Line   20 (logging_utils.py): Config parameters:
2026-02-03 23:44:17.057 CET | INFO     | Line   21 (logging_utils.py): 
2026-02-03 23:44:17.062 CET | INFO     | Line   27 (logging_utils.py): hidden_dim: 256
2026-02-03 23:44:17.066 CET | INFO     | Line   27 (logging_utils.py): num_layers: 2
2026-02-03 23:44:17.069 CET | INFO     | Line   27 (logging_utils.py): device: cpu
2026-02-03 23:44:17.075 CET | INFO     | Line   27 (logging_utils.py): lr: 0.001
2026-02-03 23:44:17.080 CET | INFO     | Line   27 (logging_utils.py): epochs: 50
2026-02-03 23:44:17.083 CET | INFO     | Line   27 (logging_utils.py): batch_size: 32
2026-02-03 23:44:17.086 CET | INFO     | Line   27 (logging_utils.py): dataset: MUTAG
2026-02-03 23:44:17.093 CET | INFO     | Line   27 (logging_utils.py): is_logical: True
2026-02-03 23:44:17.097 CET | INFO     | Line   27 (logging_utils.py): constrains_filepath: constrains/data/MUTAG_auto_generated_3_101_102.json
2026-02-03 23:44:17.101 CET | INFO     | Line   25 (logging_utils.py): constrains_handler: GLRuleBasedHandler
2026-02-03 23:44:17.110 CET | INFO     | Line   27 (logging_utils.py): l_factor: 0.001
2026-02-03 23:44:17.115 CET | INFO     | Line   27 (logging_utils.py): save_logs: True
2026-02-03 23:44:17.122 CET | INFO     | Line   29 (logging_utils.py): 
2026-02-03 23:44:17.127 CET | INFO     | Line   30 (logging_utils.py): Training on model: GraphOCGINLossConstrains
2026-02-03 23:44:17.130 CET | INFO     | Line   31 (logging_utils.py): 
2026-02-03 23:44:17.133 CET | INFO     | Line   41 (run_experiment_gl.py): ##################### Loading data
2026-02-03 23:44:17.174 CET | INFO     | Line   45 (run_experiment_gl.py): ##################### creating model
2026-02-03 23:44:17.178 CET | INFO     | Line   48 (run_experiment_gl.py): creating model with number of node features: 7
2026-02-03 23:44:17.187 CET | INFO     | Line   51 (run_experiment_gl.py): ##################### staring training
2026-02-03 23:44:17.191 CET | INFO     | Line   53 (run_experiment_gl.py): setting up the logical constrains
2026-02-03 23:44:17.286 CET | DEBUG    | Line   90 (gl_ocgin.py): Epoch 000 | Loss 0.030450
2026-02-03 23:44:17.588 CET | DEBUG    | Line   90 (gl_ocgin.py): Epoch 010 | Loss 0.005488
2026-02-03 23:44:17.883 CET | DEBUG    | Line   90 (gl_ocgin.py): Epoch 020 | Loss 0.004419
2026-02-03 23:44:18.157 CET | DEBUG    | Line   90 (gl_ocgin.py): Epoch 030 | Loss 0.004180
2026-02-03 23:44:18.390 CET | DEBUG    | Line   90 (gl_ocgin.py): Epoch 040 | Loss 0.004104
2026-02-03 23:44:18.634 CET | INFO     | Line   65 (run_experiment_gl.py): ##################### computing scores
2026-02-03 23:44:18.734 CET | INFO     | Line   69 (run_experiment_gl.py): computed decision boundary on anomaly scores as 95% quantile:
2026-02-03 23:44:18.740 CET | INFO     | Line   72 (run_experiment_gl.py): tensor(0.0380)
2026-02-03 23:44:18.746 CET | INFO     | Line   75 (run_experiment_gl.py): Test anomaly scores:
2026-02-03 23:44:18.752 CET | INFO     | Line   76 (run_experiment_gl.py): tensor([0.0358, 0.0356, 0.0368, 0.0358, 0.0378, 0.0374, 0.0409, 0.0359, 0.0365,
        0.0358])
2026-02-03 23:44:18.757 CET | INFO     | Line   78 (run_experiment_gl.py): ##################### test rate: 
2026-02-03 23:44:18.782 CET | INFO     | Line   88 (run_experiment_gl.py): 0.7681159420289855
2026-02-03 23:44:18.795 CET | INFO     | Line   89 (run_experiment_gl.py): right classified: 106 out of 138
2026-02-03 23:44:18.861 CET | INFO     | Line   28 (run_experiment_gl.py): ##################### Loading config parameters
2026-02-03 23:44:18.876 CET | INFO     | Line   20 (logging_utils.py): Config parameters:
2026-02-03 23:44:18.890 CET | INFO     | Line   21 (logging_utils.py): 
2026-02-03 23:44:18.905 CET | INFO     | Line   27 (logging_utils.py): hidden_dim: 256
2026-02-03 23:44:18.920 CET | INFO     | Line   27 (logging_utils.py): num_layers: 3
2026-02-03 23:44:18.928 CET | INFO     | Line   27 (logging_utils.py): device: cpu
2026-02-03 23:44:18.944 CET | INFO     | Line   27 (logging_utils.py): lr: 0.001
2026-02-03 23:44:18.961 CET | INFO     | Line   27 (logging_utils.py): epochs: 50
2026-02-03 23:44:18.973 CET | INFO     | Line   27 (logging_utils.py): batch_size: 32
2026-02-03 23:44:18.986 CET | INFO     | Line   27 (logging_utils.py): dataset: MUTAG
2026-02-03 23:44:19.002 CET | INFO     | Line   27 (logging_utils.py): is_logical: False
2026-02-03 23:44:19.009 CET | INFO     | Line   27 (logging_utils.py): constrains_filepath: constrains/data/MUTAG_auto_generated_2_101_102.json
2026-02-03 23:44:19.016 CET | INFO     | Line   25 (logging_utils.py): constrains_handler: GLRuleBasedHandler
2026-02-03 23:44:19.023 CET | INFO     | Line   27 (logging_utils.py): l_factor: 0.1
2026-02-03 23:44:19.032 CET | INFO     | Line   27 (logging_utils.py): save_logs: True
2026-02-03 23:44:19.040 CET | INFO     | Line   29 (logging_utils.py): 
2026-02-03 23:44:19.048 CET | INFO     | Line   30 (logging_utils.py): Training on model: GraphOCGIN
2026-02-03 23:44:19.055 CET | INFO     | Line   31 (logging_utils.py): 
2026-02-03 23:44:19.061 CET | INFO     | Line   41 (run_experiment_gl.py): ##################### Loading data
2026-02-03 23:44:19.143 CET | INFO     | Line   45 (run_experiment_gl.py): ##################### creating model
2026-02-03 23:44:19.151 CET | INFO     | Line   48 (run_experiment_gl.py): creating model with number of node features: 7
2026-02-03 23:44:19.174 CET | INFO     | Line   51 (run_experiment_gl.py): ##################### staring training
2026-02-03 23:44:19.272 CET | DEBUG    | Line   85 (graph_level_ocgin.py): Epoch 000 | Loss 0.979760
2026-02-03 23:44:19.335 CET | DEBUG    | Line   85 (graph_level_ocgin.py): Epoch 001 | Loss 0.197480
2026-02-03 23:44:19.407 CET | DEBUG    | Line   85 (graph_level_ocgin.py): Epoch 002 | Loss 0.322086
2026-02-03 23:44:19.494 CET | DEBUG    | Line   85 (graph_level_ocgin.py): Epoch 003 | Loss 0.218990
2026-02-03 23:44:19.711 CET | DEBUG    | Line   85 (graph_level_ocgin.py): Epoch 004 | Loss 0.151022
2026-02-03 23:44:19.865 CET | DEBUG    | Line   85 (graph_level_ocgin.py): Epoch 005 | Loss 0.106386
2026-02-03 23:44:19.945 CET | DEBUG    | Line   85 (graph_level_ocgin.py): Epoch 006 | Loss 0.081739
2026-02-03 23:44:19.999 CET | DEBUG    | Line   85 (graph_level_ocgin.py): Epoch 007 | Loss 0.069757
2026-02-03 23:44:20.052 CET | DEBUG    | Line   85 (graph_level_ocgin.py): Epoch 008 | Loss 0.060316
2026-02-03 23:44:20.106 CET | DEBUG    | Line   85 (graph_level_ocgin.py): Epoch 009 | Loss 0.054768
2026-02-03 23:44:20.154 CET | DEBUG    | Line   85 (graph_level_ocgin.py): Epoch 010 | Loss 0.047150
2026-02-03 23:44:20.200 CET | DEBUG    | Line   85 (graph_level_ocgin.py): Epoch 011 | Loss 0.039187
2026-02-03 23:44:20.245 CET | DEBUG    | Line   85 (graph_level_ocgin.py): Epoch 012 | Loss 0.035918
2026-02-03 23:44:20.290 CET | DEBUG    | Line   85 (graph_level_ocgin.py): Epoch 013 | Loss 0.033950
2026-02-03 23:44:20.336 CET | DEBUG    | Line   85 (graph_level_ocgin.py): Epoch 014 | Loss 0.032742
2026-02-03 23:44:20.381 CET | DEBUG    | Line   85 (graph_level_ocgin.py): Epoch 015 | Loss 0.030660
2026-02-03 23:44:20.427 CET | DEBUG    | Line   85 (graph_level_ocgin.py): Epoch 016 | Loss 0.028178
2026-02-03 23:44:20.473 CET | DEBUG    | Line   85 (graph_level_ocgin.py): Epoch 017 | Loss 0.027422
2026-02-03 23:44:20.524 CET | DEBUG    | Line   85 (graph_level_ocgin.py): Epoch 018 | Loss 0.027180
2026-02-03 23:44:20.582 CET | DEBUG    | Line   85 (graph_level_ocgin.py): Epoch 019 | Loss 0.026230
2026-02-03 23:44:20.635 CET | DEBUG    | Line   85 (graph_level_ocgin.py): Epoch 020 | Loss 0.024984
2026-02-03 23:44:20.686 CET | DEBUG    | Line   85 (graph_level_ocgin.py): Epoch 021 | Loss 0.024409
2026-02-03 23:44:20.733 CET | DEBUG    | Line   85 (graph_level_ocgin.py): Epoch 022 | Loss 0.024116
2026-02-03 23:44:20.782 CET | DEBUG    | Line   85 (graph_level_ocgin.py): Epoch 023 | Loss 0.023604
2026-02-03 23:44:20.828 CET | DEBUG    | Line   85 (graph_level_ocgin.py): Epoch 024 | Loss 0.023803
2026-02-03 23:44:20.880 CET | DEBUG    | Line   85 (graph_level_ocgin.py): Epoch 025 | Loss 0.024096
2026-02-03 23:44:20.927 CET | DEBUG    | Line   85 (graph_level_ocgin.py): Epoch 026 | Loss 0.023132
2026-02-03 23:44:20.975 CET | DEBUG    | Line   85 (graph_level_ocgin.py): Epoch 027 | Loss 0.023200
2026-02-03 23:44:21.018 CET | DEBUG    | Line   85 (graph_level_ocgin.py): Epoch 028 | Loss 0.023072
2026-02-03 23:44:21.060 CET | DEBUG    | Line   85 (graph_level_ocgin.py): Epoch 029 | Loss 0.022866
2026-02-03 23:44:21.108 CET | DEBUG    | Line   85 (graph_level_ocgin.py): Epoch 030 | Loss 0.022701
2026-02-03 23:44:21.149 CET | DEBUG    | Line   85 (graph_level_ocgin.py): Epoch 031 | Loss 0.022612
2026-02-03 23:44:21.196 CET | DEBUG    | Line   85 (graph_level_ocgin.py): Epoch 032 | Loss 0.022369
2026-02-03 23:44:21.241 CET | DEBUG    | Line   85 (graph_level_ocgin.py): Epoch 033 | Loss 0.022247
2026-02-03 23:44:21.284 CET | DEBUG    | Line   85 (graph_level_ocgin.py): Epoch 034 | Loss 0.022282
2026-02-03 23:44:21.327 CET | DEBUG    | Line   85 (graph_level_ocgin.py): Epoch 035 | Loss 0.022158
2026-02-03 23:44:21.372 CET | DEBUG    | Line   85 (graph_level_ocgin.py): Epoch 036 | Loss 0.022299
2026-02-03 23:44:21.425 CET | DEBUG    | Line   85 (graph_level_ocgin.py): Epoch 037 | Loss 0.022173
2026-02-03 23:44:21.469 CET | DEBUG    | Line   85 (graph_level_ocgin.py): Epoch 038 | Loss 0.022092
2026-02-03 23:44:21.510 CET | DEBUG    | Line   85 (graph_level_ocgin.py): Epoch 039 | Loss 0.022174
2026-02-03 23:44:21.564 CET | DEBUG    | Line   85 (graph_level_ocgin.py): Epoch 040 | Loss 0.022099
2026-02-03 23:44:21.640 CET | DEBUG    | Line   85 (graph_level_ocgin.py): Epoch 041 | Loss 0.022059
2026-02-03 23:44:21.709 CET | DEBUG    | Line   85 (graph_level_ocgin.py): Epoch 042 | Loss 0.022047
2026-02-03 23:44:21.778 CET | DEBUG    | Line   85 (graph_level_ocgin.py): Epoch 043 | Loss 0.021973
2026-02-03 23:44:21.828 CET | DEBUG    | Line   85 (graph_level_ocgin.py): Epoch 044 | Loss 0.021978
2026-02-03 23:44:21.891 CET | DEBUG    | Line   85 (graph_level_ocgin.py): Epoch 045 | Loss 0.022072
2026-02-03 23:44:21.936 CET | DEBUG    | Line   85 (graph_level_ocgin.py): Epoch 046 | Loss 0.021949
2026-02-03 23:44:21.981 CET | DEBUG    | Line   85 (graph_level_ocgin.py): Epoch 047 | Loss 0.021957
2026-02-03 23:44:22.021 CET | DEBUG    | Line   85 (graph_level_ocgin.py): Epoch 048 | Loss 0.021990
2026-02-03 23:44:22.068 CET | DEBUG    | Line   85 (graph_level_ocgin.py): Epoch 049 | Loss 0.021874
2026-02-03 23:44:22.074 CET | INFO     | Line   65 (run_experiment_gl.py): ##################### computing scores
2026-02-03 23:44:22.144 CET | INFO     | Line   69 (run_experiment_gl.py): computed decision boundary on anomaly scores as 95% quantile:
2026-02-03 23:44:22.150 CET | INFO     | Line   72 (run_experiment_gl.py): tensor(0.0241)
2026-02-03 23:44:22.156 CET | INFO     | Line   75 (run_experiment_gl.py): Test anomaly scores:
2026-02-03 23:44:22.161 CET | INFO     | Line   76 (run_experiment_gl.py): tensor([0.0213, 0.0232, 0.0216, 0.0212, 0.0212, 0.0245, 0.0215, 0.0212, 0.0215,
        0.0219])
2026-02-03 23:44:22.167 CET | INFO     | Line   78 (run_experiment_gl.py): ##################### test rate: 
2026-02-03 23:44:22.192 CET | INFO     | Line   88 (run_experiment_gl.py): 0.8043478260869565
2026-02-03 23:44:22.197 CET | INFO     | Line   89 (run_experiment_gl.py): right classified: 111 out of 138
2026-02-03 23:44:22.217 CET | INFO     | Line   28 (run_experiment_gl.py): ##################### Loading config parameters
2026-02-03 23:44:22.223 CET | INFO     | Line   20 (logging_utils.py): Config parameters:
2026-02-03 23:44:22.228 CET | INFO     | Line   21 (logging_utils.py): 
2026-02-03 23:44:22.233 CET | INFO     | Line   27 (logging_utils.py): hidden_dim: 256
2026-02-03 23:44:22.238 CET | INFO     | Line   27 (logging_utils.py): num_layers: 3
2026-02-03 23:44:22.245 CET | INFO     | Line   27 (logging_utils.py): device: cpu
2026-02-03 23:44:22.250 CET | INFO     | Line   27 (logging_utils.py): lr: 0.001
2026-02-03 23:44:22.255 CET | INFO     | Line   27 (logging_utils.py): epochs: 50
2026-02-03 23:44:22.260 CET | INFO     | Line   27 (logging_utils.py): batch_size: 32
2026-02-03 23:44:22.265 CET | INFO     | Line   27 (logging_utils.py): dataset: MUTAG
2026-02-03 23:44:22.272 CET | INFO     | Line   27 (logging_utils.py): is_logical: True
2026-02-03 23:44:22.277 CET | INFO     | Line   27 (logging_utils.py): constrains_filepath: constrains/data/MUTAG_auto_generated_2_101_102.json
2026-02-03 23:44:22.282 CET | INFO     | Line   25 (logging_utils.py): constrains_handler: GLRuleBasedHandler
2026-02-03 23:44:22.290 CET | INFO     | Line   27 (logging_utils.py): l_factor: 0.1
2026-02-03 23:44:22.295 CET | INFO     | Line   27 (logging_utils.py): save_logs: True
2026-02-03 23:44:22.299 CET | INFO     | Line   29 (logging_utils.py): 
2026-02-03 23:44:22.306 CET | INFO     | Line   30 (logging_utils.py): Training on model: GraphOCGINLossConstrains
2026-02-03 23:44:22.312 CET | INFO     | Line   31 (logging_utils.py): 
2026-02-03 23:44:22.317 CET | INFO     | Line   41 (run_experiment_gl.py): ##################### Loading data
2026-02-03 23:44:22.375 CET | INFO     | Line   45 (run_experiment_gl.py): ##################### creating model
2026-02-03 23:44:22.381 CET | INFO     | Line   48 (run_experiment_gl.py): creating model with number of node features: 7
2026-02-03 23:44:22.395 CET | INFO     | Line   51 (run_experiment_gl.py): ##################### staring training
2026-02-03 23:44:22.401 CET | INFO     | Line   53 (run_experiment_gl.py): setting up the logical constrains
2026-02-03 23:44:22.525 CET | DEBUG    | Line   90 (gl_ocgin.py): Epoch 000 | Loss 0.016770
2026-02-03 23:44:23.107 CET | DEBUG    | Line   90 (gl_ocgin.py): Epoch 010 | Loss 0.003850
2026-02-03 23:44:23.453 CET | DEBUG    | Line   90 (gl_ocgin.py): Epoch 020 | Loss 0.003420
2026-02-03 23:44:23.859 CET | DEBUG    | Line   90 (gl_ocgin.py): Epoch 030 | Loss 0.003348
2026-02-03 23:44:24.230 CET | DEBUG    | Line   90 (gl_ocgin.py): Epoch 040 | Loss 0.003302
2026-02-03 23:44:24.528 CET | INFO     | Line   65 (run_experiment_gl.py): ##################### computing scores
2026-02-03 23:44:24.588 CET | INFO     | Line   69 (run_experiment_gl.py): computed decision boundary on anomaly scores as 95% quantile:
2026-02-03 23:44:24.595 CET | INFO     | Line   72 (run_experiment_gl.py): tensor(0.0059)
2026-02-03 23:44:24.602 CET | INFO     | Line   75 (run_experiment_gl.py): Test anomaly scores:
2026-02-03 23:44:24.608 CET | INFO     | Line   76 (run_experiment_gl.py): tensor([0.0048, 0.0051, 0.0045, 0.0047, 0.0051, 0.0047, 0.0059, 0.0046, 0.0049,
        0.0046])
2026-02-03 23:44:24.614 CET | INFO     | Line   78 (run_experiment_gl.py): ##################### test rate: 
2026-02-03 23:44:24.636 CET | INFO     | Line   88 (run_experiment_gl.py): 0.2463768115942029
2026-02-03 23:44:24.641 CET | INFO     | Line   89 (run_experiment_gl.py): right classified: 34 out of 138
2026-02-03 23:44:24.662 CET | INFO     | Line   28 (run_experiment_gl.py): ##################### Loading config parameters
2026-02-03 23:44:24.667 CET | INFO     | Line   20 (logging_utils.py): Config parameters:
2026-02-03 23:44:24.673 CET | INFO     | Line   21 (logging_utils.py): 
2026-02-03 23:44:24.679 CET | INFO     | Line   27 (logging_utils.py): hidden_dim: 256
2026-02-03 23:44:24.684 CET | INFO     | Line   27 (logging_utils.py): num_layers: 3
2026-02-03 23:44:24.689 CET | INFO     | Line   27 (logging_utils.py): device: cpu
2026-02-03 23:44:24.694 CET | INFO     | Line   27 (logging_utils.py): lr: 0.001
2026-02-03 23:44:24.700 CET | INFO     | Line   27 (logging_utils.py): epochs: 50
2026-02-03 23:44:24.706 CET | INFO     | Line   27 (logging_utils.py): batch_size: 32
2026-02-03 23:44:24.714 CET | INFO     | Line   27 (logging_utils.py): dataset: MUTAG
2026-02-03 23:44:24.719 CET | INFO     | Line   27 (logging_utils.py): is_logical: True
2026-02-03 23:44:24.722 CET | INFO     | Line   27 (logging_utils.py): constrains_filepath: constrains/data/MUTAG_auto_generated_2_101_102.json
2026-02-03 23:44:24.726 CET | INFO     | Line   25 (logging_utils.py): constrains_handler: GLRuleBasedHandler
2026-02-03 23:44:24.729 CET | INFO     | Line   27 (logging_utils.py): l_factor: 0.01
2026-02-03 23:44:24.732 CET | INFO     | Line   27 (logging_utils.py): save_logs: True
2026-02-03 23:44:24.737 CET | INFO     | Line   29 (logging_utils.py): 
2026-02-03 23:44:24.740 CET | INFO     | Line   30 (logging_utils.py): Training on model: GraphOCGINLossConstrains
2026-02-03 23:44:24.744 CET | INFO     | Line   31 (logging_utils.py): 
2026-02-03 23:44:24.748 CET | INFO     | Line   41 (run_experiment_gl.py): ##################### Loading data
2026-02-03 23:44:24.790 CET | INFO     | Line   45 (run_experiment_gl.py): ##################### creating model
2026-02-03 23:44:24.793 CET | INFO     | Line   48 (run_experiment_gl.py): creating model with number of node features: 7
2026-02-03 23:44:24.811 CET | INFO     | Line   51 (run_experiment_gl.py): ##################### staring training
2026-02-03 23:44:24.814 CET | INFO     | Line   53 (run_experiment_gl.py): setting up the logical constrains
2026-02-03 23:44:24.978 CET | DEBUG    | Line   90 (gl_ocgin.py): Epoch 000 | Loss 0.025705
2026-02-03 23:44:25.412 CET | DEBUG    | Line   90 (gl_ocgin.py): Epoch 010 | Loss 0.002705
2026-02-03 23:44:25.932 CET | DEBUG    | Line   90 (gl_ocgin.py): Epoch 020 | Loss 0.001796
2026-02-03 23:44:26.274 CET | DEBUG    | Line   90 (gl_ocgin.py): Epoch 030 | Loss 0.001711
2026-02-03 23:44:26.713 CET | DEBUG    | Line   90 (gl_ocgin.py): Epoch 040 | Loss 0.001694
2026-02-03 23:44:27.048 CET | INFO     | Line   65 (run_experiment_gl.py): ##################### computing scores
2026-02-03 23:44:27.112 CET | INFO     | Line   69 (run_experiment_gl.py): computed decision boundary on anomaly scores as 95% quantile:
2026-02-03 23:44:27.119 CET | INFO     | Line   72 (run_experiment_gl.py): tensor(0.0144)
2026-02-03 23:44:27.127 CET | INFO     | Line   75 (run_experiment_gl.py): Test anomaly scores:
2026-02-03 23:44:27.134 CET | INFO     | Line   76 (run_experiment_gl.py): tensor([0.0133, 0.0124, 0.0124, 0.0148, 0.0126, 0.0119, 0.0119, 0.0168, 0.0119,
        0.0125])
2026-02-03 23:44:27.143 CET | INFO     | Line   78 (run_experiment_gl.py): ##################### test rate: 
2026-02-03 23:44:27.165 CET | INFO     | Line   88 (run_experiment_gl.py): 0.6086956521739131
2026-02-03 23:44:27.170 CET | INFO     | Line   89 (run_experiment_gl.py): right classified: 84 out of 138
2026-02-03 23:44:27.196 CET | INFO     | Line   28 (run_experiment_gl.py): ##################### Loading config parameters
2026-02-03 23:44:27.203 CET | INFO     | Line   20 (logging_utils.py): Config parameters:
2026-02-03 23:44:27.206 CET | INFO     | Line   21 (logging_utils.py): 
2026-02-03 23:44:27.209 CET | INFO     | Line   27 (logging_utils.py): hidden_dim: 256
2026-02-03 23:44:27.214 CET | INFO     | Line   27 (logging_utils.py): num_layers: 3
2026-02-03 23:44:27.217 CET | INFO     | Line   27 (logging_utils.py): device: cpu
2026-02-03 23:44:27.223 CET | INFO     | Line   27 (logging_utils.py): lr: 0.001
2026-02-03 23:44:27.228 CET | INFO     | Line   27 (logging_utils.py): epochs: 50
2026-02-03 23:44:27.237 CET | INFO     | Line   27 (logging_utils.py): batch_size: 32
2026-02-03 23:44:27.242 CET | INFO     | Line   27 (logging_utils.py): dataset: MUTAG
2026-02-03 23:44:27.246 CET | INFO     | Line   27 (logging_utils.py): is_logical: True
2026-02-03 23:44:27.252 CET | INFO     | Line   27 (logging_utils.py): constrains_filepath: constrains/data/MUTAG_auto_generated_2_101_102.json
2026-02-03 23:44:27.259 CET | INFO     | Line   25 (logging_utils.py): constrains_handler: GLRuleBasedHandler
2026-02-03 23:44:27.263 CET | INFO     | Line   27 (logging_utils.py): l_factor: 0.005
2026-02-03 23:44:27.267 CET | INFO     | Line   27 (logging_utils.py): save_logs: True
2026-02-03 23:44:27.271 CET | INFO     | Line   29 (logging_utils.py): 
2026-02-03 23:44:27.275 CET | INFO     | Line   30 (logging_utils.py): Training on model: GraphOCGINLossConstrains
2026-02-03 23:44:27.279 CET | INFO     | Line   31 (logging_utils.py): 
2026-02-03 23:44:27.284 CET | INFO     | Line   41 (run_experiment_gl.py): ##################### Loading data
2026-02-03 23:44:27.345 CET | INFO     | Line   45 (run_experiment_gl.py): ##################### creating model
2026-02-03 23:44:27.351 CET | INFO     | Line   48 (run_experiment_gl.py): creating model with number of node features: 7
2026-02-03 23:44:27.368 CET | INFO     | Line   51 (run_experiment_gl.py): ##################### staring training
2026-02-03 23:44:27.375 CET | INFO     | Line   53 (run_experiment_gl.py): setting up the logical constrains
2026-02-03 23:44:27.561 CET | DEBUG    | Line   90 (gl_ocgin.py): Epoch 000 | Loss 0.013956
2026-02-03 23:44:28.037 CET | DEBUG    | Line   90 (gl_ocgin.py): Epoch 010 | Loss 0.000828
2026-02-03 23:44:28.500 CET | DEBUG    | Line   90 (gl_ocgin.py): Epoch 020 | Loss 0.000548
2026-02-03 23:44:28.823 CET | DEBUG    | Line   90 (gl_ocgin.py): Epoch 030 | Loss 0.000513
2026-02-03 23:44:29.172 CET | DEBUG    | Line   90 (gl_ocgin.py): Epoch 040 | Loss 0.000506
2026-02-03 23:44:29.456 CET | INFO     | Line   65 (run_experiment_gl.py): ##################### computing scores
2026-02-03 23:44:29.522 CET | INFO     | Line   69 (run_experiment_gl.py): computed decision boundary on anomaly scores as 95% quantile:
2026-02-03 23:44:29.529 CET | INFO     | Line   72 (run_experiment_gl.py): tensor(0.0044)
2026-02-03 23:44:29.537 CET | INFO     | Line   75 (run_experiment_gl.py): Test anomaly scores:
2026-02-03 23:44:29.541 CET | INFO     | Line   76 (run_experiment_gl.py): tensor([0.0031, 0.0030, 0.0033, 0.0033, 0.0031, 0.0029, 0.0030, 0.0044, 0.0032,
        0.0045])
2026-02-03 23:44:29.546 CET | INFO     | Line   78 (run_experiment_gl.py): ##################### test rate: 
2026-02-03 23:44:29.563 CET | INFO     | Line   88 (run_experiment_gl.py): 0.8043478260869565
2026-02-03 23:44:29.568 CET | INFO     | Line   89 (run_experiment_gl.py): right classified: 111 out of 138
2026-02-03 23:44:29.581 CET | INFO     | Line   28 (run_experiment_gl.py): ##################### Loading config parameters
2026-02-03 23:44:29.586 CET | INFO     | Line   20 (logging_utils.py): Config parameters:
2026-02-03 23:44:29.589 CET | INFO     | Line   21 (logging_utils.py): 
2026-02-03 23:44:29.594 CET | INFO     | Line   27 (logging_utils.py): hidden_dim: 256
2026-02-03 23:44:29.598 CET | INFO     | Line   27 (logging_utils.py): num_layers: 3
2026-02-03 23:44:29.603 CET | INFO     | Line   27 (logging_utils.py): device: cpu
2026-02-03 23:44:29.607 CET | INFO     | Line   27 (logging_utils.py): lr: 0.001
2026-02-03 23:44:29.612 CET | INFO     | Line   27 (logging_utils.py): epochs: 50
2026-02-03 23:44:29.619 CET | INFO     | Line   27 (logging_utils.py): batch_size: 32
2026-02-03 23:44:29.626 CET | INFO     | Line   27 (logging_utils.py): dataset: MUTAG
2026-02-03 23:44:29.633 CET | INFO     | Line   27 (logging_utils.py): is_logical: True
2026-02-03 23:44:29.641 CET | INFO     | Line   27 (logging_utils.py): constrains_filepath: constrains/data/MUTAG_auto_generated_2_101_102.json
2026-02-03 23:44:29.647 CET | INFO     | Line   25 (logging_utils.py): constrains_handler: GLRuleBasedHandler
2026-02-03 23:44:29.654 CET | INFO     | Line   27 (logging_utils.py): l_factor: 0.001
2026-02-03 23:44:29.661 CET | INFO     | Line   27 (logging_utils.py): save_logs: True
2026-02-03 23:44:29.668 CET | INFO     | Line   29 (logging_utils.py): 
2026-02-03 23:44:29.674 CET | INFO     | Line   30 (logging_utils.py): Training on model: GraphOCGINLossConstrains
2026-02-03 23:44:29.679 CET | INFO     | Line   31 (logging_utils.py): 
2026-02-03 23:44:29.684 CET | INFO     | Line   41 (run_experiment_gl.py): ##################### Loading data
2026-02-03 23:44:29.734 CET | INFO     | Line   45 (run_experiment_gl.py): ##################### creating model
2026-02-03 23:44:29.740 CET | INFO     | Line   48 (run_experiment_gl.py): creating model with number of node features: 7
2026-02-03 23:44:29.755 CET | INFO     | Line   51 (run_experiment_gl.py): ##################### staring training
2026-02-03 23:44:29.760 CET | INFO     | Line   53 (run_experiment_gl.py): setting up the logical constrains
2026-02-03 23:44:29.880 CET | DEBUG    | Line   90 (gl_ocgin.py): Epoch 000 | Loss 0.015932
2026-02-03 23:44:30.282 CET | DEBUG    | Line   90 (gl_ocgin.py): Epoch 010 | Loss 0.002061
2026-02-03 23:44:30.611 CET | DEBUG    | Line   90 (gl_ocgin.py): Epoch 020 | Loss 0.001611
2026-02-03 23:44:30.943 CET | DEBUG    | Line   90 (gl_ocgin.py): Epoch 030 | Loss 0.001531
2026-02-03 23:44:31.295 CET | DEBUG    | Line   90 (gl_ocgin.py): Epoch 040 | Loss 0.001504
2026-02-03 23:44:31.601 CET | INFO     | Line   65 (run_experiment_gl.py): ##################### computing scores
2026-02-03 23:44:31.662 CET | INFO     | Line   69 (run_experiment_gl.py): computed decision boundary on anomaly scores as 95% quantile:
2026-02-03 23:44:31.668 CET | INFO     | Line   72 (run_experiment_gl.py): tensor(0.0138)
2026-02-03 23:44:31.676 CET | INFO     | Line   75 (run_experiment_gl.py): Test anomaly scores:
2026-02-03 23:44:31.683 CET | INFO     | Line   76 (run_experiment_gl.py): tensor([0.0130, 0.0143, 0.0132, 0.0132, 0.0130, 0.0138, 0.0130, 0.0138, 0.0143,
        0.0134])
2026-02-03 23:44:31.690 CET | INFO     | Line   78 (run_experiment_gl.py): ##################### test rate: 
2026-02-03 23:44:31.704 CET | INFO     | Line   88 (run_experiment_gl.py): 0.855072463768116
2026-02-03 23:44:31.707 CET | INFO     | Line   89 (run_experiment_gl.py): right classified: 118 out of 138
2026-02-03 23:44:31.724 CET | INFO     | Line   28 (run_experiment_gl.py): ##################### Loading config parameters
2026-02-03 23:44:31.731 CET | INFO     | Line   20 (logging_utils.py): Config parameters:
2026-02-03 23:44:31.739 CET | INFO     | Line   21 (logging_utils.py): 
2026-02-03 23:44:31.747 CET | INFO     | Line   27 (logging_utils.py): hidden_dim: 256
2026-02-03 23:44:31.755 CET | INFO     | Line   27 (logging_utils.py): num_layers: 3
2026-02-03 23:44:31.761 CET | INFO     | Line   27 (logging_utils.py): device: cpu
2026-02-03 23:44:31.769 CET | INFO     | Line   27 (logging_utils.py): lr: 0.001
2026-02-03 23:44:31.776 CET | INFO     | Line   27 (logging_utils.py): epochs: 50
2026-02-03 23:44:31.784 CET | INFO     | Line   27 (logging_utils.py): batch_size: 32
2026-02-03 23:44:31.791 CET | INFO     | Line   27 (logging_utils.py): dataset: MUTAG
2026-02-03 23:44:31.800 CET | INFO     | Line   27 (logging_utils.py): is_logical: True
2026-02-03 23:44:31.807 CET | INFO     | Line   27 (logging_utils.py): constrains_filepath: constrains/data/MUTAG_auto_generated_3_101_102.json
2026-02-03 23:44:31.821 CET | INFO     | Line   25 (logging_utils.py): constrains_handler: GLRuleBasedHandler
2026-02-03 23:44:31.834 CET | INFO     | Line   27 (logging_utils.py): l_factor: 0.1
2026-02-03 23:44:31.845 CET | INFO     | Line   27 (logging_utils.py): save_logs: True
2026-02-03 23:44:31.853 CET | INFO     | Line   29 (logging_utils.py): 
2026-02-03 23:44:31.859 CET | INFO     | Line   30 (logging_utils.py): Training on model: GraphOCGINLossConstrains
2026-02-03 23:44:31.866 CET | INFO     | Line   31 (logging_utils.py): 
2026-02-03 23:44:31.871 CET | INFO     | Line   41 (run_experiment_gl.py): ##################### Loading data
2026-02-03 23:44:31.914 CET | INFO     | Line   45 (run_experiment_gl.py): ##################### creating model
2026-02-03 23:44:31.918 CET | INFO     | Line   48 (run_experiment_gl.py): creating model with number of node features: 7
2026-02-03 23:44:31.932 CET | INFO     | Line   51 (run_experiment_gl.py): ##################### staring training
2026-02-03 23:44:31.938 CET | INFO     | Line   53 (run_experiment_gl.py): setting up the logical constrains
2026-02-03 23:44:32.084 CET | DEBUG    | Line   90 (gl_ocgin.py): Epoch 000 | Loss 0.018511
2026-02-03 23:44:32.508 CET | DEBUG    | Line   90 (gl_ocgin.py): Epoch 010 | Loss 0.004301
2026-02-03 23:44:33.047 CET | DEBUG    | Line   90 (gl_ocgin.py): Epoch 020 | Loss 0.003988
2026-02-03 23:44:33.370 CET | DEBUG    | Line   90 (gl_ocgin.py): Epoch 030 | Loss 0.003934
2026-02-03 23:44:33.828 CET | DEBUG    | Line   90 (gl_ocgin.py): Epoch 040 | Loss 0.003924
2026-02-03 23:44:34.182 CET | INFO     | Line   65 (run_experiment_gl.py): ##################### computing scores
2026-02-03 23:44:34.250 CET | INFO     | Line   69 (run_experiment_gl.py): computed decision boundary on anomaly scores as 95% quantile:
2026-02-03 23:44:34.256 CET | INFO     | Line   72 (run_experiment_gl.py): tensor(0.0028)
2026-02-03 23:44:34.265 CET | INFO     | Line   75 (run_experiment_gl.py): Test anomaly scores:
2026-02-03 23:44:34.272 CET | INFO     | Line   76 (run_experiment_gl.py): tensor([0.0023, 0.0022, 0.0024, 0.0022, 0.0038, 0.0024, 0.0021, 0.0022, 0.0025,
        0.0023])
2026-02-03 23:44:34.278 CET | INFO     | Line   78 (run_experiment_gl.py): ##################### test rate: 
2026-02-03 23:44:34.292 CET | INFO     | Line   88 (run_experiment_gl.py): 0.8913043478260869
2026-02-03 23:44:34.298 CET | INFO     | Line   89 (run_experiment_gl.py): right classified: 123 out of 138
2026-02-03 23:44:34.323 CET | INFO     | Line   28 (run_experiment_gl.py): ##################### Loading config parameters
2026-02-03 23:44:34.327 CET | INFO     | Line   20 (logging_utils.py): Config parameters:
2026-02-03 23:44:34.336 CET | INFO     | Line   21 (logging_utils.py): 
2026-02-03 23:44:34.342 CET | INFO     | Line   27 (logging_utils.py): hidden_dim: 256
2026-02-03 23:44:34.350 CET | INFO     | Line   27 (logging_utils.py): num_layers: 3
2026-02-03 23:44:34.360 CET | INFO     | Line   27 (logging_utils.py): device: cpu
2026-02-03 23:44:34.366 CET | INFO     | Line   27 (logging_utils.py): lr: 0.001
2026-02-03 23:44:34.370 CET | INFO     | Line   27 (logging_utils.py): epochs: 50
2026-02-03 23:44:34.373 CET | INFO     | Line   27 (logging_utils.py): batch_size: 32
2026-02-03 23:44:34.378 CET | INFO     | Line   27 (logging_utils.py): dataset: MUTAG
2026-02-03 23:44:34.384 CET | INFO     | Line   27 (logging_utils.py): is_logical: True
2026-02-03 23:44:34.389 CET | INFO     | Line   27 (logging_utils.py): constrains_filepath: constrains/data/MUTAG_auto_generated_3_101_102.json
2026-02-03 23:44:34.392 CET | INFO     | Line   25 (logging_utils.py): constrains_handler: GLRuleBasedHandler
2026-02-03 23:44:34.399 CET | INFO     | Line   27 (logging_utils.py): l_factor: 0.01
2026-02-03 23:44:34.403 CET | INFO     | Line   27 (logging_utils.py): save_logs: True
2026-02-03 23:44:34.408 CET | INFO     | Line   29 (logging_utils.py): 
2026-02-03 23:44:34.415 CET | INFO     | Line   30 (logging_utils.py): Training on model: GraphOCGINLossConstrains
2026-02-03 23:44:34.419 CET | INFO     | Line   31 (logging_utils.py): 
2026-02-03 23:44:34.425 CET | INFO     | Line   41 (run_experiment_gl.py): ##################### Loading data
2026-02-03 23:44:34.470 CET | INFO     | Line   45 (run_experiment_gl.py): ##################### creating model
2026-02-03 23:44:34.474 CET | INFO     | Line   48 (run_experiment_gl.py): creating model with number of node features: 7
2026-02-03 23:44:34.488 CET | INFO     | Line   51 (run_experiment_gl.py): ##################### staring training
2026-02-03 23:44:34.493 CET | INFO     | Line   53 (run_experiment_gl.py): setting up the logical constrains
2026-02-03 23:44:34.610 CET | DEBUG    | Line   90 (gl_ocgin.py): Epoch 000 | Loss 0.034227
2026-02-03 23:44:34.975 CET | DEBUG    | Line   90 (gl_ocgin.py): Epoch 010 | Loss 0.003673
2026-02-03 23:44:35.335 CET | DEBUG    | Line   90 (gl_ocgin.py): Epoch 020 | Loss 0.002863
2026-02-03 23:44:35.651 CET | DEBUG    | Line   90 (gl_ocgin.py): Epoch 030 | Loss 0.002738
2026-02-03 23:44:36.010 CET | DEBUG    | Line   90 (gl_ocgin.py): Epoch 040 | Loss 0.002748
2026-02-03 23:44:36.411 CET | INFO     | Line   65 (run_experiment_gl.py): ##################### computing scores
2026-02-03 23:44:36.474 CET | INFO     | Line   69 (run_experiment_gl.py): computed decision boundary on anomaly scores as 95% quantile:
2026-02-03 23:44:36.480 CET | INFO     | Line   72 (run_experiment_gl.py): tensor(0.0222)
2026-02-03 23:44:36.487 CET | INFO     | Line   75 (run_experiment_gl.py): Test anomaly scores:
2026-02-03 23:44:36.497 CET | INFO     | Line   76 (run_experiment_gl.py): tensor([0.0269, 0.0203, 0.0312, 0.0204, 0.0240, 0.0214, 0.0205, 0.0206, 0.0204,
        0.0204])
2026-02-03 23:44:36.503 CET | INFO     | Line   78 (run_experiment_gl.py): ##################### test rate: 
2026-02-03 23:44:36.528 CET | INFO     | Line   88 (run_experiment_gl.py): 0.8913043478260869
2026-02-03 23:44:36.536 CET | INFO     | Line   89 (run_experiment_gl.py): right classified: 123 out of 138
2026-02-03 23:44:36.557 CET | INFO     | Line   28 (run_experiment_gl.py): ##################### Loading config parameters
2026-02-03 23:44:36.565 CET | INFO     | Line   20 (logging_utils.py): Config parameters:
2026-02-03 23:44:36.571 CET | INFO     | Line   21 (logging_utils.py): 
2026-02-03 23:44:36.577 CET | INFO     | Line   27 (logging_utils.py): hidden_dim: 256
2026-02-03 23:44:36.583 CET | INFO     | Line   27 (logging_utils.py): num_layers: 3
2026-02-03 23:44:36.586 CET | INFO     | Line   27 (logging_utils.py): device: cpu
2026-02-03 23:44:36.592 CET | INFO     | Line   27 (logging_utils.py): lr: 0.001
2026-02-03 23:44:36.596 CET | INFO     | Line   27 (logging_utils.py): epochs: 50
2026-02-03 23:44:36.601 CET | INFO     | Line   27 (logging_utils.py): batch_size: 32
2026-02-03 23:44:36.606 CET | INFO     | Line   27 (logging_utils.py): dataset: MUTAG
2026-02-03 23:44:36.610 CET | INFO     | Line   27 (logging_utils.py): is_logical: True
2026-02-03 23:44:36.614 CET | INFO     | Line   27 (logging_utils.py): constrains_filepath: constrains/data/MUTAG_auto_generated_3_101_102.json
2026-02-03 23:44:36.621 CET | INFO     | Line   25 (logging_utils.py): constrains_handler: GLRuleBasedHandler
2026-02-03 23:44:36.626 CET | INFO     | Line   27 (logging_utils.py): l_factor: 0.005
2026-02-03 23:44:36.631 CET | INFO     | Line   27 (logging_utils.py): save_logs: True
2026-02-03 23:44:36.637 CET | INFO     | Line   29 (logging_utils.py): 
2026-02-03 23:44:36.642 CET | INFO     | Line   30 (logging_utils.py): Training on model: GraphOCGINLossConstrains
2026-02-03 23:44:36.648 CET | INFO     | Line   31 (logging_utils.py): 
2026-02-03 23:44:36.653 CET | INFO     | Line   41 (run_experiment_gl.py): ##################### Loading data
2026-02-03 23:44:36.712 CET | INFO     | Line   45 (run_experiment_gl.py): ##################### creating model
2026-02-03 23:44:36.718 CET | INFO     | Line   48 (run_experiment_gl.py): creating model with number of node features: 7
2026-02-03 23:44:36.737 CET | INFO     | Line   51 (run_experiment_gl.py): ##################### staring training
2026-02-03 23:44:36.741 CET | INFO     | Line   53 (run_experiment_gl.py): setting up the logical constrains
2026-02-03 23:44:36.880 CET | DEBUG    | Line   90 (gl_ocgin.py): Epoch 000 | Loss 0.019574
2026-02-03 23:44:37.314 CET | DEBUG    | Line   90 (gl_ocgin.py): Epoch 010 | Loss 0.001776
2026-02-03 23:44:37.673 CET | DEBUG    | Line   90 (gl_ocgin.py): Epoch 020 | Loss 0.001423
2026-02-03 23:44:37.973 CET | DEBUG    | Line   90 (gl_ocgin.py): Epoch 030 | Loss 0.001357
2026-02-03 23:44:38.428 CET | DEBUG    | Line   90 (gl_ocgin.py): Epoch 040 | Loss 0.001348
2026-02-03 23:44:38.812 CET | INFO     | Line   65 (run_experiment_gl.py): ##################### computing scores
2026-02-03 23:44:38.876 CET | INFO     | Line   69 (run_experiment_gl.py): computed decision boundary on anomaly scores as 95% quantile:
2026-02-03 23:44:38.882 CET | INFO     | Line   72 (run_experiment_gl.py): tensor(0.0110)
2026-02-03 23:44:38.889 CET | INFO     | Line   75 (run_experiment_gl.py): Test anomaly scores:
2026-02-03 23:44:38.894 CET | INFO     | Line   76 (run_experiment_gl.py): tensor([0.0109, 0.0106, 0.0103, 0.0115, 0.0102, 0.0102, 0.0104, 0.0102, 0.0102,
        0.0110])
2026-02-03 23:44:38.903 CET | INFO     | Line   78 (run_experiment_gl.py): ##################### test rate: 
2026-02-03 23:44:38.924 CET | INFO     | Line   88 (run_experiment_gl.py): 0.7753623188405797
2026-02-03 23:44:38.929 CET | INFO     | Line   89 (run_experiment_gl.py): right classified: 107 out of 138
2026-02-03 23:44:38.945 CET | INFO     | Line   28 (run_experiment_gl.py): ##################### Loading config parameters
2026-02-03 23:44:38.950 CET | INFO     | Line   20 (logging_utils.py): Config parameters:
2026-02-03 23:44:38.954 CET | INFO     | Line   21 (logging_utils.py): 
2026-02-03 23:44:38.957 CET | INFO     | Line   27 (logging_utils.py): hidden_dim: 256
2026-02-03 23:44:38.962 CET | INFO     | Line   27 (logging_utils.py): num_layers: 3
2026-02-03 23:44:38.968 CET | INFO     | Line   27 (logging_utils.py): device: cpu
2026-02-03 23:44:38.972 CET | INFO     | Line   27 (logging_utils.py): lr: 0.001
2026-02-03 23:44:38.976 CET | INFO     | Line   27 (logging_utils.py): epochs: 50
2026-02-03 23:44:38.983 CET | INFO     | Line   27 (logging_utils.py): batch_size: 32
2026-02-03 23:44:38.988 CET | INFO     | Line   27 (logging_utils.py): dataset: MUTAG
2026-02-03 23:44:38.993 CET | INFO     | Line   27 (logging_utils.py): is_logical: True
2026-02-03 23:44:39.000 CET | INFO     | Line   27 (logging_utils.py): constrains_filepath: constrains/data/MUTAG_auto_generated_3_101_102.json
2026-02-03 23:44:39.005 CET | INFO     | Line   25 (logging_utils.py): constrains_handler: GLRuleBasedHandler
2026-02-03 23:44:39.011 CET | INFO     | Line   27 (logging_utils.py): l_factor: 0.001
2026-02-03 23:44:39.018 CET | INFO     | Line   27 (logging_utils.py): save_logs: True
2026-02-03 23:44:39.023 CET | INFO     | Line   29 (logging_utils.py): 
2026-02-03 23:44:39.030 CET | INFO     | Line   30 (logging_utils.py): Training on model: GraphOCGINLossConstrains
2026-02-03 23:44:39.035 CET | INFO     | Line   31 (logging_utils.py): 
2026-02-03 23:44:39.041 CET | INFO     | Line   41 (run_experiment_gl.py): ##################### Loading data
2026-02-03 23:44:39.093 CET | INFO     | Line   45 (run_experiment_gl.py): ##################### creating model
2026-02-03 23:44:39.099 CET | INFO     | Line   48 (run_experiment_gl.py): creating model with number of node features: 7
2026-02-03 23:44:39.114 CET | INFO     | Line   51 (run_experiment_gl.py): ##################### staring training
2026-02-03 23:44:39.123 CET | INFO     | Line   53 (run_experiment_gl.py): setting up the logical constrains
2026-02-03 23:44:39.239 CET | DEBUG    | Line   90 (gl_ocgin.py): Epoch 000 | Loss 0.009908
2026-02-03 23:44:39.764 CET | DEBUG    | Line   90 (gl_ocgin.py): Epoch 010 | Loss 0.000893
2026-02-03 23:44:40.187 CET | DEBUG    | Line   90 (gl_ocgin.py): Epoch 020 | Loss 0.000490
2026-02-03 23:44:40.528 CET | DEBUG    | Line   90 (gl_ocgin.py): Epoch 030 | Loss 0.000403
2026-02-03 23:44:40.953 CET | DEBUG    | Line   90 (gl_ocgin.py): Epoch 040 | Loss 0.000379
2026-02-03 23:44:41.259 CET | INFO     | Line   65 (run_experiment_gl.py): ##################### computing scores
2026-02-03 23:44:41.322 CET | INFO     | Line   69 (run_experiment_gl.py): computed decision boundary on anomaly scores as 95% quantile:
2026-02-03 23:44:41.329 CET | INFO     | Line   72 (run_experiment_gl.py): tensor(0.0036)
2026-02-03 23:44:41.337 CET | INFO     | Line   75 (run_experiment_gl.py): Test anomaly scores:
2026-02-03 23:44:41.343 CET | INFO     | Line   76 (run_experiment_gl.py): tensor([0.0031, 0.0029, 0.0034, 0.0030, 0.0029, 0.0031, 0.0029, 0.0029, 0.0038,
        0.0029])
2026-02-03 23:44:41.351 CET | INFO     | Line   78 (run_experiment_gl.py): ##################### test rate: 
2026-02-03 23:44:41.370 CET | INFO     | Line   88 (run_experiment_gl.py): 0.5869565217391305
2026-02-03 23:44:41.373 CET | INFO     | Line   89 (run_experiment_gl.py): right classified: 81 out of 138
2026-02-03 23:44:41.411 CET | INFO     | Line   28 (run_experiment_gl.py): ##################### Loading config parameters
2026-02-03 23:44:41.419 CET | INFO     | Line   20 (logging_utils.py): Config parameters:
2026-02-03 23:44:41.427 CET | INFO     | Line   21 (logging_utils.py): 
2026-02-03 23:44:41.434 CET | INFO     | Line   27 (logging_utils.py): hidden_dim: 256
2026-02-03 23:44:41.439 CET | INFO     | Line   27 (logging_utils.py): num_layers: 4
2026-02-03 23:44:41.446 CET | INFO     | Line   27 (logging_utils.py): device: cpu
2026-02-03 23:44:41.452 CET | INFO     | Line   27 (logging_utils.py): lr: 0.001
2026-02-03 23:44:41.457 CET | INFO     | Line   27 (logging_utils.py): epochs: 50
2026-02-03 23:44:41.464 CET | INFO     | Line   27 (logging_utils.py): batch_size: 32
2026-02-03 23:44:41.470 CET | INFO     | Line   27 (logging_utils.py): dataset: MUTAG
2026-02-03 23:44:41.477 CET | INFO     | Line   27 (logging_utils.py): is_logical: False
2026-02-03 23:44:41.484 CET | INFO     | Line   27 (logging_utils.py): constrains_filepath: constrains/data/MUTAG_auto_generated_2_101_102.json
2026-02-03 23:44:41.500 CET | INFO     | Line   25 (logging_utils.py): constrains_handler: GLRuleBasedHandler
2026-02-03 23:44:41.514 CET | INFO     | Line   27 (logging_utils.py): l_factor: 0.1
2026-02-03 23:44:41.522 CET | INFO     | Line   27 (logging_utils.py): save_logs: True
2026-02-03 23:44:41.529 CET | INFO     | Line   29 (logging_utils.py): 
2026-02-03 23:44:41.540 CET | INFO     | Line   30 (logging_utils.py): Training on model: GraphOCGIN
2026-02-03 23:44:41.546 CET | INFO     | Line   31 (logging_utils.py): 
2026-02-03 23:44:41.554 CET | INFO     | Line   41 (run_experiment_gl.py): ##################### Loading data
2026-02-03 23:44:41.619 CET | INFO     | Line   45 (run_experiment_gl.py): ##################### creating model
2026-02-03 23:44:41.627 CET | INFO     | Line   48 (run_experiment_gl.py): creating model with number of node features: 7
2026-02-03 23:44:41.655 CET | INFO     | Line   51 (run_experiment_gl.py): ##################### staring training
2026-02-03 23:44:41.790 CET | DEBUG    | Line   85 (graph_level_ocgin.py): Epoch 000 | Loss 0.079570
2026-02-03 23:44:41.850 CET | DEBUG    | Line   85 (graph_level_ocgin.py): Epoch 001 | Loss 0.056861
2026-02-03 23:44:41.920 CET | DEBUG    | Line   85 (graph_level_ocgin.py): Epoch 002 | Loss 0.026420
2026-02-03 23:44:41.980 CET | DEBUG    | Line   85 (graph_level_ocgin.py): Epoch 003 | Loss 0.017966
2026-02-03 23:44:42.036 CET | DEBUG    | Line   85 (graph_level_ocgin.py): Epoch 004 | Loss 0.013856
2026-02-03 23:44:42.094 CET | DEBUG    | Line   85 (graph_level_ocgin.py): Epoch 005 | Loss 0.012617
2026-02-03 23:44:42.150 CET | DEBUG    | Line   85 (graph_level_ocgin.py): Epoch 006 | Loss 0.011157
2026-02-03 23:44:42.209 CET | DEBUG    | Line   85 (graph_level_ocgin.py): Epoch 007 | Loss 0.009478
2026-02-03 23:44:42.271 CET | DEBUG    | Line   85 (graph_level_ocgin.py): Epoch 008 | Loss 0.009031
2026-02-03 23:44:42.349 CET | DEBUG    | Line   85 (graph_level_ocgin.py): Epoch 009 | Loss 0.008633
2026-02-03 23:44:42.534 CET | DEBUG    | Line   85 (graph_level_ocgin.py): Epoch 010 | Loss 0.008128
2026-02-03 23:44:42.595 CET | DEBUG    | Line   85 (graph_level_ocgin.py): Epoch 011 | Loss 0.007670
2026-02-03 23:44:42.655 CET | DEBUG    | Line   85 (graph_level_ocgin.py): Epoch 012 | Loss 0.007430
2026-02-03 23:44:42.729 CET | DEBUG    | Line   85 (graph_level_ocgin.py): Epoch 013 | Loss 0.007142
2026-02-03 23:44:42.792 CET | DEBUG    | Line   85 (graph_level_ocgin.py): Epoch 014 | Loss 0.007031
2026-02-03 23:44:42.848 CET | DEBUG    | Line   85 (graph_level_ocgin.py): Epoch 015 | Loss 0.006919
2026-02-03 23:44:42.908 CET | DEBUG    | Line   85 (graph_level_ocgin.py): Epoch 016 | Loss 0.006805
2026-02-03 23:44:42.971 CET | DEBUG    | Line   85 (graph_level_ocgin.py): Epoch 017 | Loss 0.006749
2026-02-03 23:44:43.031 CET | DEBUG    | Line   85 (graph_level_ocgin.py): Epoch 018 | Loss 0.006708
2026-02-03 23:44:43.094 CET | DEBUG    | Line   85 (graph_level_ocgin.py): Epoch 019 | Loss 0.006653
2026-02-03 23:44:43.164 CET | DEBUG    | Line   85 (graph_level_ocgin.py): Epoch 020 | Loss 0.006621
2026-02-03 23:44:43.301 CET | DEBUG    | Line   85 (graph_level_ocgin.py): Epoch 021 | Loss 0.006574
2026-02-03 23:44:43.406 CET | DEBUG    | Line   85 (graph_level_ocgin.py): Epoch 022 | Loss 0.006557
2026-02-03 23:44:43.472 CET | DEBUG    | Line   85 (graph_level_ocgin.py): Epoch 023 | Loss 0.006551
2026-02-03 23:44:43.556 CET | DEBUG    | Line   85 (graph_level_ocgin.py): Epoch 024 | Loss 0.006526
2026-02-03 23:44:43.658 CET | DEBUG    | Line   85 (graph_level_ocgin.py): Epoch 025 | Loss 0.006503
2026-02-03 23:44:43.985 CET | DEBUG    | Line   85 (graph_level_ocgin.py): Epoch 026 | Loss 0.006490
2026-02-03 23:44:44.127 CET | DEBUG    | Line   85 (graph_level_ocgin.py): Epoch 027 | Loss 0.006489
2026-02-03 23:44:44.188 CET | DEBUG    | Line   85 (graph_level_ocgin.py): Epoch 028 | Loss 0.006486
2026-02-03 23:44:44.258 CET | DEBUG    | Line   85 (graph_level_ocgin.py): Epoch 029 | Loss 0.006484
2026-02-03 23:44:44.342 CET | DEBUG    | Line   85 (graph_level_ocgin.py): Epoch 030 | Loss 0.006469
2026-02-03 23:44:44.406 CET | DEBUG    | Line   85 (graph_level_ocgin.py): Epoch 031 | Loss 0.006459
2026-02-03 23:44:44.468 CET | DEBUG    | Line   85 (graph_level_ocgin.py): Epoch 032 | Loss 0.006457
2026-02-03 23:44:44.541 CET | DEBUG    | Line   85 (graph_level_ocgin.py): Epoch 033 | Loss 0.006452
2026-02-03 23:44:44.596 CET | DEBUG    | Line   85 (graph_level_ocgin.py): Epoch 034 | Loss 0.006447
2026-02-03 23:44:44.654 CET | DEBUG    | Line   85 (graph_level_ocgin.py): Epoch 035 | Loss 0.006450
2026-02-03 23:44:44.722 CET | DEBUG    | Line   85 (graph_level_ocgin.py): Epoch 036 | Loss 0.006444
2026-02-03 23:44:44.785 CET | DEBUG    | Line   85 (graph_level_ocgin.py): Epoch 037 | Loss 0.006446
2026-02-03 23:44:44.845 CET | DEBUG    | Line   85 (graph_level_ocgin.py): Epoch 038 | Loss 0.006444
2026-02-03 23:44:44.905 CET | DEBUG    | Line   85 (graph_level_ocgin.py): Epoch 039 | Loss 0.006445
2026-02-03 23:44:44.961 CET | DEBUG    | Line   85 (graph_level_ocgin.py): Epoch 040 | Loss 0.006453
2026-02-03 23:44:45.017 CET | DEBUG    | Line   85 (graph_level_ocgin.py): Epoch 041 | Loss 0.006435
2026-02-03 23:44:45.134 CET | DEBUG    | Line   85 (graph_level_ocgin.py): Epoch 042 | Loss 0.006450
2026-02-03 23:44:45.217 CET | DEBUG    | Line   85 (graph_level_ocgin.py): Epoch 043 | Loss 0.006446
2026-02-03 23:44:45.314 CET | DEBUG    | Line   85 (graph_level_ocgin.py): Epoch 044 | Loss 0.006438
2026-02-03 23:44:45.381 CET | DEBUG    | Line   85 (graph_level_ocgin.py): Epoch 045 | Loss 0.006434
2026-02-03 23:44:45.435 CET | DEBUG    | Line   85 (graph_level_ocgin.py): Epoch 046 | Loss 0.006432
2026-02-03 23:44:45.490 CET | DEBUG    | Line   85 (graph_level_ocgin.py): Epoch 047 | Loss 0.006431
2026-02-03 23:44:45.546 CET | DEBUG    | Line   85 (graph_level_ocgin.py): Epoch 048 | Loss 0.006432
2026-02-03 23:44:45.598 CET | DEBUG    | Line   85 (graph_level_ocgin.py): Epoch 049 | Loss 0.006429
2026-02-03 23:44:45.604 CET | INFO     | Line   65 (run_experiment_gl.py): ##################### computing scores
2026-02-03 23:44:45.702 CET | INFO     | Line   69 (run_experiment_gl.py): computed decision boundary on anomaly scores as 95% quantile:
2026-02-03 23:44:45.708 CET | INFO     | Line   72 (run_experiment_gl.py): tensor(0.0064)
2026-02-03 23:44:45.717 CET | INFO     | Line   75 (run_experiment_gl.py): Test anomaly scores:
2026-02-03 23:44:45.722 CET | INFO     | Line   76 (run_experiment_gl.py): tensor([0.0064, 0.0064, 0.0064, 0.0064, 0.0064, 0.0064, 0.0064, 0.0064, 0.0065,
        0.0064])
2026-02-03 23:44:45.732 CET | INFO     | Line   78 (run_experiment_gl.py): ##################### test rate: 
2026-02-03 23:44:45.747 CET | INFO     | Line   88 (run_experiment_gl.py): 0.7753623188405797
2026-02-03 23:44:45.750 CET | INFO     | Line   89 (run_experiment_gl.py): right classified: 107 out of 138
2026-02-03 23:44:45.770 CET | INFO     | Line   28 (run_experiment_gl.py): ##################### Loading config parameters
2026-02-03 23:44:45.778 CET | INFO     | Line   20 (logging_utils.py): Config parameters:
2026-02-03 23:44:45.787 CET | INFO     | Line   21 (logging_utils.py): 
2026-02-03 23:44:45.795 CET | INFO     | Line   27 (logging_utils.py): hidden_dim: 256
2026-02-03 23:44:45.800 CET | INFO     | Line   27 (logging_utils.py): num_layers: 4
2026-02-03 23:44:45.804 CET | INFO     | Line   27 (logging_utils.py): device: cpu
2026-02-03 23:44:45.811 CET | INFO     | Line   27 (logging_utils.py): lr: 0.001
2026-02-03 23:44:45.819 CET | INFO     | Line   27 (logging_utils.py): epochs: 50
2026-02-03 23:44:45.826 CET | INFO     | Line   27 (logging_utils.py): batch_size: 32
2026-02-03 23:44:45.834 CET | INFO     | Line   27 (logging_utils.py): dataset: MUTAG
2026-02-03 23:44:45.851 CET | INFO     | Line   27 (logging_utils.py): is_logical: True
2026-02-03 23:44:45.862 CET | INFO     | Line   27 (logging_utils.py): constrains_filepath: constrains/data/MUTAG_auto_generated_2_101_102.json
2026-02-03 23:44:45.871 CET | INFO     | Line   25 (logging_utils.py): constrains_handler: GLRuleBasedHandler
2026-02-03 23:44:45.878 CET | INFO     | Line   27 (logging_utils.py): l_factor: 0.1
2026-02-03 23:44:45.888 CET | INFO     | Line   27 (logging_utils.py): save_logs: True
2026-02-03 23:44:45.896 CET | INFO     | Line   29 (logging_utils.py): 
2026-02-03 23:44:45.901 CET | INFO     | Line   30 (logging_utils.py): Training on model: GraphOCGINLossConstrains
2026-02-03 23:44:45.906 CET | INFO     | Line   31 (logging_utils.py): 
2026-02-03 23:44:45.916 CET | INFO     | Line   41 (run_experiment_gl.py): ##################### Loading data
2026-02-03 23:44:45.984 CET | INFO     | Line   45 (run_experiment_gl.py): ##################### creating model
2026-02-03 23:44:45.990 CET | INFO     | Line   48 (run_experiment_gl.py): creating model with number of node features: 7
2026-02-03 23:44:46.021 CET | INFO     | Line   51 (run_experiment_gl.py): ##################### staring training
2026-02-03 23:44:46.027 CET | INFO     | Line   53 (run_experiment_gl.py): setting up the logical constrains
2026-02-03 23:44:46.253 CET | DEBUG    | Line   90 (gl_ocgin.py): Epoch 000 | Loss 0.011789
2026-02-03 23:44:47.153 CET | DEBUG    | Line   90 (gl_ocgin.py): Epoch 010 | Loss 0.003500
2026-02-03 23:44:47.780 CET | DEBUG    | Line   90 (gl_ocgin.py): Epoch 020 | Loss 0.003278
2026-02-03 23:44:48.335 CET | DEBUG    | Line   90 (gl_ocgin.py): Epoch 030 | Loss 0.003254
2026-02-03 23:44:48.874 CET | DEBUG    | Line   90 (gl_ocgin.py): Epoch 040 | Loss 0.003248
2026-02-03 23:44:49.319 CET | INFO     | Line   65 (run_experiment_gl.py): ##################### computing scores
2026-02-03 23:44:49.425 CET | INFO     | Line   69 (run_experiment_gl.py): computed decision boundary on anomaly scores as 95% quantile:
2026-02-03 23:44:49.431 CET | INFO     | Line   72 (run_experiment_gl.py): tensor(0.0044)
2026-02-03 23:44:49.436 CET | INFO     | Line   75 (run_experiment_gl.py): Test anomaly scores:
2026-02-03 23:44:49.442 CET | INFO     | Line   76 (run_experiment_gl.py): tensor([0.0043, 0.0043, 0.0044, 0.0043, 0.0043, 0.0043, 0.0043, 0.0043, 0.0044,
        0.0043])
2026-02-03 23:44:49.447 CET | INFO     | Line   78 (run_experiment_gl.py): ##################### test rate: 
2026-02-03 23:44:49.465 CET | INFO     | Line   88 (run_experiment_gl.py): 0.3188405797101449
2026-02-03 23:44:49.471 CET | INFO     | Line   89 (run_experiment_gl.py): right classified: 44 out of 138
2026-02-03 23:44:49.495 CET | INFO     | Line   28 (run_experiment_gl.py): ##################### Loading config parameters
2026-02-03 23:44:49.501 CET | INFO     | Line   20 (logging_utils.py): Config parameters:
2026-02-03 23:44:49.507 CET | INFO     | Line   21 (logging_utils.py): 
2026-02-03 23:44:49.514 CET | INFO     | Line   27 (logging_utils.py): hidden_dim: 256
2026-02-03 23:44:49.518 CET | INFO     | Line   27 (logging_utils.py): num_layers: 4
2026-02-03 23:44:49.523 CET | INFO     | Line   27 (logging_utils.py): device: cpu
2026-02-03 23:44:49.530 CET | INFO     | Line   27 (logging_utils.py): lr: 0.001
2026-02-03 23:44:49.533 CET | INFO     | Line   27 (logging_utils.py): epochs: 50
2026-02-03 23:44:49.538 CET | INFO     | Line   27 (logging_utils.py): batch_size: 32
2026-02-03 23:44:49.541 CET | INFO     | Line   27 (logging_utils.py): dataset: MUTAG
2026-02-03 23:44:49.549 CET | INFO     | Line   27 (logging_utils.py): is_logical: True
2026-02-03 23:44:49.552 CET | INFO     | Line   27 (logging_utils.py): constrains_filepath: constrains/data/MUTAG_auto_generated_2_101_102.json
2026-02-03 23:44:49.556 CET | INFO     | Line   25 (logging_utils.py): constrains_handler: GLRuleBasedHandler
2026-02-03 23:44:49.562 CET | INFO     | Line   27 (logging_utils.py): l_factor: 0.01
2026-02-03 23:44:49.565 CET | INFO     | Line   27 (logging_utils.py): save_logs: True
2026-02-03 23:44:49.569 CET | INFO     | Line   29 (logging_utils.py): 
2026-02-03 23:44:49.572 CET | INFO     | Line   30 (logging_utils.py): Training on model: GraphOCGINLossConstrains
2026-02-03 23:44:49.576 CET | INFO     | Line   31 (logging_utils.py): 
2026-02-03 23:44:49.580 CET | INFO     | Line   41 (run_experiment_gl.py): ##################### Loading data
2026-02-03 23:44:49.624 CET | INFO     | Line   45 (run_experiment_gl.py): ##################### creating model
2026-02-03 23:44:49.630 CET | INFO     | Line   48 (run_experiment_gl.py): creating model with number of node features: 7
2026-02-03 23:44:49.651 CET | INFO     | Line   51 (run_experiment_gl.py): ##################### staring training
2026-02-03 23:44:49.655 CET | INFO     | Line   53 (run_experiment_gl.py): setting up the logical constrains
2026-02-03 23:44:49.800 CET | DEBUG    | Line   90 (gl_ocgin.py): Epoch 000 | Loss 0.008165
2026-02-03 23:44:50.373 CET | DEBUG    | Line   90 (gl_ocgin.py): Epoch 010 | Loss 0.000637
2026-02-03 23:44:50.929 CET | DEBUG    | Line   90 (gl_ocgin.py): Epoch 020 | Loss 0.000508
2026-02-03 23:44:51.433 CET | DEBUG    | Line   90 (gl_ocgin.py): Epoch 030 | Loss 0.000489
2026-02-03 23:44:51.844 CET | DEBUG    | Line   90 (gl_ocgin.py): Epoch 040 | Loss 0.000483
2026-02-03 23:44:52.235 CET | INFO     | Line   65 (run_experiment_gl.py): ##################### computing scores
2026-02-03 23:44:52.350 CET | INFO     | Line   69 (run_experiment_gl.py): computed decision boundary on anomaly scores as 95% quantile:
2026-02-03 23:44:52.355 CET | INFO     | Line   72 (run_experiment_gl.py): tensor(0.0019)
2026-02-03 23:44:52.361 CET | INFO     | Line   75 (run_experiment_gl.py): Test anomaly scores:
2026-02-03 23:44:52.368 CET | INFO     | Line   76 (run_experiment_gl.py): tensor([0.0018, 0.0018, 0.0018, 0.0019, 0.0018, 0.0020, 0.0019, 0.0019, 0.0019,
        0.0018])
2026-02-03 23:44:52.373 CET | INFO     | Line   78 (run_experiment_gl.py): ##################### test rate: 
2026-02-03 23:44:52.393 CET | INFO     | Line   88 (run_experiment_gl.py): 0.855072463768116
2026-02-03 23:44:52.397 CET | INFO     | Line   89 (run_experiment_gl.py): right classified: 118 out of 138
2026-02-03 23:44:52.417 CET | INFO     | Line   28 (run_experiment_gl.py): ##################### Loading config parameters
2026-02-03 23:44:52.423 CET | INFO     | Line   20 (logging_utils.py): Config parameters:
2026-02-03 23:44:52.429 CET | INFO     | Line   21 (logging_utils.py): 
2026-02-03 23:44:52.435 CET | INFO     | Line   27 (logging_utils.py): hidden_dim: 256
2026-02-03 23:44:52.442 CET | INFO     | Line   27 (logging_utils.py): num_layers: 4
2026-02-03 23:44:52.450 CET | INFO     | Line   27 (logging_utils.py): device: cpu
2026-02-03 23:44:52.458 CET | INFO     | Line   27 (logging_utils.py): lr: 0.001
2026-02-03 23:44:52.466 CET | INFO     | Line   27 (logging_utils.py): epochs: 50
2026-02-03 23:44:52.472 CET | INFO     | Line   27 (logging_utils.py): batch_size: 32
2026-02-03 23:44:52.481 CET | INFO     | Line   27 (logging_utils.py): dataset: MUTAG
2026-02-03 23:44:52.487 CET | INFO     | Line   27 (logging_utils.py): is_logical: True
2026-02-03 23:44:52.496 CET | INFO     | Line   27 (logging_utils.py): constrains_filepath: constrains/data/MUTAG_auto_generated_2_101_102.json
2026-02-03 23:44:52.504 CET | INFO     | Line   25 (logging_utils.py): constrains_handler: GLRuleBasedHandler
2026-02-03 23:44:52.511 CET | INFO     | Line   27 (logging_utils.py): l_factor: 0.005
2026-02-03 23:44:52.517 CET | INFO     | Line   27 (logging_utils.py): save_logs: True
2026-02-03 23:44:52.525 CET | INFO     | Line   29 (logging_utils.py): 
2026-02-03 23:44:52.532 CET | INFO     | Line   30 (logging_utils.py): Training on model: GraphOCGINLossConstrains
2026-02-03 23:44:52.538 CET | INFO     | Line   31 (logging_utils.py): 
2026-02-03 23:44:52.546 CET | INFO     | Line   41 (run_experiment_gl.py): ##################### Loading data
2026-02-03 23:44:52.617 CET | INFO     | Line   45 (run_experiment_gl.py): ##################### creating model
2026-02-03 23:44:52.625 CET | INFO     | Line   48 (run_experiment_gl.py): creating model with number of node features: 7
2026-02-03 23:44:52.648 CET | INFO     | Line   51 (run_experiment_gl.py): ##################### staring training
2026-02-03 23:44:52.651 CET | INFO     | Line   53 (run_experiment_gl.py): setting up the logical constrains
2026-02-03 23:44:52.808 CET | DEBUG    | Line   90 (gl_ocgin.py): Epoch 000 | Loss 0.009486
2026-02-03 23:44:53.348 CET | DEBUG    | Line   90 (gl_ocgin.py): Epoch 010 | Loss 0.000457
2026-02-03 23:44:54.078 CET | DEBUG    | Line   90 (gl_ocgin.py): Epoch 020 | Loss 0.000362
2026-02-03 23:44:54.573 CET | DEBUG    | Line   90 (gl_ocgin.py): Epoch 030 | Loss 0.000352
2026-02-03 23:44:55.007 CET | DEBUG    | Line   90 (gl_ocgin.py): Epoch 040 | Loss 0.000350
2026-02-03 23:44:55.386 CET | INFO     | Line   65 (run_experiment_gl.py): ##################### computing scores
2026-02-03 23:44:55.462 CET | INFO     | Line   69 (run_experiment_gl.py): computed decision boundary on anomaly scores as 95% quantile:
2026-02-03 23:44:55.468 CET | INFO     | Line   72 (run_experiment_gl.py): tensor(0.0019)
2026-02-03 23:44:55.476 CET | INFO     | Line   75 (run_experiment_gl.py): Test anomaly scores:
2026-02-03 23:44:55.481 CET | INFO     | Line   76 (run_experiment_gl.py): tensor([0.0019, 0.0019, 0.0019, 0.0019, 0.0019, 0.0019, 0.0019, 0.0019, 0.0019,
        0.0019])
2026-02-03 23:44:55.485 CET | INFO     | Line   78 (run_experiment_gl.py): ##################### test rate: 
2026-02-03 23:44:55.509 CET | INFO     | Line   88 (run_experiment_gl.py): 0.7971014492753623
2026-02-03 23:44:55.517 CET | INFO     | Line   89 (run_experiment_gl.py): right classified: 110 out of 138
2026-02-03 23:44:55.539 CET | INFO     | Line   28 (run_experiment_gl.py): ##################### Loading config parameters
2026-02-03 23:44:55.545 CET | INFO     | Line   20 (logging_utils.py): Config parameters:
2026-02-03 23:44:55.550 CET | INFO     | Line   21 (logging_utils.py): 
2026-02-03 23:44:55.559 CET | INFO     | Line   27 (logging_utils.py): hidden_dim: 256
2026-02-03 23:44:55.566 CET | INFO     | Line   27 (logging_utils.py): num_layers: 4
2026-02-03 23:44:55.573 CET | INFO     | Line   27 (logging_utils.py): device: cpu
2026-02-03 23:44:55.580 CET | INFO     | Line   27 (logging_utils.py): lr: 0.001
2026-02-03 23:44:55.587 CET | INFO     | Line   27 (logging_utils.py): epochs: 50
2026-02-03 23:44:55.593 CET | INFO     | Line   27 (logging_utils.py): batch_size: 32
2026-02-03 23:44:55.600 CET | INFO     | Line   27 (logging_utils.py): dataset: MUTAG
2026-02-03 23:44:55.607 CET | INFO     | Line   27 (logging_utils.py): is_logical: True
2026-02-03 23:44:55.614 CET | INFO     | Line   27 (logging_utils.py): constrains_filepath: constrains/data/MUTAG_auto_generated_2_101_102.json
2026-02-03 23:44:55.627 CET | INFO     | Line   25 (logging_utils.py): constrains_handler: GLRuleBasedHandler
2026-02-03 23:44:55.638 CET | INFO     | Line   27 (logging_utils.py): l_factor: 0.001
2026-02-03 23:44:55.652 CET | INFO     | Line   27 (logging_utils.py): save_logs: True
2026-02-03 23:44:55.666 CET | INFO     | Line   29 (logging_utils.py): 
2026-02-03 23:44:55.674 CET | INFO     | Line   30 (logging_utils.py): Training on model: GraphOCGINLossConstrains
2026-02-03 23:44:55.689 CET | INFO     | Line   31 (logging_utils.py): 
2026-02-03 23:44:55.697 CET | INFO     | Line   41 (run_experiment_gl.py): ##################### Loading data
2026-02-03 23:44:55.758 CET | INFO     | Line   45 (run_experiment_gl.py): ##################### creating model
2026-02-03 23:44:55.762 CET | INFO     | Line   48 (run_experiment_gl.py): creating model with number of node features: 7
2026-02-03 23:44:55.779 CET | INFO     | Line   51 (run_experiment_gl.py): ##################### staring training
2026-02-03 23:44:55.785 CET | INFO     | Line   53 (run_experiment_gl.py): setting up the logical constrains
2026-02-03 23:44:55.916 CET | DEBUG    | Line   90 (gl_ocgin.py): Epoch 000 | Loss 0.009407
2026-02-03 23:44:56.508 CET | DEBUG    | Line   90 (gl_ocgin.py): Epoch 010 | Loss 0.000444
2026-02-03 23:44:57.001 CET | DEBUG    | Line   90 (gl_ocgin.py): Epoch 020 | Loss 0.000316
2026-02-03 23:44:57.534 CET | DEBUG    | Line   90 (gl_ocgin.py): Epoch 030 | Loss 0.000304
2026-02-03 23:44:58.136 CET | DEBUG    | Line   90 (gl_ocgin.py): Epoch 040 | Loss 0.000300
2026-02-03 23:44:58.542 CET | INFO     | Line   65 (run_experiment_gl.py): ##################### computing scores
2026-02-03 23:44:58.680 CET | INFO     | Line   69 (run_experiment_gl.py): computed decision boundary on anomaly scores as 95% quantile:
2026-02-03 23:44:58.687 CET | INFO     | Line   72 (run_experiment_gl.py): tensor(0.0025)
2026-02-03 23:44:58.695 CET | INFO     | Line   75 (run_experiment_gl.py): Test anomaly scores:
2026-02-03 23:44:58.702 CET | INFO     | Line   76 (run_experiment_gl.py): tensor([0.0024, 0.0024, 0.0024, 0.0025, 0.0025, 0.0024, 0.0024, 0.0025, 0.0024,
        0.0024])
2026-02-03 23:44:58.710 CET | INFO     | Line   78 (run_experiment_gl.py): ##################### test rate: 
2026-02-03 23:44:58.734 CET | INFO     | Line   88 (run_experiment_gl.py): 0.855072463768116
2026-02-03 23:44:58.741 CET | INFO     | Line   89 (run_experiment_gl.py): right classified: 118 out of 138
2026-02-03 23:44:58.764 CET | INFO     | Line   28 (run_experiment_gl.py): ##################### Loading config parameters
2026-02-03 23:44:58.771 CET | INFO     | Line   20 (logging_utils.py): Config parameters:
2026-02-03 23:44:58.777 CET | INFO     | Line   21 (logging_utils.py): 
2026-02-03 23:44:58.782 CET | INFO     | Line   27 (logging_utils.py): hidden_dim: 256
2026-02-03 23:44:58.789 CET | INFO     | Line   27 (logging_utils.py): num_layers: 4
2026-02-03 23:44:58.794 CET | INFO     | Line   27 (logging_utils.py): device: cpu
2026-02-03 23:44:58.800 CET | INFO     | Line   27 (logging_utils.py): lr: 0.001
2026-02-03 23:44:58.805 CET | INFO     | Line   27 (logging_utils.py): epochs: 50
2026-02-03 23:44:58.811 CET | INFO     | Line   27 (logging_utils.py): batch_size: 32
2026-02-03 23:44:58.817 CET | INFO     | Line   27 (logging_utils.py): dataset: MUTAG
2026-02-03 23:44:58.824 CET | INFO     | Line   27 (logging_utils.py): is_logical: True
2026-02-03 23:44:58.831 CET | INFO     | Line   27 (logging_utils.py): constrains_filepath: constrains/data/MUTAG_auto_generated_3_101_102.json
2026-02-03 23:44:58.837 CET | INFO     | Line   25 (logging_utils.py): constrains_handler: GLRuleBasedHandler
2026-02-03 23:44:58.840 CET | INFO     | Line   27 (logging_utils.py): l_factor: 0.1
2026-02-03 23:44:58.844 CET | INFO     | Line   27 (logging_utils.py): save_logs: True
2026-02-03 23:44:58.847 CET | INFO     | Line   29 (logging_utils.py): 
2026-02-03 23:44:58.851 CET | INFO     | Line   30 (logging_utils.py): Training on model: GraphOCGINLossConstrains
2026-02-03 23:44:58.857 CET | INFO     | Line   31 (logging_utils.py): 
2026-02-03 23:44:58.863 CET | INFO     | Line   41 (run_experiment_gl.py): ##################### Loading data
2026-02-03 23:44:58.917 CET | INFO     | Line   45 (run_experiment_gl.py): ##################### creating model
2026-02-03 23:44:58.924 CET | INFO     | Line   48 (run_experiment_gl.py): creating model with number of node features: 7
2026-02-03 23:44:58.947 CET | INFO     | Line   51 (run_experiment_gl.py): ##################### staring training
2026-02-03 23:44:58.953 CET | INFO     | Line   53 (run_experiment_gl.py): setting up the logical constrains
2026-02-03 23:44:59.117 CET | DEBUG    | Line   90 (gl_ocgin.py): Epoch 000 | Loss 0.013521
2026-02-03 23:44:59.665 CET | DEBUG    | Line   90 (gl_ocgin.py): Epoch 010 | Loss 0.004595
2026-02-03 23:45:00.112 CET | DEBUG    | Line   90 (gl_ocgin.py): Epoch 020 | Loss 0.004503
2026-02-03 23:45:00.581 CET | DEBUG    | Line   90 (gl_ocgin.py): Epoch 030 | Loss 0.004491
2026-02-03 23:45:01.153 CET | DEBUG    | Line   90 (gl_ocgin.py): Epoch 040 | Loss 0.004488
2026-02-03 23:45:01.570 CET | INFO     | Line   65 (run_experiment_gl.py): ##################### computing scores
2026-02-03 23:45:01.659 CET | INFO     | Line   69 (run_experiment_gl.py): computed decision boundary on anomaly scores as 95% quantile:
2026-02-03 23:45:01.666 CET | INFO     | Line   72 (run_experiment_gl.py): tensor(0.0074)
2026-02-03 23:45:01.675 CET | INFO     | Line   75 (run_experiment_gl.py): Test anomaly scores:
2026-02-03 23:45:01.681 CET | INFO     | Line   76 (run_experiment_gl.py): tensor([0.0074, 0.0073, 0.0074, 0.0074, 0.0074, 0.0074, 0.0074, 0.0074, 0.0074,
        0.0074])
2026-02-03 23:45:01.688 CET | INFO     | Line   78 (run_experiment_gl.py): ##################### test rate: 
2026-02-03 23:45:01.709 CET | INFO     | Line   88 (run_experiment_gl.py): 0.6086956521739131
2026-02-03 23:45:01.713 CET | INFO     | Line   89 (run_experiment_gl.py): right classified: 84 out of 138
2026-02-03 23:45:01.734 CET | INFO     | Line   28 (run_experiment_gl.py): ##################### Loading config parameters
2026-02-03 23:45:01.740 CET | INFO     | Line   20 (logging_utils.py): Config parameters:
2026-02-03 23:45:01.746 CET | INFO     | Line   21 (logging_utils.py): 
2026-02-03 23:45:01.754 CET | INFO     | Line   27 (logging_utils.py): hidden_dim: 256
2026-02-03 23:45:01.766 CET | INFO     | Line   27 (logging_utils.py): num_layers: 4
2026-02-03 23:45:01.778 CET | INFO     | Line   27 (logging_utils.py): device: cpu
2026-02-03 23:45:01.798 CET | INFO     | Line   27 (logging_utils.py): lr: 0.001
2026-02-03 23:45:01.807 CET | INFO     | Line   27 (logging_utils.py): epochs: 50
2026-02-03 23:45:01.820 CET | INFO     | Line   27 (logging_utils.py): batch_size: 32
2026-02-03 23:45:01.836 CET | INFO     | Line   27 (logging_utils.py): dataset: MUTAG
2026-02-03 23:45:01.859 CET | INFO     | Line   27 (logging_utils.py): is_logical: True
2026-02-03 23:45:01.872 CET | INFO     | Line   27 (logging_utils.py): constrains_filepath: constrains/data/MUTAG_auto_generated_3_101_102.json
2026-02-03 23:45:01.889 CET | INFO     | Line   25 (logging_utils.py): constrains_handler: GLRuleBasedHandler
2026-02-03 23:45:01.907 CET | INFO     | Line   27 (logging_utils.py): l_factor: 0.01
2026-02-03 23:45:01.936 CET | INFO     | Line   27 (logging_utils.py): save_logs: True
2026-02-03 23:45:01.965 CET | INFO     | Line   29 (logging_utils.py): 
2026-02-03 23:45:01.984 CET | INFO     | Line   30 (logging_utils.py): Training on model: GraphOCGINLossConstrains
2026-02-03 23:45:01.991 CET | INFO     | Line   31 (logging_utils.py): 
2026-02-03 23:45:01.999 CET | INFO     | Line   41 (run_experiment_gl.py): ##################### Loading data
2026-02-03 23:45:02.065 CET | INFO     | Line   45 (run_experiment_gl.py): ##################### creating model
2026-02-03 23:45:02.070 CET | INFO     | Line   48 (run_experiment_gl.py): creating model with number of node features: 7
2026-02-03 23:45:02.084 CET | INFO     | Line   51 (run_experiment_gl.py): ##################### staring training
2026-02-03 23:45:02.088 CET | INFO     | Line   53 (run_experiment_gl.py): setting up the logical constrains
2026-02-03 23:45:02.278 CET | DEBUG    | Line   90 (gl_ocgin.py): Epoch 000 | Loss 0.008743
2026-02-03 23:45:02.865 CET | DEBUG    | Line   90 (gl_ocgin.py): Epoch 010 | Loss 0.000934
2026-02-03 23:45:03.404 CET | DEBUG    | Line   90 (gl_ocgin.py): Epoch 020 | Loss 0.000784
2026-02-03 23:45:04.124 CET | DEBUG    | Line   90 (gl_ocgin.py): Epoch 030 | Loss 0.000757
2026-02-03 23:45:04.586 CET | DEBUG    | Line   90 (gl_ocgin.py): Epoch 040 | Loss 0.000755
2026-02-03 23:45:04.986 CET | INFO     | Line   65 (run_experiment_gl.py): ##################### computing scores
2026-02-03 23:45:05.079 CET | INFO     | Line   69 (run_experiment_gl.py): computed decision boundary on anomaly scores as 95% quantile:
2026-02-03 23:45:05.091 CET | INFO     | Line   72 (run_experiment_gl.py): tensor(0.0035)
2026-02-03 23:45:05.097 CET | INFO     | Line   75 (run_experiment_gl.py): Test anomaly scores:
2026-02-03 23:45:05.103 CET | INFO     | Line   76 (run_experiment_gl.py): tensor([0.0035, 0.0035, 0.0034, 0.0035, 0.0035, 0.0036, 0.0035, 0.0035, 0.0035,
        0.0035])
2026-02-03 23:45:05.109 CET | INFO     | Line   78 (run_experiment_gl.py): ##################### test rate: 
2026-02-03 23:45:05.133 CET | INFO     | Line   88 (run_experiment_gl.py): 0.5652173913043478
2026-02-03 23:45:05.141 CET | INFO     | Line   89 (run_experiment_gl.py): right classified: 78 out of 138
2026-02-03 23:45:05.172 CET | INFO     | Line   28 (run_experiment_gl.py): ##################### Loading config parameters
2026-02-03 23:45:05.182 CET | INFO     | Line   20 (logging_utils.py): Config parameters:
2026-02-03 23:45:05.188 CET | INFO     | Line   21 (logging_utils.py): 
2026-02-03 23:45:05.194 CET | INFO     | Line   27 (logging_utils.py): hidden_dim: 256
2026-02-03 23:45:05.201 CET | INFO     | Line   27 (logging_utils.py): num_layers: 4
2026-02-03 23:45:05.208 CET | INFO     | Line   27 (logging_utils.py): device: cpu
2026-02-03 23:45:05.214 CET | INFO     | Line   27 (logging_utils.py): lr: 0.001
2026-02-03 23:45:05.221 CET | INFO     | Line   27 (logging_utils.py): epochs: 50
2026-02-03 23:45:05.229 CET | INFO     | Line   27 (logging_utils.py): batch_size: 32
2026-02-03 23:45:05.235 CET | INFO     | Line   27 (logging_utils.py): dataset: MUTAG
2026-02-03 23:45:05.242 CET | INFO     | Line   27 (logging_utils.py): is_logical: True
2026-02-03 23:45:05.248 CET | INFO     | Line   27 (logging_utils.py): constrains_filepath: constrains/data/MUTAG_auto_generated_3_101_102.json
2026-02-03 23:45:05.255 CET | INFO     | Line   25 (logging_utils.py): constrains_handler: GLRuleBasedHandler
2026-02-03 23:45:05.261 CET | INFO     | Line   27 (logging_utils.py): l_factor: 0.005
2026-02-03 23:45:05.267 CET | INFO     | Line   27 (logging_utils.py): save_logs: True
2026-02-03 23:45:05.275 CET | INFO     | Line   29 (logging_utils.py): 
2026-02-03 23:45:05.280 CET | INFO     | Line   30 (logging_utils.py): Training on model: GraphOCGINLossConstrains
2026-02-03 23:45:05.287 CET | INFO     | Line   31 (logging_utils.py): 
2026-02-03 23:45:05.294 CET | INFO     | Line   41 (run_experiment_gl.py): ##################### Loading data
2026-02-03 23:45:05.348 CET | INFO     | Line   45 (run_experiment_gl.py): ##################### creating model
2026-02-03 23:45:05.352 CET | INFO     | Line   48 (run_experiment_gl.py): creating model with number of node features: 7
2026-02-03 23:45:05.370 CET | INFO     | Line   51 (run_experiment_gl.py): ##################### staring training
2026-02-03 23:45:05.376 CET | INFO     | Line   53 (run_experiment_gl.py): setting up the logical constrains
2026-02-03 23:45:05.520 CET | DEBUG    | Line   90 (gl_ocgin.py): Epoch 000 | Loss 0.022993
2026-02-03 23:45:06.100 CET | DEBUG    | Line   90 (gl_ocgin.py): Epoch 010 | Loss 0.000756
2026-02-03 23:45:06.623 CET | DEBUG    | Line   90 (gl_ocgin.py): Epoch 020 | Loss 0.000613
2026-02-03 23:45:07.253 CET | DEBUG    | Line   90 (gl_ocgin.py): Epoch 030 | Loss 0.000594
2026-02-03 23:45:07.749 CET | DEBUG    | Line   90 (gl_ocgin.py): Epoch 040 | Loss 0.000588
2026-02-03 23:45:08.104 CET | INFO     | Line   65 (run_experiment_gl.py): ##################### computing scores
2026-02-03 23:45:08.180 CET | INFO     | Line   69 (run_experiment_gl.py): computed decision boundary on anomaly scores as 95% quantile:
2026-02-03 23:45:08.187 CET | INFO     | Line   72 (run_experiment_gl.py): tensor(0.0037)
2026-02-03 23:45:08.194 CET | INFO     | Line   75 (run_experiment_gl.py): Test anomaly scores:
2026-02-03 23:45:08.201 CET | INFO     | Line   76 (run_experiment_gl.py): tensor([0.0036, 0.0035, 0.0035, 0.0036, 0.0035, 0.0036, 0.0035, 0.0037, 0.0037,
        0.0035])
2026-02-03 23:45:08.208 CET | INFO     | Line   78 (run_experiment_gl.py): ##################### test rate: 
2026-02-03 23:45:08.238 CET | INFO     | Line   88 (run_experiment_gl.py): 0.8333333333333334
2026-02-03 23:45:08.246 CET | INFO     | Line   89 (run_experiment_gl.py): right classified: 115 out of 138
2026-02-03 23:45:08.265 CET | INFO     | Line   28 (run_experiment_gl.py): ##################### Loading config parameters
2026-02-03 23:45:08.269 CET | INFO     | Line   20 (logging_utils.py): Config parameters:
2026-02-03 23:45:08.273 CET | INFO     | Line   21 (logging_utils.py): 
2026-02-03 23:45:08.279 CET | INFO     | Line   27 (logging_utils.py): hidden_dim: 256
2026-02-03 23:45:08.285 CET | INFO     | Line   27 (logging_utils.py): num_layers: 4
2026-02-03 23:45:08.290 CET | INFO     | Line   27 (logging_utils.py): device: cpu
2026-02-03 23:45:08.295 CET | INFO     | Line   27 (logging_utils.py): lr: 0.001
2026-02-03 23:45:08.299 CET | INFO     | Line   27 (logging_utils.py): epochs: 50
2026-02-03 23:45:08.306 CET | INFO     | Line   27 (logging_utils.py): batch_size: 32
2026-02-03 23:45:08.312 CET | INFO     | Line   27 (logging_utils.py): dataset: MUTAG
2026-02-03 23:45:08.315 CET | INFO     | Line   27 (logging_utils.py): is_logical: True
2026-02-03 23:45:08.322 CET | INFO     | Line   27 (logging_utils.py): constrains_filepath: constrains/data/MUTAG_auto_generated_3_101_102.json
2026-02-03 23:45:08.327 CET | INFO     | Line   25 (logging_utils.py): constrains_handler: GLRuleBasedHandler
2026-02-03 23:45:08.331 CET | INFO     | Line   27 (logging_utils.py): l_factor: 0.001
2026-02-03 23:45:08.337 CET | INFO     | Line   27 (logging_utils.py): save_logs: True
2026-02-03 23:45:08.344 CET | INFO     | Line   29 (logging_utils.py): 
2026-02-03 23:45:08.348 CET | INFO     | Line   30 (logging_utils.py): Training on model: GraphOCGINLossConstrains
2026-02-03 23:45:08.355 CET | INFO     | Line   31 (logging_utils.py): 
2026-02-03 23:45:08.361 CET | INFO     | Line   41 (run_experiment_gl.py): ##################### Loading data
2026-02-03 23:45:08.404 CET | INFO     | Line   45 (run_experiment_gl.py): ##################### creating model
2026-02-03 23:45:08.411 CET | INFO     | Line   48 (run_experiment_gl.py): creating model with number of node features: 7
2026-02-03 23:45:08.431 CET | INFO     | Line   51 (run_experiment_gl.py): ##################### staring training
2026-02-03 23:45:08.437 CET | INFO     | Line   53 (run_experiment_gl.py): setting up the logical constrains
2026-02-03 23:45:08.579 CET | DEBUG    | Line   90 (gl_ocgin.py): Epoch 000 | Loss 0.007204
2026-02-03 23:45:09.156 CET | DEBUG    | Line   90 (gl_ocgin.py): Epoch 010 | Loss 0.000731
2026-02-03 23:45:09.858 CET | DEBUG    | Line   90 (gl_ocgin.py): Epoch 020 | Loss 0.000608
2026-02-03 23:45:10.481 CET | DEBUG    | Line   90 (gl_ocgin.py): Epoch 030 | Loss 0.000579
2026-02-03 23:45:10.912 CET | DEBUG    | Line   90 (gl_ocgin.py): Epoch 040 | Loss 0.000574
2026-02-03 23:45:11.333 CET | INFO     | Line   65 (run_experiment_gl.py): ##################### computing scores
2026-02-03 23:45:11.438 CET | INFO     | Line   69 (run_experiment_gl.py): computed decision boundary on anomaly scores as 95% quantile:
2026-02-03 23:45:11.445 CET | INFO     | Line   72 (run_experiment_gl.py): tensor(0.0049)
2026-02-03 23:45:11.453 CET | INFO     | Line   75 (run_experiment_gl.py): Test anomaly scores:
2026-02-03 23:45:11.459 CET | INFO     | Line   76 (run_experiment_gl.py): tensor([0.0049, 0.0048, 0.0048, 0.0049, 0.0048, 0.0048, 0.0048, 0.0048, 0.0049,
        0.0048])
2026-02-03 23:45:11.466 CET | INFO     | Line   78 (run_experiment_gl.py): ##################### test rate: 
2026-02-03 23:45:11.494 CET | INFO     | Line   88 (run_experiment_gl.py): 0.8260869565217391
2026-02-03 23:45:11.500 CET | INFO     | Line   89 (run_experiment_gl.py): right classified: 114 out of 138
2026-02-03 23:45:11.551 CET | INFO     | Line   28 (run_experiment_gl.py): ##################### Loading config parameters
2026-02-03 23:45:11.563 CET | INFO     | Line   20 (logging_utils.py): Config parameters:
2026-02-03 23:45:11.577 CET | INFO     | Line   21 (logging_utils.py): 
2026-02-03 23:45:11.593 CET | INFO     | Line   27 (logging_utils.py): hidden_dim: 256
2026-02-03 23:45:11.605 CET | INFO     | Line   27 (logging_utils.py): num_layers: 5
2026-02-03 23:45:11.619 CET | INFO     | Line   27 (logging_utils.py): device: cpu
2026-02-03 23:45:11.634 CET | INFO     | Line   27 (logging_utils.py): lr: 0.001
2026-02-03 23:45:11.643 CET | INFO     | Line   27 (logging_utils.py): epochs: 50
2026-02-03 23:45:11.649 CET | INFO     | Line   27 (logging_utils.py): batch_size: 32
2026-02-03 23:45:11.661 CET | INFO     | Line   27 (logging_utils.py): dataset: MUTAG
2026-02-03 23:45:11.671 CET | INFO     | Line   27 (logging_utils.py): is_logical: False
2026-02-03 23:45:11.677 CET | INFO     | Line   27 (logging_utils.py): constrains_filepath: constrains/data/MUTAG_auto_generated_2_101_102.json
2026-02-03 23:45:11.683 CET | INFO     | Line   25 (logging_utils.py): constrains_handler: GLRuleBasedHandler
2026-02-03 23:45:11.697 CET | INFO     | Line   27 (logging_utils.py): l_factor: 0.1
2026-02-03 23:45:11.720 CET | INFO     | Line   27 (logging_utils.py): save_logs: True
2026-02-03 23:45:11.727 CET | INFO     | Line   29 (logging_utils.py): 
2026-02-03 23:45:11.737 CET | INFO     | Line   30 (logging_utils.py): Training on model: GraphOCGIN
2026-02-03 23:45:11.746 CET | INFO     | Line   31 (logging_utils.py): 
2026-02-03 23:45:11.850 CET | INFO     | Line   41 (run_experiment_gl.py): ##################### Loading data
2026-02-03 23:45:12.009 CET | INFO     | Line   45 (run_experiment_gl.py): ##################### creating model
2026-02-03 23:45:12.016 CET | INFO     | Line   48 (run_experiment_gl.py): creating model with number of node features: 7
2026-02-03 23:45:12.041 CET | INFO     | Line   51 (run_experiment_gl.py): ##################### staring training
2026-02-03 23:45:12.142 CET | DEBUG    | Line   85 (graph_level_ocgin.py): Epoch 000 | Loss 0.036175
2026-02-03 23:45:12.223 CET | DEBUG    | Line   85 (graph_level_ocgin.py): Epoch 001 | Loss 0.022495
2026-02-03 23:45:12.301 CET | DEBUG    | Line   85 (graph_level_ocgin.py): Epoch 002 | Loss 0.009464
2026-02-03 23:45:12.376 CET | DEBUG    | Line   85 (graph_level_ocgin.py): Epoch 003 | Loss 0.004911
2026-02-03 23:45:12.452 CET | DEBUG    | Line   85 (graph_level_ocgin.py): Epoch 004 | Loss 0.003861
2026-02-03 23:45:12.527 CET | DEBUG    | Line   85 (graph_level_ocgin.py): Epoch 005 | Loss 0.002754
2026-02-03 23:45:12.603 CET | DEBUG    | Line   85 (graph_level_ocgin.py): Epoch 006 | Loss 0.002256
2026-02-03 23:45:12.678 CET | DEBUG    | Line   85 (graph_level_ocgin.py): Epoch 007 | Loss 0.001858
2026-02-03 23:45:12.753 CET | DEBUG    | Line   85 (graph_level_ocgin.py): Epoch 008 | Loss 0.001509
2026-02-03 23:45:12.832 CET | DEBUG    | Line   85 (graph_level_ocgin.py): Epoch 009 | Loss 0.001395
2026-02-03 23:45:12.910 CET | DEBUG    | Line   85 (graph_level_ocgin.py): Epoch 010 | Loss 0.001329
2026-02-03 23:45:12.983 CET | DEBUG    | Line   85 (graph_level_ocgin.py): Epoch 011 | Loss 0.001221
2026-02-03 23:45:13.054 CET | DEBUG    | Line   85 (graph_level_ocgin.py): Epoch 012 | Loss 0.001112
2026-02-03 23:45:13.125 CET | DEBUG    | Line   85 (graph_level_ocgin.py): Epoch 013 | Loss 0.001055
2026-02-03 23:45:13.197 CET | DEBUG    | Line   85 (graph_level_ocgin.py): Epoch 014 | Loss 0.001004
2026-02-03 23:45:13.270 CET | DEBUG    | Line   85 (graph_level_ocgin.py): Epoch 015 | Loss 0.000987
2026-02-03 23:45:13.337 CET | DEBUG    | Line   85 (graph_level_ocgin.py): Epoch 016 | Loss 0.000977
2026-02-03 23:45:13.398 CET | DEBUG    | Line   85 (graph_level_ocgin.py): Epoch 017 | Loss 0.000936
2026-02-03 23:45:13.470 CET | DEBUG    | Line   85 (graph_level_ocgin.py): Epoch 018 | Loss 0.000915
2026-02-03 23:45:13.533 CET | DEBUG    | Line   85 (graph_level_ocgin.py): Epoch 019 | Loss 0.000899
2026-02-03 23:45:13.596 CET | DEBUG    | Line   85 (graph_level_ocgin.py): Epoch 020 | Loss 0.000895
2026-02-03 23:45:13.692 CET | DEBUG    | Line   85 (graph_level_ocgin.py): Epoch 021 | Loss 0.000883
2026-02-03 23:45:13.840 CET | DEBUG    | Line   85 (graph_level_ocgin.py): Epoch 022 | Loss 0.000870
2026-02-03 23:45:13.968 CET | DEBUG    | Line   85 (graph_level_ocgin.py): Epoch 023 | Loss 0.000865
2026-02-03 23:45:14.110 CET | DEBUG    | Line   85 (graph_level_ocgin.py): Epoch 024 | Loss 0.000858
2026-02-03 23:45:14.237 CET | DEBUG    | Line   85 (graph_level_ocgin.py): Epoch 025 | Loss 0.000850
2026-02-03 23:45:14.340 CET | DEBUG    | Line   85 (graph_level_ocgin.py): Epoch 026 | Loss 0.000846
2026-02-03 23:45:14.416 CET | DEBUG    | Line   85 (graph_level_ocgin.py): Epoch 027 | Loss 0.000846
2026-02-03 23:45:14.557 CET | DEBUG    | Line   85 (graph_level_ocgin.py): Epoch 028 | Loss 0.000844
2026-02-03 23:45:14.647 CET | DEBUG    | Line   85 (graph_level_ocgin.py): Epoch 029 | Loss 0.000837
2026-02-03 23:45:14.759 CET | DEBUG    | Line   85 (graph_level_ocgin.py): Epoch 030 | Loss 0.000836
2026-02-03 23:45:14.841 CET | DEBUG    | Line   85 (graph_level_ocgin.py): Epoch 031 | Loss 0.000835
2026-02-03 23:45:14.919 CET | DEBUG    | Line   85 (graph_level_ocgin.py): Epoch 032 | Loss 0.000838
2026-02-03 23:45:15.003 CET | DEBUG    | Line   85 (graph_level_ocgin.py): Epoch 033 | Loss 0.000840
2026-02-03 23:45:15.084 CET | DEBUG    | Line   85 (graph_level_ocgin.py): Epoch 034 | Loss 0.000833
2026-02-03 23:45:15.151 CET | DEBUG    | Line   85 (graph_level_ocgin.py): Epoch 035 | Loss 0.000832
2026-02-03 23:45:15.233 CET | DEBUG    | Line   85 (graph_level_ocgin.py): Epoch 036 | Loss 0.000838
2026-02-03 23:45:15.303 CET | DEBUG    | Line   85 (graph_level_ocgin.py): Epoch 037 | Loss 0.000832
2026-02-03 23:45:15.365 CET | DEBUG    | Line   85 (graph_level_ocgin.py): Epoch 038 | Loss 0.000833
2026-02-03 23:45:15.435 CET | DEBUG    | Line   85 (graph_level_ocgin.py): Epoch 039 | Loss 0.000834
2026-02-03 23:45:15.506 CET | DEBUG    | Line   85 (graph_level_ocgin.py): Epoch 040 | Loss 0.000830
2026-02-03 23:45:15.583 CET | DEBUG    | Line   85 (graph_level_ocgin.py): Epoch 041 | Loss 0.000827
2026-02-03 23:45:15.646 CET | DEBUG    | Line   85 (graph_level_ocgin.py): Epoch 042 | Loss 0.000830
2026-02-03 23:45:15.719 CET | DEBUG    | Line   85 (graph_level_ocgin.py): Epoch 043 | Loss 0.000828
2026-02-03 23:45:15.785 CET | DEBUG    | Line   85 (graph_level_ocgin.py): Epoch 044 | Loss 0.000827
2026-02-03 23:45:15.854 CET | DEBUG    | Line   85 (graph_level_ocgin.py): Epoch 045 | Loss 0.000826
2026-02-03 23:45:15.941 CET | DEBUG    | Line   85 (graph_level_ocgin.py): Epoch 046 | Loss 0.000826
2026-02-03 23:45:16.009 CET | DEBUG    | Line   85 (graph_level_ocgin.py): Epoch 047 | Loss 0.000827
2026-02-03 23:45:16.140 CET | DEBUG    | Line   85 (graph_level_ocgin.py): Epoch 048 | Loss 0.000827
2026-02-03 23:45:16.356 CET | DEBUG    | Line   85 (graph_level_ocgin.py): Epoch 049 | Loss 0.000825
2026-02-03 23:45:16.365 CET | INFO     | Line   65 (run_experiment_gl.py): ##################### computing scores
2026-02-03 23:45:16.509 CET | INFO     | Line   69 (run_experiment_gl.py): computed decision boundary on anomaly scores as 95% quantile:
2026-02-03 23:45:16.514 CET | INFO     | Line   72 (run_experiment_gl.py): tensor(0.0008)
2026-02-03 23:45:16.519 CET | INFO     | Line   75 (run_experiment_gl.py): Test anomaly scores:
2026-02-03 23:45:16.525 CET | INFO     | Line   76 (run_experiment_gl.py): tensor([0.0008, 0.0008, 0.0008, 0.0008, 0.0008, 0.0008, 0.0008, 0.0008, 0.0008,
        0.0008])
2026-02-03 23:45:16.530 CET | INFO     | Line   78 (run_experiment_gl.py): ##################### test rate: 
2026-02-03 23:45:16.544 CET | INFO     | Line   88 (run_experiment_gl.py): 0.6884057971014492
2026-02-03 23:45:16.554 CET | INFO     | Line   89 (run_experiment_gl.py): right classified: 95 out of 138
2026-02-03 23:45:16.568 CET | INFO     | Line   28 (run_experiment_gl.py): ##################### Loading config parameters
2026-02-03 23:45:16.572 CET | INFO     | Line   20 (logging_utils.py): Config parameters:
2026-02-03 23:45:16.577 CET | INFO     | Line   21 (logging_utils.py): 
2026-02-03 23:45:16.581 CET | INFO     | Line   27 (logging_utils.py): hidden_dim: 256
2026-02-03 23:45:16.587 CET | INFO     | Line   27 (logging_utils.py): num_layers: 5
2026-02-03 23:45:16.592 CET | INFO     | Line   27 (logging_utils.py): device: cpu
2026-02-03 23:45:16.599 CET | INFO     | Line   27 (logging_utils.py): lr: 0.001
2026-02-03 23:45:16.606 CET | INFO     | Line   27 (logging_utils.py): epochs: 50
2026-02-03 23:45:16.612 CET | INFO     | Line   27 (logging_utils.py): batch_size: 32
2026-02-03 23:45:16.619 CET | INFO     | Line   27 (logging_utils.py): dataset: MUTAG
2026-02-03 23:45:16.623 CET | INFO     | Line   27 (logging_utils.py): is_logical: True
2026-02-03 23:45:16.628 CET | INFO     | Line   27 (logging_utils.py): constrains_filepath: constrains/data/MUTAG_auto_generated_2_101_102.json
2026-02-03 23:45:16.633 CET | INFO     | Line   25 (logging_utils.py): constrains_handler: GLRuleBasedHandler
2026-02-03 23:45:16.637 CET | INFO     | Line   27 (logging_utils.py): l_factor: 0.1
2026-02-03 23:45:16.641 CET | INFO     | Line   27 (logging_utils.py): save_logs: True
2026-02-03 23:45:16.645 CET | INFO     | Line   29 (logging_utils.py): 
2026-02-03 23:45:16.650 CET | INFO     | Line   30 (logging_utils.py): Training on model: GraphOCGINLossConstrains
2026-02-03 23:45:16.654 CET | INFO     | Line   31 (logging_utils.py): 
2026-02-03 23:45:16.659 CET | INFO     | Line   41 (run_experiment_gl.py): ##################### Loading data
2026-02-03 23:45:16.714 CET | INFO     | Line   45 (run_experiment_gl.py): ##################### creating model
2026-02-03 23:45:16.722 CET | INFO     | Line   48 (run_experiment_gl.py): creating model with number of node features: 7
2026-02-03 23:45:16.756 CET | INFO     | Line   51 (run_experiment_gl.py): ##################### staring training
2026-02-03 23:45:16.761 CET | INFO     | Line   53 (run_experiment_gl.py): setting up the logical constrains
2026-02-03 23:45:17.015 CET | DEBUG    | Line   90 (gl_ocgin.py): Epoch 000 | Loss 0.008375
2026-02-03 23:45:17.953 CET | DEBUG    | Line   90 (gl_ocgin.py): Epoch 010 | Loss 0.002921
2026-02-03 23:45:18.614 CET | DEBUG    | Line   90 (gl_ocgin.py): Epoch 020 | Loss 0.002889
2026-02-03 23:45:19.287 CET | DEBUG    | Line   90 (gl_ocgin.py): Epoch 030 | Loss 0.002885
2026-02-03 23:45:19.948 CET | DEBUG    | Line   90 (gl_ocgin.py): Epoch 040 | Loss 0.002884
2026-02-03 23:45:20.464 CET | INFO     | Line   65 (run_experiment_gl.py): ##################### computing scores
2026-02-03 23:45:20.582 CET | INFO     | Line   69 (run_experiment_gl.py): computed decision boundary on anomaly scores as 95% quantile:
2026-02-03 23:45:20.589 CET | INFO     | Line   72 (run_experiment_gl.py): tensor(0.0010)
2026-02-03 23:45:20.597 CET | INFO     | Line   75 (run_experiment_gl.py): Test anomaly scores:
2026-02-03 23:45:20.605 CET | INFO     | Line   76 (run_experiment_gl.py): tensor([0.0010, 0.0010, 0.0010, 0.0010, 0.0010, 0.0010, 0.0010, 0.0010, 0.0010,
        0.0010])
2026-02-03 23:45:20.612 CET | INFO     | Line   78 (run_experiment_gl.py): ##################### test rate: 
2026-02-03 23:45:20.638 CET | INFO     | Line   88 (run_experiment_gl.py): 0.5579710144927537
2026-02-03 23:45:20.644 CET | INFO     | Line   89 (run_experiment_gl.py): right classified: 77 out of 138
2026-02-03 23:45:20.667 CET | INFO     | Line   28 (run_experiment_gl.py): ##################### Loading config parameters
2026-02-03 23:45:20.674 CET | INFO     | Line   20 (logging_utils.py): Config parameters:
2026-02-03 23:45:20.680 CET | INFO     | Line   21 (logging_utils.py): 
2026-02-03 23:45:20.687 CET | INFO     | Line   27 (logging_utils.py): hidden_dim: 256
2026-02-03 23:45:20.693 CET | INFO     | Line   27 (logging_utils.py): num_layers: 5
2026-02-03 23:45:20.700 CET | INFO     | Line   27 (logging_utils.py): device: cpu
2026-02-03 23:45:20.707 CET | INFO     | Line   27 (logging_utils.py): lr: 0.001
2026-02-03 23:45:20.713 CET | INFO     | Line   27 (logging_utils.py): epochs: 50
2026-02-03 23:45:20.721 CET | INFO     | Line   27 (logging_utils.py): batch_size: 32
2026-02-03 23:45:20.727 CET | INFO     | Line   27 (logging_utils.py): dataset: MUTAG
2026-02-03 23:45:20.734 CET | INFO     | Line   27 (logging_utils.py): is_logical: True
2026-02-03 23:45:20.741 CET | INFO     | Line   27 (logging_utils.py): constrains_filepath: constrains/data/MUTAG_auto_generated_2_101_102.json
2026-02-03 23:45:20.746 CET | INFO     | Line   25 (logging_utils.py): constrains_handler: GLRuleBasedHandler
2026-02-03 23:45:20.754 CET | INFO     | Line   27 (logging_utils.py): l_factor: 0.01
2026-02-03 23:45:20.760 CET | INFO     | Line   27 (logging_utils.py): save_logs: True
2026-02-03 23:45:20.767 CET | INFO     | Line   29 (logging_utils.py): 
2026-02-03 23:45:20.774 CET | INFO     | Line   30 (logging_utils.py): Training on model: GraphOCGINLossConstrains
2026-02-03 23:45:20.779 CET | INFO     | Line   31 (logging_utils.py): 
2026-02-03 23:45:20.787 CET | INFO     | Line   41 (run_experiment_gl.py): ##################### Loading data
2026-02-03 23:45:20.843 CET | INFO     | Line   45 (run_experiment_gl.py): ##################### creating model
2026-02-03 23:45:20.847 CET | INFO     | Line   48 (run_experiment_gl.py): creating model with number of node features: 7
2026-02-03 23:45:20.872 CET | INFO     | Line   51 (run_experiment_gl.py): ##################### staring training
2026-02-03 23:45:20.876 CET | INFO     | Line   53 (run_experiment_gl.py): setting up the logical constrains
2026-02-03 23:45:21.044 CET | DEBUG    | Line   90 (gl_ocgin.py): Epoch 000 | Loss 0.008785
2026-02-03 23:45:21.767 CET | DEBUG    | Line   90 (gl_ocgin.py): Epoch 010 | Loss 0.000724
2026-02-03 23:45:22.325 CET | DEBUG    | Line   90 (gl_ocgin.py): Epoch 020 | Loss 0.000649
2026-02-03 23:45:22.974 CET | DEBUG    | Line   90 (gl_ocgin.py): Epoch 030 | Loss 0.000629
2026-02-03 23:45:23.503 CET | DEBUG    | Line   90 (gl_ocgin.py): Epoch 040 | Loss 0.000626
2026-02-03 23:45:23.965 CET | INFO     | Line   65 (run_experiment_gl.py): ##################### computing scores
2026-02-03 23:45:24.058 CET | INFO     | Line   69 (run_experiment_gl.py): computed decision boundary on anomaly scores as 95% quantile:
2026-02-03 23:45:24.065 CET | INFO     | Line   72 (run_experiment_gl.py): tensor(0.0031)
2026-02-03 23:45:24.074 CET | INFO     | Line   75 (run_experiment_gl.py): Test anomaly scores:
2026-02-03 23:45:24.080 CET | INFO     | Line   76 (run_experiment_gl.py): tensor([0.0031, 0.0031, 0.0031, 0.0031, 0.0031, 0.0031, 0.0031, 0.0031, 0.0032,
        0.0031])
2026-02-03 23:45:24.088 CET | INFO     | Line   78 (run_experiment_gl.py): ##################### test rate: 
2026-02-03 23:45:24.103 CET | INFO     | Line   88 (run_experiment_gl.py): 0.5652173913043478
2026-02-03 23:45:24.106 CET | INFO     | Line   89 (run_experiment_gl.py): right classified: 78 out of 138
2026-02-03 23:45:24.120 CET | INFO     | Line   28 (run_experiment_gl.py): ##################### Loading config parameters
2026-02-03 23:45:24.126 CET | INFO     | Line   20 (logging_utils.py): Config parameters:
2026-02-03 23:45:24.134 CET | INFO     | Line   21 (logging_utils.py): 
2026-02-03 23:45:24.141 CET | INFO     | Line   27 (logging_utils.py): hidden_dim: 256
2026-02-03 23:45:24.150 CET | INFO     | Line   27 (logging_utils.py): num_layers: 5
2026-02-03 23:45:24.157 CET | INFO     | Line   27 (logging_utils.py): device: cpu
2026-02-03 23:45:24.164 CET | INFO     | Line   27 (logging_utils.py): lr: 0.001
2026-02-03 23:45:24.171 CET | INFO     | Line   27 (logging_utils.py): epochs: 50
2026-02-03 23:45:24.178 CET | INFO     | Line   27 (logging_utils.py): batch_size: 32
2026-02-03 23:45:24.184 CET | INFO     | Line   27 (logging_utils.py): dataset: MUTAG
2026-02-03 23:45:24.191 CET | INFO     | Line   27 (logging_utils.py): is_logical: True
2026-02-03 23:45:24.198 CET | INFO     | Line   27 (logging_utils.py): constrains_filepath: constrains/data/MUTAG_auto_generated_2_101_102.json
2026-02-03 23:45:24.205 CET | INFO     | Line   25 (logging_utils.py): constrains_handler: GLRuleBasedHandler
2026-02-03 23:45:24.215 CET | INFO     | Line   27 (logging_utils.py): l_factor: 0.005
2026-02-03 23:45:24.233 CET | INFO     | Line   27 (logging_utils.py): save_logs: True
2026-02-03 23:45:24.252 CET | INFO     | Line   29 (logging_utils.py): 
2026-02-03 23:45:24.259 CET | INFO     | Line   30 (logging_utils.py): Training on model: GraphOCGINLossConstrains
2026-02-03 23:45:24.268 CET | INFO     | Line   31 (logging_utils.py): 
2026-02-03 23:45:24.276 CET | INFO     | Line   41 (run_experiment_gl.py): ##################### Loading data
2026-02-03 23:45:24.333 CET | INFO     | Line   45 (run_experiment_gl.py): ##################### creating model
2026-02-03 23:45:24.340 CET | INFO     | Line   48 (run_experiment_gl.py): creating model with number of node features: 7
2026-02-03 23:45:24.367 CET | INFO     | Line   51 (run_experiment_gl.py): ##################### staring training
2026-02-03 23:45:24.374 CET | INFO     | Line   53 (run_experiment_gl.py): setting up the logical constrains
2026-02-03 23:45:24.687 CET | DEBUG    | Line   90 (gl_ocgin.py): Epoch 000 | Loss 0.004918
2026-02-03 23:45:25.390 CET | DEBUG    | Line   90 (gl_ocgin.py): Epoch 010 | Loss 0.000581
2026-02-03 23:45:25.906 CET | DEBUG    | Line   90 (gl_ocgin.py): Epoch 020 | Loss 0.000510
2026-02-03 23:45:26.529 CET | DEBUG    | Line   90 (gl_ocgin.py): Epoch 030 | Loss 0.000501
2026-02-03 23:45:27.016 CET | DEBUG    | Line   90 (gl_ocgin.py): Epoch 040 | Loss 0.000500
2026-02-03 23:45:27.499 CET | INFO     | Line   65 (run_experiment_gl.py): ##################### computing scores
2026-02-03 23:45:27.597 CET | INFO     | Line   69 (run_experiment_gl.py): computed decision boundary on anomaly scores as 95% quantile:
2026-02-03 23:45:27.604 CET | INFO     | Line   72 (run_experiment_gl.py): tensor(0.0033)
2026-02-03 23:45:27.613 CET | INFO     | Line   75 (run_experiment_gl.py): Test anomaly scores:
2026-02-03 23:45:27.622 CET | INFO     | Line   76 (run_experiment_gl.py): tensor([0.0033, 0.0033, 0.0032, 0.0033, 0.0033, 0.0032, 0.0032, 0.0032, 0.0033,
        0.0033])
2026-02-03 23:45:27.632 CET | INFO     | Line   78 (run_experiment_gl.py): ##################### test rate: 
2026-02-03 23:45:27.651 CET | INFO     | Line   88 (run_experiment_gl.py): 0.6376811594202898
2026-02-03 23:45:27.655 CET | INFO     | Line   89 (run_experiment_gl.py): right classified: 88 out of 138
2026-02-03 23:45:27.673 CET | INFO     | Line   28 (run_experiment_gl.py): ##################### Loading config parameters
2026-02-03 23:45:27.682 CET | INFO     | Line   20 (logging_utils.py): Config parameters:
2026-02-03 23:45:27.688 CET | INFO     | Line   21 (logging_utils.py): 
2026-02-03 23:45:27.697 CET | INFO     | Line   27 (logging_utils.py): hidden_dim: 256
2026-02-03 23:45:27.704 CET | INFO     | Line   27 (logging_utils.py): num_layers: 5
2026-02-03 23:45:27.710 CET | INFO     | Line   27 (logging_utils.py): device: cpu
2026-02-03 23:45:27.717 CET | INFO     | Line   27 (logging_utils.py): lr: 0.001
2026-02-03 23:45:27.722 CET | INFO     | Line   27 (logging_utils.py): epochs: 50
2026-02-03 23:45:27.726 CET | INFO     | Line   27 (logging_utils.py): batch_size: 32
2026-02-03 23:45:27.732 CET | INFO     | Line   27 (logging_utils.py): dataset: MUTAG
2026-02-03 23:45:27.737 CET | INFO     | Line   27 (logging_utils.py): is_logical: True
2026-02-03 23:45:27.742 CET | INFO     | Line   27 (logging_utils.py): constrains_filepath: constrains/data/MUTAG_auto_generated_2_101_102.json
2026-02-03 23:45:27.748 CET | INFO     | Line   25 (logging_utils.py): constrains_handler: GLRuleBasedHandler
2026-02-03 23:45:27.752 CET | INFO     | Line   27 (logging_utils.py): l_factor: 0.001
2026-02-03 23:45:27.758 CET | INFO     | Line   27 (logging_utils.py): save_logs: True
2026-02-03 23:45:27.763 CET | INFO     | Line   29 (logging_utils.py): 
2026-02-03 23:45:27.768 CET | INFO     | Line   30 (logging_utils.py): Training on model: GraphOCGINLossConstrains
2026-02-03 23:45:27.773 CET | INFO     | Line   31 (logging_utils.py): 
2026-02-03 23:45:27.778 CET | INFO     | Line   41 (run_experiment_gl.py): ##################### Loading data
2026-02-03 23:45:27.832 CET | INFO     | Line   45 (run_experiment_gl.py): ##################### creating model
2026-02-03 23:45:27.837 CET | INFO     | Line   48 (run_experiment_gl.py): creating model with number of node features: 7
2026-02-03 23:45:27.861 CET | INFO     | Line   51 (run_experiment_gl.py): ##################### staring training
2026-02-03 23:45:27.866 CET | INFO     | Line   53 (run_experiment_gl.py): setting up the logical constrains
2026-02-03 23:45:28.050 CET | DEBUG    | Line   90 (gl_ocgin.py): Epoch 000 | Loss 0.003359
2026-02-03 23:45:28.810 CET | DEBUG    | Line   90 (gl_ocgin.py): Epoch 010 | Loss 0.000126
2026-02-03 23:45:29.392 CET | DEBUG    | Line   90 (gl_ocgin.py): Epoch 020 | Loss 0.000087
2026-02-03 23:45:30.251 CET | DEBUG    | Line   90 (gl_ocgin.py): Epoch 030 | Loss 0.000081
2026-02-03 23:45:30.902 CET | DEBUG    | Line   90 (gl_ocgin.py): Epoch 040 | Loss 0.000081
2026-02-03 23:45:31.410 CET | INFO     | Line   65 (run_experiment_gl.py): ##################### computing scores
2026-02-03 23:45:31.550 CET | INFO     | Line   69 (run_experiment_gl.py): computed decision boundary on anomaly scores as 95% quantile:
2026-02-03 23:45:31.558 CET | INFO     | Line   72 (run_experiment_gl.py): tensor(0.0005)
2026-02-03 23:45:31.569 CET | INFO     | Line   75 (run_experiment_gl.py): Test anomaly scores:
2026-02-03 23:45:31.585 CET | INFO     | Line   76 (run_experiment_gl.py): tensor([0.0005, 0.0005, 0.0005, 0.0005, 0.0005, 0.0005, 0.0005, 0.0005, 0.0005,
        0.0005])
2026-02-03 23:45:31.598 CET | INFO     | Line   78 (run_experiment_gl.py): ##################### test rate: 
2026-02-03 23:45:31.631 CET | INFO     | Line   88 (run_experiment_gl.py): 0.7391304347826086
2026-02-03 23:45:31.637 CET | INFO     | Line   89 (run_experiment_gl.py): right classified: 102 out of 138
2026-02-03 23:45:31.666 CET | INFO     | Line   28 (run_experiment_gl.py): ##################### Loading config parameters
2026-02-03 23:45:31.674 CET | INFO     | Line   20 (logging_utils.py): Config parameters:
2026-02-03 23:45:31.687 CET | INFO     | Line   21 (logging_utils.py): 
2026-02-03 23:45:31.698 CET | INFO     | Line   27 (logging_utils.py): hidden_dim: 256
2026-02-03 23:45:31.707 CET | INFO     | Line   27 (logging_utils.py): num_layers: 5
2026-02-03 23:45:31.715 CET | INFO     | Line   27 (logging_utils.py): device: cpu
2026-02-03 23:45:31.723 CET | INFO     | Line   27 (logging_utils.py): lr: 0.001
2026-02-03 23:45:31.733 CET | INFO     | Line   27 (logging_utils.py): epochs: 50
2026-02-03 23:45:31.740 CET | INFO     | Line   27 (logging_utils.py): batch_size: 32
2026-02-03 23:45:31.747 CET | INFO     | Line   27 (logging_utils.py): dataset: MUTAG
2026-02-03 23:45:31.754 CET | INFO     | Line   27 (logging_utils.py): is_logical: True
2026-02-03 23:45:31.764 CET | INFO     | Line   27 (logging_utils.py): constrains_filepath: constrains/data/MUTAG_auto_generated_3_101_102.json
2026-02-03 23:45:31.774 CET | INFO     | Line   25 (logging_utils.py): constrains_handler: GLRuleBasedHandler
2026-02-03 23:45:31.782 CET | INFO     | Line   27 (logging_utils.py): l_factor: 0.1
2026-02-03 23:45:31.791 CET | INFO     | Line   27 (logging_utils.py): save_logs: True
2026-02-03 23:45:31.798 CET | INFO     | Line   29 (logging_utils.py): 
2026-02-03 23:45:31.805 CET | INFO     | Line   30 (logging_utils.py): Training on model: GraphOCGINLossConstrains
2026-02-03 23:45:31.816 CET | INFO     | Line   31 (logging_utils.py): 
2026-02-03 23:45:31.823 CET | INFO     | Line   41 (run_experiment_gl.py): ##################### Loading data
2026-02-03 23:45:31.894 CET | INFO     | Line   45 (run_experiment_gl.py): ##################### creating model
2026-02-03 23:45:31.902 CET | INFO     | Line   48 (run_experiment_gl.py): creating model with number of node features: 7
2026-02-03 23:45:31.928 CET | INFO     | Line   51 (run_experiment_gl.py): ##################### staring training
2026-02-03 23:45:31.937 CET | INFO     | Line   53 (run_experiment_gl.py): setting up the logical constrains
2026-02-03 23:45:32.116 CET | DEBUG    | Line   90 (gl_ocgin.py): Epoch 000 | Loss 0.009734
2026-02-03 23:45:33.009 CET | DEBUG    | Line   90 (gl_ocgin.py): Epoch 010 | Loss 0.004000
2026-02-03 23:45:33.598 CET | DEBUG    | Line   90 (gl_ocgin.py): Epoch 020 | Loss 0.003904
2026-02-03 23:45:34.110 CET | DEBUG    | Line   90 (gl_ocgin.py): Epoch 030 | Loss 0.003893
2026-02-03 23:45:34.665 CET | DEBUG    | Line   90 (gl_ocgin.py): Epoch 040 | Loss 0.003891
2026-02-03 23:45:35.112 CET | INFO     | Line   65 (run_experiment_gl.py): ##################### computing scores
2026-02-03 23:45:35.198 CET | INFO     | Line   69 (run_experiment_gl.py): computed decision boundary on anomaly scores as 95% quantile:
2026-02-03 23:45:35.205 CET | INFO     | Line   72 (run_experiment_gl.py): tensor(0.0020)
2026-02-03 23:45:35.212 CET | INFO     | Line   75 (run_experiment_gl.py): Test anomaly scores:
2026-02-03 23:45:35.216 CET | INFO     | Line   76 (run_experiment_gl.py): tensor([0.0020, 0.0020, 0.0020, 0.0020, 0.0020, 0.0020, 0.0020, 0.0020, 0.0020,
        0.0020])
2026-02-03 23:45:35.220 CET | INFO     | Line   78 (run_experiment_gl.py): ##################### test rate: 
2026-02-03 23:45:35.239 CET | INFO     | Line   88 (run_experiment_gl.py): 0.6376811594202898
2026-02-03 23:45:35.243 CET | INFO     | Line   89 (run_experiment_gl.py): right classified: 88 out of 138
2026-02-03 23:45:35.257 CET | INFO     | Line   28 (run_experiment_gl.py): ##################### Loading config parameters
2026-02-03 23:45:35.263 CET | INFO     | Line   20 (logging_utils.py): Config parameters:
2026-02-03 23:45:35.270 CET | INFO     | Line   21 (logging_utils.py): 
2026-02-03 23:45:35.274 CET | INFO     | Line   27 (logging_utils.py): hidden_dim: 256
2026-02-03 23:45:35.279 CET | INFO     | Line   27 (logging_utils.py): num_layers: 5
2026-02-03 23:45:35.284 CET | INFO     | Line   27 (logging_utils.py): device: cpu
2026-02-03 23:45:35.288 CET | INFO     | Line   27 (logging_utils.py): lr: 0.001
2026-02-03 23:45:35.295 CET | INFO     | Line   27 (logging_utils.py): epochs: 50
2026-02-03 23:45:35.302 CET | INFO     | Line   27 (logging_utils.py): batch_size: 32
2026-02-03 23:45:35.306 CET | INFO     | Line   27 (logging_utils.py): dataset: MUTAG
2026-02-03 23:45:35.312 CET | INFO     | Line   27 (logging_utils.py): is_logical: True
2026-02-03 23:45:35.316 CET | INFO     | Line   27 (logging_utils.py): constrains_filepath: constrains/data/MUTAG_auto_generated_3_101_102.json
2026-02-03 23:45:35.321 CET | INFO     | Line   25 (logging_utils.py): constrains_handler: GLRuleBasedHandler
2026-02-03 23:45:35.326 CET | INFO     | Line   27 (logging_utils.py): l_factor: 0.01
2026-02-03 23:45:35.332 CET | INFO     | Line   27 (logging_utils.py): save_logs: True
2026-02-03 23:45:35.336 CET | INFO     | Line   29 (logging_utils.py): 
2026-02-03 23:45:35.340 CET | INFO     | Line   30 (logging_utils.py): Training on model: GraphOCGINLossConstrains
2026-02-03 23:45:35.346 CET | INFO     | Line   31 (logging_utils.py): 
2026-02-03 23:45:35.350 CET | INFO     | Line   41 (run_experiment_gl.py): ##################### Loading data
2026-02-03 23:45:35.393 CET | INFO     | Line   45 (run_experiment_gl.py): ##################### creating model
2026-02-03 23:45:35.400 CET | INFO     | Line   48 (run_experiment_gl.py): creating model with number of node features: 7
2026-02-03 23:45:35.422 CET | INFO     | Line   51 (run_experiment_gl.py): ##################### staring training
2026-02-03 23:45:35.429 CET | INFO     | Line   53 (run_experiment_gl.py): setting up the logical constrains
2026-02-03 23:45:35.589 CET | DEBUG    | Line   90 (gl_ocgin.py): Epoch 000 | Loss 0.004716
2026-02-03 23:45:36.311 CET | DEBUG    | Line   90 (gl_ocgin.py): Epoch 010 | Loss 0.000948
2026-02-03 23:45:36.837 CET | DEBUG    | Line   90 (gl_ocgin.py): Epoch 020 | Loss 0.000904
2026-02-03 23:45:37.372 CET | DEBUG    | Line   90 (gl_ocgin.py): Epoch 030 | Loss 0.000898
2026-02-03 23:45:37.969 CET | DEBUG    | Line   90 (gl_ocgin.py): Epoch 040 | Loss 0.000897
2026-02-03 23:45:38.403 CET | INFO     | Line   65 (run_experiment_gl.py): ##################### computing scores
2026-02-03 23:45:38.490 CET | INFO     | Line   69 (run_experiment_gl.py): computed decision boundary on anomaly scores as 95% quantile:
2026-02-03 23:45:38.494 CET | INFO     | Line   72 (run_experiment_gl.py): tensor(0.0048)
2026-02-03 23:45:38.501 CET | INFO     | Line   75 (run_experiment_gl.py): Test anomaly scores:
2026-02-03 23:45:38.509 CET | INFO     | Line   76 (run_experiment_gl.py): tensor([0.0048, 0.0048, 0.0048, 0.0048, 0.0048, 0.0048, 0.0048, 0.0048, 0.0048,
        0.0048])
2026-02-03 23:45:38.516 CET | INFO     | Line   78 (run_experiment_gl.py): ##################### test rate: 
2026-02-03 23:45:38.533 CET | INFO     | Line   88 (run_experiment_gl.py): 0.6521739130434783
2026-02-03 23:45:38.538 CET | INFO     | Line   89 (run_experiment_gl.py): right classified: 90 out of 138
2026-02-03 23:45:38.554 CET | INFO     | Line   28 (run_experiment_gl.py): ##################### Loading config parameters
2026-02-03 23:45:38.559 CET | INFO     | Line   20 (logging_utils.py): Config parameters:
2026-02-03 23:45:38.564 CET | INFO     | Line   21 (logging_utils.py): 
2026-02-03 23:45:38.569 CET | INFO     | Line   27 (logging_utils.py): hidden_dim: 256
2026-02-03 23:45:38.573 CET | INFO     | Line   27 (logging_utils.py): num_layers: 5
2026-02-03 23:45:38.581 CET | INFO     | Line   27 (logging_utils.py): device: cpu
2026-02-03 23:45:38.587 CET | INFO     | Line   27 (logging_utils.py): lr: 0.001
2026-02-03 23:45:38.594 CET | INFO     | Line   27 (logging_utils.py): epochs: 50
2026-02-03 23:45:38.601 CET | INFO     | Line   27 (logging_utils.py): batch_size: 32
2026-02-03 23:45:38.605 CET | INFO     | Line   27 (logging_utils.py): dataset: MUTAG
2026-02-03 23:45:38.613 CET | INFO     | Line   27 (logging_utils.py): is_logical: True
2026-02-03 23:45:38.619 CET | INFO     | Line   27 (logging_utils.py): constrains_filepath: constrains/data/MUTAG_auto_generated_3_101_102.json
2026-02-03 23:45:38.623 CET | INFO     | Line   25 (logging_utils.py): constrains_handler: GLRuleBasedHandler
2026-02-03 23:45:38.629 CET | INFO     | Line   27 (logging_utils.py): l_factor: 0.005
2026-02-03 23:45:38.633 CET | INFO     | Line   27 (logging_utils.py): save_logs: True
2026-02-03 23:45:38.637 CET | INFO     | Line   29 (logging_utils.py): 
2026-02-03 23:45:38.642 CET | INFO     | Line   30 (logging_utils.py): Training on model: GraphOCGINLossConstrains
2026-02-03 23:45:38.647 CET | INFO     | Line   31 (logging_utils.py): 
2026-02-03 23:45:38.652 CET | INFO     | Line   41 (run_experiment_gl.py): ##################### Loading data
2026-02-03 23:45:38.694 CET | INFO     | Line   45 (run_experiment_gl.py): ##################### creating model
2026-02-03 23:45:38.698 CET | INFO     | Line   48 (run_experiment_gl.py): creating model with number of node features: 7
2026-02-03 23:45:38.718 CET | INFO     | Line   51 (run_experiment_gl.py): ##################### staring training
2026-02-03 23:45:38.722 CET | INFO     | Line   53 (run_experiment_gl.py): setting up the logical constrains
2026-02-03 23:45:38.864 CET | DEBUG    | Line   90 (gl_ocgin.py): Epoch 000 | Loss 0.004097
2026-02-03 23:45:39.504 CET | DEBUG    | Line   90 (gl_ocgin.py): Epoch 010 | Loss 0.000470
2026-02-03 23:45:40.093 CET | DEBUG    | Line   90 (gl_ocgin.py): Epoch 020 | Loss 0.000357
2026-02-03 23:45:40.602 CET | DEBUG    | Line   90 (gl_ocgin.py): Epoch 030 | Loss 0.000350
2026-02-03 23:45:41.172 CET | DEBUG    | Line   90 (gl_ocgin.py): Epoch 040 | Loss 0.000349
2026-02-03 23:45:41.676 CET | INFO     | Line   65 (run_experiment_gl.py): ##################### computing scores
2026-02-03 23:45:41.767 CET | INFO     | Line   69 (run_experiment_gl.py): computed decision boundary on anomaly scores as 95% quantile:
2026-02-03 23:45:41.774 CET | INFO     | Line   72 (run_experiment_gl.py): tensor(0.0015)
2026-02-03 23:45:41.782 CET | INFO     | Line   75 (run_experiment_gl.py): Test anomaly scores:
2026-02-03 23:45:41.790 CET | INFO     | Line   76 (run_experiment_gl.py): tensor([0.0015, 0.0015, 0.0015, 0.0015, 0.0015, 0.0015, 0.0015, 0.0015, 0.0015,
        0.0015])
2026-02-03 23:45:41.797 CET | INFO     | Line   78 (run_experiment_gl.py): ##################### test rate: 
2026-02-03 23:45:41.815 CET | INFO     | Line   88 (run_experiment_gl.py): 0.8188405797101449
2026-02-03 23:45:41.819 CET | INFO     | Line   89 (run_experiment_gl.py): right classified: 113 out of 138
2026-02-03 23:45:41.834 CET | INFO     | Line   28 (run_experiment_gl.py): ##################### Loading config parameters
2026-02-03 23:45:41.839 CET | INFO     | Line   20 (logging_utils.py): Config parameters:
2026-02-03 23:45:41.845 CET | INFO     | Line   21 (logging_utils.py): 
2026-02-03 23:45:41.851 CET | INFO     | Line   27 (logging_utils.py): hidden_dim: 256
2026-02-03 23:45:41.855 CET | INFO     | Line   27 (logging_utils.py): num_layers: 5
2026-02-03 23:45:41.862 CET | INFO     | Line   27 (logging_utils.py): device: cpu
2026-02-03 23:45:41.868 CET | INFO     | Line   27 (logging_utils.py): lr: 0.001
2026-02-03 23:45:41.876 CET | INFO     | Line   27 (logging_utils.py): epochs: 50
2026-02-03 23:45:41.882 CET | INFO     | Line   27 (logging_utils.py): batch_size: 32
2026-02-03 23:45:41.887 CET | INFO     | Line   27 (logging_utils.py): dataset: MUTAG
2026-02-03 23:45:41.895 CET | INFO     | Line   27 (logging_utils.py): is_logical: True
2026-02-03 23:45:41.901 CET | INFO     | Line   27 (logging_utils.py): constrains_filepath: constrains/data/MUTAG_auto_generated_3_101_102.json
2026-02-03 23:45:41.908 CET | INFO     | Line   25 (logging_utils.py): constrains_handler: GLRuleBasedHandler
2026-02-03 23:45:41.915 CET | INFO     | Line   27 (logging_utils.py): l_factor: 0.001
2026-02-03 23:45:41.924 CET | INFO     | Line   27 (logging_utils.py): save_logs: True
2026-02-03 23:45:41.931 CET | INFO     | Line   29 (logging_utils.py): 
2026-02-03 23:45:41.941 CET | INFO     | Line   30 (logging_utils.py): Training on model: GraphOCGINLossConstrains
2026-02-03 23:45:41.950 CET | INFO     | Line   31 (logging_utils.py): 
2026-02-03 23:45:41.964 CET | INFO     | Line   41 (run_experiment_gl.py): ##################### Loading data
2026-02-03 23:45:42.029 CET | INFO     | Line   45 (run_experiment_gl.py): ##################### creating model
2026-02-03 23:45:42.035 CET | INFO     | Line   48 (run_experiment_gl.py): creating model with number of node features: 7
2026-02-03 23:45:42.077 CET | INFO     | Line   51 (run_experiment_gl.py): ##################### staring training
2026-02-03 23:45:42.083 CET | INFO     | Line   53 (run_experiment_gl.py): setting up the logical constrains
2026-02-03 23:45:42.236 CET | DEBUG    | Line   90 (gl_ocgin.py): Epoch 000 | Loss 0.005195
2026-02-03 23:45:42.869 CET | DEBUG    | Line   90 (gl_ocgin.py): Epoch 010 | Loss 0.000208
2026-02-03 23:45:43.392 CET | DEBUG    | Line   90 (gl_ocgin.py): Epoch 020 | Loss 0.000157
2026-02-03 23:45:43.912 CET | DEBUG    | Line   90 (gl_ocgin.py): Epoch 030 | Loss 0.000150
2026-02-03 23:45:44.374 CET | DEBUG    | Line   90 (gl_ocgin.py): Epoch 040 | Loss 0.000150
2026-02-03 23:45:44.862 CET | INFO     | Line   65 (run_experiment_gl.py): ##################### computing scores
2026-02-03 23:45:45.073 CET | INFO     | Line   69 (run_experiment_gl.py): computed decision boundary on anomaly scores as 95% quantile:
2026-02-03 23:45:45.086 CET | INFO     | Line   72 (run_experiment_gl.py): tensor(0.0010)
2026-02-03 23:45:45.100 CET | INFO     | Line   75 (run_experiment_gl.py): Test anomaly scores:
2026-02-03 23:45:45.107 CET | INFO     | Line   76 (run_experiment_gl.py): tensor([0.0010, 0.0010, 0.0010, 0.0010, 0.0010, 0.0010, 0.0011, 0.0010, 0.0010,
        0.0010])
2026-02-03 23:45:45.115 CET | INFO     | Line   78 (run_experiment_gl.py): ##################### test rate: 
2026-02-03 23:45:45.137 CET | INFO     | Line   88 (run_experiment_gl.py): 0.8333333333333334
2026-02-03 23:45:45.141 CET | INFO     | Line   89 (run_experiment_gl.py): right classified: 115 out of 138
